<?xml version="1.0" encoding="UTF-8" standalone="no"?>
<galaxy>
    <star blackHole="false" name="Sol" numGasGiants="0" numPlanets="0" size="1.0" temp="100" x="0" y="0">
        <planet DIMID="0" dimMapping="" name="Earth">
            <isKnown>true</isKnown>
            <fogColor>1.0,1.0,1.0</fogColor>
            <skyColor>1.0,1.0,1.0</skyColor>
            <gravitationalMultiplier>100</gravitationalMultiplier>
            <orbitalDistance>100</orbitalDistance>
            <orbitalTheta>0</orbitalTheta>
            <orbitalPhi>0</orbitalPhi>
            <retrograde>false</retrograde>
            <avgTemperature>287</avgTemperature>
            <rotationalPeriod>24000</rotationalPeriod>
            <atmosphereDensity>100</atmosphereDensity>
            <generateCraters>false</generateCraters>
            <generateCaves>false</generateCaves>
            <generateVolcanos>false</generateVolcanos>
            <generateStructures>false</generateStructures>
            <generateGeodes>false</generateGeodes>
            <planet DIMID="3" name="Luna">
                <isKnown>false</isKnown>
                <fogColor>1.0,1.0,1.0</fogColor>
                <skyColor>1.0,1.0,1.0</skyColor>
                <gravitationalMultiplier>16</gravitationalMultiplier>
                <orbitalDistance>150</orbitalDistance>
                <orbitalTheta>0</orbitalTheta>
                <orbitalPhi>0</orbitalPhi>
                <retrograde>false</retrograde>
                <avgTemperature>20</avgTemperature>
                <rotationalPeriod>128000</rotationalPeriod>
                <atmosphereDensity>0</atmosphereDensity>
                <generateCraters>true</generateCraters>
                <generateCaves>false</generateCaves>
                <generateVolcanos>false</generateVolcanos>
                <generateStructures>false</generateStructures>
                <generateGeodes>false</generateGeodes>
                <biomeIds>advancedrocketry:moon;0,advancedrocketry:moondark;0</biomeIds>
            </planet>
        </planet>
        <planet DIMID="16" name="Sol 16">
            <isKnown>false</isKnown>
            <fogColor>1.0,1.0,1.0</fogColor>
            <skyColor>0.8,0.8505504,1.0</skyColor>
            <gravitationalMultiplier>130</gravitationalMultiplier>
            <orbitalDistance>183</orbitalDistance>
            <orbitalTheta>169</orbitalTheta>
            <orbitalPhi>-199</orbitalPhi>
            <retrograde>false</retrograde>
            <avgTemperature>189</avgTemperature>
            <rotationalPeriod>10923</rotationalPeriod>
            <atmosphereDensity>39</atmosphereDensity>
            <generateCraters>true</generateCraters>
            <generateCaves>false</generateCaves>
            <generateVolcanos>false</generateVolcanos>
            <generateStructures>false</generateStructures>
            <generateGeodes>false</generateGeodes>
            <biomeIds>minecraft:mutated_birch_forest;0,minecraft:mutated_savanna_rock;0,advancedrocketry:marsh;0,minecraft:mesa;2000,minecraft:mushroom_island;0</biomeIds>
            <planet DIMID="17" name="Sol 16: 0">
                <isKnown>false</isKnown>
                <fogColor>1.0,1.0,1.0</fogColor>
                <skyColor>0.8,0.76029396,1.0</skyColor>
                <gravitationalMultiplier>78</gravitationalMultiplier>
                <orbitalDistance>189</orbitalDistance>
                <orbitalTheta>28</orbitalTheta>
                <orbitalPhi>-63</orbitalPhi>
                <retrograde>false</retrograde>
                <avgTemperature>186</avgTemperature>
                <rotationalPeriod>50574</rotationalPeriod>
                <atmosphereDensity>17</atmosphereDensity>
                <generateCraters>true</generateCraters>
                <generateCaves>false</generateCaves>
                <generateVolcanos>false</generateVolcanos>
                <generateStructures>false</generateStructures>
                <generateGeodes>false</generateGeodes>
                <biomeIds>advancedrocketry:moon;0,advancedrocketry:moondark;0</biomeIds>
            </planet>
        </planet>
        <planet DIMID="18" name="Sol 18">
            <isKnown>false</isKnown>
            <fogColor>1.0,1.0,1.0</fogColor>
            <skyColor>0.8,0.6671417,0.72746086</skyColor>
            <gravitationalMultiplier>130</gravitationalMultiplier>
            <orbitalDistance>131</orbitalDistance>
            <orbitalTheta>188</orbitalTheta>
            <orbitalPhi>-175</orbitalPhi>
            <retrograde>false</retrograde>
            <avgTemperature>265</avgTemperature>
            <rotationalPeriod>10923</rotationalPeriod>
            <atmosphereDensity>125</atmosphereDensity>
            <generateCraters>false</generateCraters>
            <generateCaves>false</generateCaves>
            <generateVolcanos>false</generateVolcanos>
            <generateStructures>true</generateStructures>
            <generateGeodes>false</generateGeodes>
            <biomeIds>minecraft:mushroom_island;0</biomeIds>
        </planet>
        <planet DIMID="19" name="Sol 19">
            <isKnown>false</isKnown>
            <fogColor>1.0,1.0,1.0</fogColor>
            <skyColor>0.8,0.8387245,0.59473765</skyColor>
            <gravitationalMultiplier>130</gravitationalMultiplier>
            <orbitalDistance>92</orbitalDistance>
            <orbitalTheta>104</orbitalTheta>
            <orbitalPhi>-143</orbitalPhi>
            <retrograde>false</retrograde>
            <avgTemperature>316</avgTemperature>
            <rotationalPeriod>10923</rotationalPeriod>
            <atmosphereDensity>124</atmosphereDensity>
            <generateCraters>false</generateCraters>
            <generateCaves>false</generateCaves>
            <generateVolcanos>false</generateVolcanos>
            <generateStructures>true</generateStructures>
            <generateGeodes>false</generateGeodes>
            <biomeIds>minecraft:mutated_extreme_hills;2000,minecraft:mutated_redwood_taiga;0,minecraft:mesa;2000,minecraft:roofed_forest;0,minecraft:mesa_rock;2000</biomeIds>
            <planet DIMID="20" name="Sol 19: 0">
                <isKnown>false</isKnown>
                <fogColor>1.0,1.0,1.0</fogColor>
                <skyColor>0.8,0.5053308,1.0</skyColor>
                <gravitationalMultiplier>82</gravitationalMultiplier>
                <orbitalDistance>196</orbitalDistance>
                <orbitalTheta>146</orbitalTheta>
                <orbitalPhi>31</orbitalPhi>
                <retrograde>false</retrograde>
                <avgTemperature>182</avgTemperature>
                <rotationalPeriod>43528</rotationalPeriod>
                <atmosphereDensity>31</atmosphereDensity>
                <generateCraters>true</generateCraters>
                <generateCaves>false</generateCaves>
                <generateVolcanos>false</generateVolcanos>
                <generateStructures>false</generateStructures>
                <generateGeodes>false</generateGeodes>
                <biomeIds>minecraft:ice_flats;2000</biomeIds>
            </planet>
            <planet DIMID="21" name="Sol 19: 1">
                <isKnown>false</isKnown>
                <fogColor>1.0,1.0,1.0</fogColor>
                <skyColor>0.8,0.7401193,0.9934474</skyColor>
                <gravitationalMultiplier>84</gravitationalMultiplier>
                <orbitalDistance>163</orbitalDistance>
                <orbitalTheta>64</orbitalTheta>
                <orbitalPhi>4</orbitalPhi>
                <retrograde>false</retrograde>
                <avgTemperature>200</avgTemperature>
                <rotationalPeriod>40492</rotationalPeriod>
                <atmosphereDensity>27</atmosphereDensity>
                <generateCraters>true</generateCraters>
                <generateCaves>false</generateCaves>
                <generateVolcanos>false</generateVolcanos>
                <generateStructures>false</generateStructures>
                <generateGeodes>false</generateGeodes>
                <biomeIds>minecraft:ice_flats;2000</biomeIds>
            </planet>
        </planet>
        <planet DIMID="4" name="Sol 4">
            <isKnown>false</isKnown>
            <GasGiant>true</GasGiant>
            <gas>hydrogen</gas>
            <gas>helium</gas>
            <fogColor>1.0,1.0,1.0</fogColor>
            <skyColor>1.0,1.0,1.0</skyColor>
            <gravitationalMultiplier>130</gravitationalMultiplier>
            <orbitalDistance>223</orbitalDistance>
            <orbitalTheta>0</orbitalTheta>
            <orbitalPhi>0</orbitalPhi>
            <retrograde>false</retrograde>
            <avgTemperature>209</avgTemperature>
            <rotationalPeriod>24000</rotationalPeriod>
            <atmosphereDensity>139</atmosphereDensity>
            <generateCraters>false</generateCraters>
            <generateCaves>false</generateCaves>
            <generateVolcanos>false</generateVolcanos>
            <generateStructures>false</generateStructures>
            <generateGeodes>false</generateGeodes>
            <planet DIMID="5" name="Sol 4: 0">
                <isKnown>false</isKnown>
                <fogColor>1.0,1.0,1.0</fogColor>
                <skyColor>0.8,0.6968409,0.99127865</skyColor>
                <gravitationalMultiplier>43</gravitationalMultiplier>
                <orbitalDistance>182</orbitalDistance>
                <orbitalTheta>311</orbitalTheta>
                <orbitalPhi>-165</orbitalPhi>
                <retrograde>false</retrograde>
                <avgTemperature>189</avgTemperature>
                <rotationalPeriod>301860</rotationalPeriod>
                <atmosphereDensity>35</atmosphereDensity>
                <generateCraters>true</generateCraters>
                <generateCaves>false</generateCaves>
                <generateVolcanos>false</generateVolcanos>
                <generateStructures>false</generateStructures>
                <generateGeodes>false</generateGeodes>
                <biomeIds>buildcraftenergy:oil_desert;0,minecraft:mesa_clear_rock;2000,minecraft:jungle_hills;0,minecraft:savanna_rock;0,minecraft:mutated_redwood_taiga;0</biomeIds>
            </planet>
            <planet DIMID="6" name="Sol 4: 1">
                <isKnown>false</isKnown>
                <fogColor>1.0,1.0,1.0</fogColor>
                <skyColor>0.8,0.69158816,0.94635373</skyColor>
                <gravitationalMultiplier>50</gravitationalMultiplier>
                <orbitalDistance>164</orbitalDistance>
                <orbitalTheta>248</orbitalTheta>
                <orbitalPhi>-245</orbitalPhi>
                <retrograde>false</retrograde>
                <avgTemperature>199</avgTemperature>
                <rotationalPeriod>192000</rotationalPeriod>
                <atmosphereDensity>23</atmosphereDensity>
                <generateCraters>true</generateCraters>
                <generateCaves>false</generateCaves>
                <generateVolcanos>false</generateVolcanos>
                <generateStructures>false</generateStructures>
                <generateGeodes>false</generateGeodes>
                <biomeIds>advancedrocketry:moon;0,advancedrocketry:moondark;0</biomeIds>
            </planet>
            <planet DIMID="7" name="Sol 4: 2">
                <isKnown>false</isKnown>
                <fogColor>1.0,1.0,1.0</fogColor>
                <skyColor>0.8,0.6033175,0.86622286</skyColor>
                <gravitationalMultiplier>40</gravitationalMultiplier>
                <orbitalDistance>108</orbitalDistance>
                <orbitalTheta>160</orbitalTheta>
                <orbitalPhi>-61</orbitalPhi>
                <retrograde>false</retrograde>
                <avgTemperature>246</avgTemperature>
                <rotationalPeriod>375000</rotationalPeriod>
                <atmosphereDensity>16</atmosphereDensity>
                <generateCraters>true</generateCraters>
                <generateCaves>false</generateCaves>
                <generateVolcanos>false</generateVolcanos>
                <generateStructures>false</generateStructures>
                <generateGeodes>false</generateGeodes>
                <biomeIds>advancedrocketry:moon;0,advancedrocketry:moondark;0</biomeIds>
            </planet>
            <planet DIMID="8" name="Sol 4: 3">
                <isKnown>false</isKnown>
                <fogColor>1.0,1.0,1.0</fogColor>
                <skyColor>0.8,0.7154106,0.9061929</skyColor>
                <gravitationalMultiplier>88</gravitationalMultiplier>
                <orbitalDistance>147</orbitalDistance>
                <orbitalTheta>290</orbitalTheta>
                <orbitalPhi>107</orbitalPhi>
                <retrograde>false</retrograde>
                <avgTemperature>211</avgTemperature>
                <rotationalPeriod>35217</rotationalPeriod>
                <atmosphereDensity>21</atmosphereDensity>
                <generateCraters>true</generateCraters>
                <generateCaves>false</generateCaves>
                <generateVolcanos>false</generateVolcanos>
                <generateStructures>false</generateStructures>
                <generateGeodes>false</generateGeodes>
                <biomeIds>advancedrocketry:moon;0,advancedrocketry:moondark;0</biomeIds>
            </planet>
        </planet>
        <planet DIMID="22" name="Sol 22">
            <isKnown>false</isKnown>
            <fogColor>1.0,1.0,1.0</fogColor>
            <skyColor>0.8,0.8302218,0.7032623</skyColor>
            <gravitationalMultiplier>89</gravitationalMultiplier>
            <orbitalDistance>82</orbitalDistance>
            <orbitalTheta>329</orbitalTheta>
            <orbitalPhi>54</orbitalPhi>
            <retrograde>false</retrograde>
            <avgTemperature>282</avgTemperature>
            <rotationalPeriod>33476</rotationalPeriod>
            <atmosphereDensity>44</atmosphereDensity>
            <generateCraters>true</generateCraters>
            <generateCaves>false</generateCaves>
            <generateVolcanos>false</generateVolcanos>
            <generateStructures>false</generateStructures>
            <generateGeodes>false</generateGeodes>
            <biomeIds>minecraft:smaller_extreme_hills;2000,minecraft:mesa;2000,minecraft:ice_mountains;2000,minecraft:mutated_extreme_hills_with_trees;0,advancedrocketry:oceanspires;0</biomeIds>
        </planet>
        <planet DIMID="23" name="Sol 23">
            <isKnown>false</isKnown>
            <fogColor>1.0,1.0,1.0</fogColor>
            <skyColor>0.8,0.5796677,0.79717433</skyColor>
            <gravitationalMultiplier>130</gravitationalMultiplier>
            <orbitalDistance>158</orbitalDistance>
            <orbitalTheta>288</orbitalTheta>
            <orbitalPhi>-13</orbitalPhi>
            <retrograde>false</retrograde>
            <avgTemperature>266</avgTemperature>
            <rotationalPeriod>10923</rotationalPeriod>
            <atmosphereDensity>184</atmosphereDensity>
            <generateCraters>false</generateCraters>
            <generateCaves>false</generateCaves>
            <generateVolcanos>false</generateVolcanos>
            <generateStructures>true</generateStructures>
            <generateGeodes>true</generateGeodes>
            <seaLevel>44</seaLevel>
            <biomeIds>minecraft:mutated_birch_forest_hills;0,randomthings:spectral;0,minecraft:mesa_rock;2000,minecraft:swampland;0,wastelands:wasteland forest;2000</biomeIds>
            <planet DIMID="24" name="Sol 23: 0">
                <isKnown>false</isKnown>
                <fogColor>1.0,1.0,1.0</fogColor>
                <skyColor>0.8,0.89435375,0.9517838</skyColor>
                <gravitationalMultiplier>88</gravitationalMultiplier>
                <orbitalDistance>154</orbitalDistance>
                <orbitalTheta>199</orbitalTheta>
                <orbitalPhi>319</orbitalPhi>
                <retrograde>false</retrograde>
                <avgTemperature>206</avgTemperature>
                <rotationalPeriod>35217</rotationalPeriod>
                <atmosphereDensity>17</atmosphereDensity>
                <generateCraters>true</generateCraters>
                <generateCaves>false</generateCaves>
                <generateVolcanos>false</generateVolcanos>
                <generateStructures>false</generateStructures>
                <generateGeodes>false</generateGeodes>
                <biomeIds>advancedrocketry:moon;0,advancedrocketry:moondark;0</biomeIds>
            </planet>
            <planet DIMID="25" name="Sol 23: 1">
                <isKnown>false</isKnown>
                <fogColor>1.0,1.0,1.0</fogColor>
                <skyColor>0.8,0.59651554,0.8441913</skyColor>
                <gravitationalMultiplier>79</gravitationalMultiplier>
                <orbitalDistance>116</orbitalDistance>
                <orbitalTheta>182</orbitalTheta>
                <orbitalPhi>-302</orbitalPhi>
                <retrograde>false</retrograde>
                <avgTemperature>237</avgTemperature>
                <rotationalPeriod>48677</rotationalPeriod>
                <atmosphereDensity>27</atmosphereDensity>
                <generateCraters>true</generateCraters>
                <generateCaves>false</generateCaves>
                <generateVolcanos>false</generateVolcanos>
                <generateStructures>false</generateStructures>
                <generateGeodes>false</generateGeodes>
                <biomeIds>advancedrocketry:crystalchasms;0,minecraft:mutated_birch_forest;0,minecraft:mutated_redwood_taiga_hills;0,minecraft:jungle_hills;0,minecraft:mesa;2000</biomeIds>
            </planet>
            <planet DIMID="26" name="Sol 23: 2">
                <isKnown>false</isKnown>
                <fogColor>1.0,1.0,1.0</fogColor>
                <skyColor>0.8,0.705246,0.9853278</skyColor>
                <gravitationalMultiplier>74</gravitationalMultiplier>
                <orbitalDistance>183</orbitalDistance>
                <orbitalTheta>187</orbitalTheta>
                <orbitalPhi>-263</orbitalPhi>
                <retrograde>false</retrograde>
                <avgTemperature>189</avgTemperature>
                <rotationalPeriod>59226</rotationalPeriod>
                <atmosphereDensity>20</atmosphereDensity>
                <generateCraters>true</generateCraters>
                <generateCaves>false</generateCaves>
                <generateVolcanos>false</generateVolcanos>
                <generateStructures>false</generateStructures>
                <generateGeodes>false</generateGeodes>
                <biomeIds>advancedrocketry:moon;0,advancedrocketry:moondark;0</biomeIds>
            </planet>
        </planet>
        <planet DIMID="9" name="Sol 9">
            <isKnown>false</isKnown>
            <fogColor>1.0,1.0,1.0</fogColor>
            <skyColor>0.8,0.9657829,0.0</skyColor>
            <gravitationalMultiplier>128</gravitationalMultiplier>
            <orbitalDistance>41</orbitalDistance>
            <orbitalTheta>211</orbitalTheta>
            <orbitalPhi>-252</orbitalPhi>
            <retrograde>false</retrograde>
            <avgTemperature>544</avgTemperature>
            <rotationalPeriod>11311</rotationalPeriod>
            <atmosphereDensity>215</atmosphereDensity>
            <generateCraters>false</generateCraters>
            <generateCaves>false</generateCaves>
            <generateVolcanos>true</generateVolcanos>
            <generateStructures>false</generateStructures>
            <generateGeodes>true</generateGeodes>
            <biomeIds>minecraft:savanna_rock;0,minecraft:desert_hills;2000,minecraft:jungle_edge;0,minecraft:mutated_jungle_edge;0,minecraft:mutated_jungle;0</biomeIds>
            <planet DIMID="10" name="Sol 9: 0">
                <isKnown>false</isKnown>
                <fogColor>1.0,1.0,1.0</fogColor>
                <skyColor>0.8,0.56272864,0.91908586</skyColor>
                <gravitationalMultiplier>60</gravitationalMultiplier>
                <orbitalDistance>137</orbitalDistance>
                <orbitalTheta>173</orbitalTheta>
                <orbitalPhi>-245</orbitalPhi>
                <retrograde>false</retrograde>
                <avgTemperature>218</avgTemperature>
                <rotationalPeriod>111111</rotationalPeriod>
                <atmosphereDensity>24</atmosphereDensity>
                <generateCraters>true</generateCraters>
                <generateCaves>false</generateCaves>
                <generateVolcanos>false</generateVolcanos>
                <generateStructures>false</generateStructures>
                <generateGeodes>false</generateGeodes>
                <biomeIds>advancedrocketry:moon;0,advancedrocketry:moondark;0</biomeIds>
            </planet>
            <planet DIMID="11" name="Sol 9: 1">
                <isKnown>false</isKnown>
                <fogColor>1.0,1.0,1.0</fogColor>
                <skyColor>0.8,0.7776286,1.0</skyColor>
                <gravitationalMultiplier>42</gravitationalMultiplier>
                <orbitalDistance>158</orbitalDistance>
                <orbitalTheta>278</orbitalTheta>
                <orbitalPhi>113</orbitalPhi>
                <retrograde>false</retrograde>
                <avgTemperature>203</avgTemperature>
                <rotationalPeriod>323939</rotationalPeriod>
                <atmosphereDensity>17</atmosphereDensity>
                <generateCraters>true</generateCraters>
                <generateCaves>false</generateCaves>
                <generateVolcanos>false</generateVolcanos>
                <generateStructures>false</generateStructures>
                <generateGeodes>false</generateGeodes>
                <biomeIds>advancedrocketry:moon;0,advancedrocketry:moondark;0</biomeIds>
            </planet>
            <oceanBlock>minecraft:lava</oceanBlock>
        </planet>
        <planet DIMID="27" name="Sol 27">
            <isKnown>false</isKnown>
            <fogColor>1.0,1.0,1.0</fogColor>
            <skyColor>0.8,0.5995015,0.8590367</skyColor>
            <gravitationalMultiplier>96</gravitationalMultiplier>
            <orbitalDistance>133</orbitalDistance>
            <orbitalTheta>243</orbitalTheta>
            <orbitalPhi>-50</orbitalPhi>
            <retrograde>false</retrograde>
            <avgTemperature>224</avgTemperature>
            <rotationalPeriod>26707</rotationalPeriod>
            <atmosphereDensity>65</atmosphereDensity>
            <generateCraters>true</generateCraters>
            <generateCaves>false</generateCaves>
            <generateVolcanos>false</generateVolcanos>
            <generateStructures>false</generateStructures>
            <generateGeodes>false</generateGeodes>
            <biomeIds>wastelands:wasteland mountains;2000,advancedrocketry:crystalchasms;0,minecraft:mutated_roofed_forest;0,minecraft:mutated_forest;0,wastelands:wasteland city;2000</biomeIds>
        </planet>
        <planet DIMID="12" name="Sol 12">
            <isKnown>false</isKnown>
            <fogColor>1.0,1.0,1.0</fogColor>
            <skyColor>0.8,0.95900136,0.63593245</skyColor>
            <gravitationalMultiplier>113</gravitationalMultiplier>
            <orbitalDistance>96</orbitalDistance>
            <orbitalTheta>321</orbitalTheta>
            <orbitalPhi>46</orbitalPhi>
            <retrograde>false</retrograde>
            <avgTemperature>305</avgTemperature>
            <rotationalPeriod>16414</rotationalPeriod>
            <atmosphereDensity>117</atmosphereDensity>
            <generateCraters>false</generateCraters>
            <generateCaves>false</generateCaves>
            <generateVolcanos>false</generateVolcanos>
            <generateStructures>true</generateStructures>
            <generateGeodes>false</generateGeodes>
            <biomeIds>advancedrocketry:volcanicbarren;0</biomeIds>
            <planet DIMID="13" name="Sol 12: 0">
                <isKnown>false</isKnown>
                <fogColor>1.0,1.0,1.0</fogColor>
                <skyColor>0.8,0.60935104,0.82790506</skyColor>
                <gravitationalMultiplier>75</gravitationalMultiplier>
                <orbitalDistance>113</orbitalDistance>
                <orbitalTheta>323</orbitalTheta>
                <orbitalPhi>-178</orbitalPhi>
                <retrograde>false</retrograde>
                <avgTemperature>240</avgTemperature>
                <rotationalPeriod>56888</rotationalPeriod>
                <atmosphereDensity>25</atmosphereDensity>
                <generateCraters>true</generateCraters>
                <generateCaves>false</generateCaves>
                <generateVolcanos>false</generateVolcanos>
                <generateStructures>false</generateStructures>
                <generateGeodes>false</generateGeodes>
                <biomeIds>advancedrocketry:moon;0,advancedrocketry:moondark;0</biomeIds>
            </planet>
            <planet DIMID="14" name="Sol 12: 1">
                <isKnown>false</isKnown>
                <fogColor>1.0,1.0,1.0</fogColor>
                <skyColor>0.8,0.6234634,0.98480153</skyColor>
                <gravitationalMultiplier>47</gravitationalMultiplier>
                <orbitalDistance>171</orbitalDistance>
                <orbitalTheta>340</orbitalTheta>
                <orbitalPhi>-141</orbitalPhi>
                <retrograde>false</retrograde>
                <avgTemperature>195</avgTemperature>
                <rotationalPeriod>231162</rotationalPeriod>
                <atmosphereDensity>37</atmosphereDensity>
                <generateCraters>true</generateCraters>
                <generateCaves>false</generateCaves>
                <generateVolcanos>false</generateVolcanos>
                <generateStructures>false</generateStructures>
                <generateGeodes>false</generateGeodes>
                <biomeIds>minecraft:ice_flats;2000</biomeIds>
            </planet>
            <planet DIMID="15" name="Sol 12: 2">
                <isKnown>false</isKnown>
                <fogColor>1.0,1.0,1.0</fogColor>
                <skyColor>0.8,0.74449575,0.9280039</skyColor>
                <gravitationalMultiplier>60</gravitationalMultiplier>
                <orbitalDistance>141</orbitalDistance>
                <orbitalTheta>275</orbitalTheta>
                <orbitalPhi>-15</orbitalPhi>
                <retrograde>false</retrograde>
                <avgTemperature>215</avgTemperature>
                <rotationalPeriod>111111</rotationalPeriod>
                <atmosphereDensity>29</atmosphereDensity>
                <generateCraters>true</generateCraters>
                <generateCaves>false</generateCaves>
                <generateVolcanos>false</generateVolcanos>
                <generateStructures>false</generateStructures>
                <generateGeodes>false</generateGeodes>
                <biomeIds>randomthings:spectral;0,minecraft:extreme_hills_with_trees;0,wastelands:wasteland desert;2000,minecraft:extreme_hills;2000,wastelands:wasteland mountains;2000</biomeIds>
            </planet>
        </planet>
        <planet DIMID="28" name="Sol 28">
            <isKnown>false</isKnown>
            <fogColor>1.0,1.0,1.0</fogColor>
            <skyColor>0.8,0.71773434,0.6314403</skyColor>
            <gravitationalMultiplier>97</gravitationalMultiplier>
            <orbitalDistance>69</orbitalDistance>
            <orbitalTheta>64</orbitalTheta>
            <orbitalPhi>-9</orbitalPhi>
            <retrograde>false</retrograde>
            <avgTemperature>307</avgTemperature>
            <rotationalPeriod>25893</rotationalPeriod>
            <atmosphereDensity>40</atmosphereDensity>
            <generateCraters>true</generateCraters>
            <generateCaves>false</generateCaves>
            <generateVolcanos>false</generateVolcanos>
            <generateStructures>false</generateStructures>
            <generateGeodes>false</generateGeodes>
            <biomeIds>minecraft:ice_flats;2000</biomeIds>
        </planet>
    </star>
    <star blackHole="false" name="Wolf 12" numGasGiants="0" numPlanets="0" size="1.0" temp="10" x="300" y="-200">
        <planet DIMID="32" name="Wolf 12 32">
            <isKnown>false</isKnown>
            <fogColor>1.0,1.0,1.0</fogColor>
            <skyColor>0.38924026,0.5915493,1.0</skyColor>
            <gravitationalMultiplier>110</gravitationalMultiplier>
            <orbitalDistance>101</orbitalDistance>
            <orbitalTheta>182</orbitalTheta>
            <orbitalPhi>-180</orbitalPhi>
            <retrograde>false</retrograde>
            <avgTemperature>28</avgTemperature>
            <rotationalPeriod>17787</rotationalPeriod>
            <atmosphereDensity>99</atmosphereDensity>
            <generateCraters>false</generateCraters>
            <generateCaves>false</generateCaves>
            <generateVolcanos>false</generateVolcanos>
            <generateStructures>false</generateStructures>
            <generateGeodes>false</generateGeodes>
            <biomeIds>minecraft:jungle;0,minecraft:mesa;2000,minecraft:mutated_plains;0,randomthings:spectral;0,wastelands:wasteland;2000</biomeIds>
        </planet>
        <planet DIMID="33" name="Wolf 12 33">
            <isKnown>false</isKnown>
            <fogColor>1.0,1.0,1.0</fogColor>
            <skyColor>0.28884095,0.999976,1.0</skyColor>
            <gravitationalMultiplier>130</gravitationalMultiplier>
            <orbitalDistance>169</orbitalDistance>
            <orbitalTheta>47</orbitalTheta>
            <orbitalPhi>-285</orbitalPhi>
            <retrograde>false</retrograde>
            <avgTemperature>19</avgTemperature>
            <rotationalPeriod>10923</rotationalPeriod>
            <atmosphereDensity>65</atmosphereDensity>
            <generateCraters>true</generateCraters>
            <generateCaves>false</generateCaves>
            <generateVolcanos>false</generateVolcanos>
            <generateStructures>false</generateStructures>
            <generateGeodes>false</generateGeodes>
            <biomeIds>minecraft:savanna;0,minecraft:roofed_forest;0,minecraft:birch_forest;0,minecraft:desert;2000,minecraft:mutated_extreme_hills;2000</biomeIds>
            <planet DIMID="34" name="Wolf 12 33: 0">
                <isKnown>false</isKnown>
                <hasRings>true</hasRings>
                <ringColor>0.28650725,0.85779345,1.0</ringColor>
                <fogColor>1.0,1.0,1.0</fogColor>
                <skyColor>0.28650725,0.85779345,1.0</skyColor>
                <gravitationalMultiplier>67</gravitationalMultiplier>
                <orbitalDistance>105</orbitalDistance>
                <orbitalTheta>151</orbitalTheta>
                <orbitalPhi>-200</orbitalPhi>
                <retrograde>false</retrograde>
                <avgTemperature>24</avgTemperature>
                <rotationalPeriod>79797</rotationalPeriod>
                <atmosphereDensity>15</atmosphereDensity>
                <generateCraters>true</generateCraters>
                <generateCaves>false</generateCaves>
                <generateVolcanos>false</generateVolcanos>
                <generateStructures>false</generateStructures>
                <generateGeodes>false</generateGeodes>
                <biomeIds>advancedrocketry:moon;0,advancedrocketry:moondark;0</biomeIds>
            </planet>
        </planet>
        <planet DIMID="35" name="Wolf 12 35">
            <isKnown>false</isKnown>
            <fogColor>1.0,1.0,1.0</fogColor>
            <skyColor>0.30727732,0.5396661,1.0</skyColor>
            <gravitationalMultiplier>130</gravitationalMultiplier>
            <orbitalDistance>152</orbitalDistance>
            <orbitalTheta>211</orbitalTheta>
            <orbitalPhi>-284</orbitalPhi>
            <retrograde>false</retrograde>
            <avgTemperature>25</avgTemperature>
            <rotationalPeriod>10923</rotationalPeriod>
            <atmosphereDensity>137</atmosphereDensity>
            <generateCraters>false</generateCraters>
            <generateCaves>false</generateCaves>
            <generateVolcanos>false</generateVolcanos>
            <generateStructures>false</generateStructures>
            <generateGeodes>true</generateGeodes>
            <biomeIds>minecraft:mutated_mesa;2000,minecraft:mutated_redwood_taiga_hills;0,minecraft:roofed_forest;0,buildcraftenergy:oil_ocean;0,wastelands:wasteland;2000</biomeIds>
            <planet DIMID="36" name="Wolf 12 35: 0">
                <isKnown>false</isKnown>
                <fogColor>1.0,1.0,1.0</fogColor>
                <skyColor>0.29312277,0.61849815,1.0</skyColor>
                <gravitationalMultiplier>86</gravitationalMultiplier>
                <orbitalDistance>151</orbitalDistance>
                <orbitalTheta>126</orbitalTheta>
                <orbitalPhi>-261</orbitalPhi>
                <retrograde>false</retrograde>
                <avgTemperature>20</avgTemperature>
                <rotationalPeriod>37732</rotationalPeriod>
                <atmosphereDensity>29</atmosphereDensity>
                <generateCraters>true</generateCraters>
                <generateCaves>false</generateCaves>
                <generateVolcanos>false</generateVolcanos>
                <generateStructures>false</generateStructures>
                <generateGeodes>false</generateGeodes>
                <biomeIds>minecraft:beaches;2000,wastelands:wasteland forest;2000,minecraft:smaller_extreme_hills;2000,randomthings:spectral;0,minecraft:mushroom_island;0</biomeIds>
            </planet>
        </planet>
        <planet DIMID="37" name="Wolf 12 37">
            <isKnown>false</isKnown>
            <fogColor>1.0,1.0,1.0</fogColor>
            <skyColor>0.41954118,0.631216,1.0</skyColor>
            <gravitationalMultiplier>125</gravitationalMultiplier>
            <orbitalDistance>31</orbitalDistance>
            <orbitalTheta>102</orbitalTheta>
            <orbitalPhi>91</orbitalPhi>
            <retrograde>false</retrograde>
            <avgTemperature>51</avgTemperature>
            <rotationalPeriod>12141</rotationalPeriod>
            <atmosphereDensity>96</atmosphereDensity>
            <generateCraters>false</generateCraters>
            <generateCaves>false</generateCaves>
            <generateVolcanos>false</generateVolcanos>
            <generateStructures>false</generateStructures>
            <generateGeodes>false</generateGeodes>
            <biomeIds>wastelands:wasteland forest;2000,minecraft:mesa_clear_rock;2000,minecraft:mushroom_island;0,minecraft:mutated_savanna_rock;0,advancedrocketry:oceanspires;0</biomeIds>
            <planet DIMID="38" name="Wolf 12 37: 0">
                <isKnown>false</isKnown>
                <fogColor>1.0,1.0,1.0</fogColor>
                <skyColor>0.27894366,0.69168866,1.0</skyColor>
                <gravitationalMultiplier>85</gravitationalMultiplier>
                <orbitalDistance>166</orbitalDistance>
                <orbitalTheta>74</orbitalTheta>
                <orbitalPhi>-458</orbitalPhi>
                <retrograde>false</retrograde>
                <avgTemperature>19</avgTemperature>
                <rotationalPeriod>39079</rotationalPeriod>
                <atmosphereDensity>14</atmosphereDensity>
                <generateCraters>true</generateCraters>
                <generateCaves>false</generateCaves>
                <generateVolcanos>false</generateVolcanos>
                <generateStructures>false</generateStructures>
                <generateGeodes>false</generateGeodes>
                <biomeIds>advancedrocketry:moon;0,advancedrocketry:moondark;0</biomeIds>
            </planet>
            <planet DIMID="39" name="Wolf 12 37: 1">
                <isKnown>false</isKnown>
                <fogColor>1.0,1.0,1.0</fogColor>
                <skyColor>0.3544777,0.6830639,1.0</skyColor>
                <gravitationalMultiplier>52</gravitationalMultiplier>
                <orbitalDistance>149</orbitalDistance>
                <orbitalTheta>54</orbitalTheta>
                <orbitalPhi>89</orbitalPhi>
                <retrograde>false</retrograde>
                <avgTemperature>20</avgTemperature>
                <rotationalPeriod>161206</rotationalPeriod>
                <atmosphereDensity>26</atmosphereDensity>
                <generateCraters>true</generateCraters>
                <generateCaves>false</generateCaves>
                <generateVolcanos>false</generateVolcanos>
                <generateStructures>false</generateStructures>
                <generateGeodes>false</generateGeodes>
                <biomeIds>wastelands:wasteland mountains;2000,wastelands:wasteland desert;2000,minecraft:mutated_roofed_forest;0,minecraft:mutated_extreme_hills_with_trees;0,wastelands:wasteland city;2000</biomeIds>
            </planet>
        </planet>
        <planet DIMID="29" name="Wolf 12 29">
            <isKnown>false</isKnown>
            <fogColor>1.0,1.0,1.0</fogColor>
            <skyColor>0.4054687,0.63262534,1.0</skyColor>
            <gravitationalMultiplier>130</gravitationalMultiplier>
            <orbitalDistance>79</orbitalDistance>
            <orbitalTheta>306</orbitalTheta>
            <orbitalPhi>-40</orbitalPhi>
            <retrograde>false</retrograde>
            <avgTemperature>38</avgTemperature>
            <rotationalPeriod>10923</rotationalPeriod>
            <atmosphereDensity>191</atmosphereDensity>
            <generateCraters>false</generateCraters>
            <generateCaves>false</generateCaves>
            <generateVolcanos>false</generateVolcanos>
            <generateStructures>false</generateStructures>
            <generateGeodes>true</generateGeodes>
            <biomeIds>wastelands:wasteland city;2000,minecraft:mutated_desert;2000,minecraft:roofed_forest;0,minecraft:deep_ocean;2000,minecraft:jungle;0</biomeIds>
            <planet DIMID="30" name="Wolf 12 29: 0">
                <isKnown>false</isKnown>
                <fogColor>1.0,1.0,1.0</fogColor>
                <skyColor>0.3341627,0.666,1.0</skyColor>
                <gravitationalMultiplier>78</gravitationalMultiplier>
                <orbitalDistance>138</orbitalDistance>
                <orbitalTheta>313</orbitalTheta>
                <orbitalPhi>-292</orbitalPhi>
                <retrograde>false</retrograde>
                <avgTemperature>21</avgTemperature>
                <rotationalPeriod>50574</rotationalPeriod>
                <atmosphereDensity>35</atmosphereDensity>
                <generateCraters>true</generateCraters>
                <generateCaves>false</generateCaves>
                <generateVolcanos>false</generateVolcanos>
                <generateStructures>false</generateStructures>
                <generateGeodes>false</generateGeodes>
                <biomeIds>minecraft:mutated_forest;0,minecraft:beaches;2000,minecraft:mutated_birch_forest;0,wastelands:wasteland city;2000,minecraft:mushroom_island;0</biomeIds>
            </planet>
            <planet DIMID="31" name="Wolf 12 29: 1">
                <isKnown>false</isKnown>
                <fogColor>1.0,1.0,1.0</fogColor>
                <skyColor>0.35132116,0.56309694,1.0</skyColor>
                <gravitationalMultiplier>44</gravitationalMultiplier>
                <orbitalDistance>165</orbitalDistance>
                <orbitalTheta>264</orbitalTheta>
                <orbitalPhi>316</orbitalPhi>
                <retrograde>false</retrograde>
                <avgTemperature>19</avgTemperature>
                <rotationalPeriod>281743</rotationalPeriod>
                <atmosphereDensity>25</atmosphereDensity>
                <generateCraters>true</generateCraters>
                <generateCaves>false</generateCaves>
                <generateVolcanos>false</generateVolcanos>
                <generateStructures>false</generateStructures>
                <generateGeodes>false</generateGeodes>
                <biomeIds>advancedrocketry:moon;0,advancedrocketry:moondark;0</biomeIds>
            </planet>
        </planet>
    </star>
    <star blackHole="false" name="Epsilon ire" numGasGiants="0" numPlanets="0" size="1.0" temp="170" x="-200" y="80">
        <planet DIMID="51" name="Epsilon ire 51">
            <isKnown>false</isKnown>
            <fogColor>1.0,1.0,1.0</fogColor>
            <skyColor>0.8,0.64358276,0.0</skyColor>
            <gravitationalMultiplier>130</gravitationalMultiplier>
            <orbitalDistance>87</orbitalDistance>
            <orbitalTheta>92</orbitalTheta>
            <orbitalPhi>-94</orbitalPhi>
            <retrograde>false</retrograde>
            <avgTemperature>564</avgTemperature>
            <rotationalPeriod>10923</rotationalPeriod>
            <atmosphereDensity>134</atmosphereDensity>
            <generateCraters>false</generateCraters>
            <generateCaves>false</generateCaves>
            <generateVolcanos>true</generateVolcanos>
            <generateStructures>false</generateStructures>
            <generateGeodes>true</generateGeodes>
            <biomeIds>advancedrocketry:volcanicbarren;0,minecraft:deep_ocean;2000,minecraft:desert_hills;2000,advancedrocketry:marsh;0,buildcraftenergy:oil_desert;0</biomeIds>
            <planet DIMID="52" name="Epsilon ire 51: 0">
                <isKnown>false</isKnown>
                <fogColor>1.0,1.0,1.0</fogColor>
                <skyColor>0.8,0.57447195,0.5538329</skyColor>
                <gravitationalMultiplier>50</gravitationalMultiplier>
                <orbitalDistance>171</orbitalDistance>
                <orbitalTheta>189</orbitalTheta>
                <orbitalPhi>-118</orbitalPhi>
                <retrograde>false</retrograde>
                <avgTemperature>332</avgTemperature>
                <rotationalPeriod>192000</rotationalPeriod>
                <atmosphereDensity>28</atmosphereDensity>
                <generateCraters>true</generateCraters>
                <generateCaves>false</generateCaves>
                <generateVolcanos>false</generateVolcanos>
                <generateStructures>false</generateStructures>
                <generateGeodes>false</generateGeodes>
                <biomeIds>wastelands:wasteland desert;2000,advancedrocketry:marsh;0,randomthings:spectral;0,minecraft:mushroom_island;0,minecraft:mesa;2000</biomeIds>
            </planet>
            <planet DIMID="53" name="Epsilon ire 51: 1">
                <isKnown>false</isKnown>
                <fogColor>1.0,1.0,1.0</fogColor>
                <skyColor>0.8,0.9788476,0.51037645</skyColor>
                <gravitationalMultiplier>67</gravitationalMultiplier>
                <orbitalDistance>159</orbitalDistance>
                <orbitalTheta>31</orbitalTheta>
                <orbitalPhi>-144</orbitalPhi>
                <retrograde>false</retrograde>
                <avgTemperature>344</avgTemperature>
                <rotationalPeriod>79797</rotationalPeriod>
                <atmosphereDensity>16</atmosphereDensity>
                <generateCraters>true</generateCraters>
                <generateCaves>false</generateCaves>
                <generateVolcanos>false</generateVolcanos>
                <generateStructures>false</generateStructures>
                <generateGeodes>false</generateGeodes>
                <biomeIds>advancedrocketry:moon;0,advancedrocketry:moondark;0</biomeIds>
            </planet>
            <oceanBlock>minecraft:lava</oceanBlock>
        </planet>
        <planet DIMID="40" name="Epsilon ire 40">
            <isKnown>false</isKnown>
            <fogColor>1.0,1.0,1.0</fogColor>
            <skyColor>0.8,0.5110024,0.0</skyColor>
            <gravitationalMultiplier>99</gravitationalMultiplier>
            <orbitalDistance>68</orbitalDistance>
            <orbitalTheta>19</orbitalTheta>
            <orbitalPhi>53</orbitalPhi>
            <retrograde>false</retrograde>
            <avgTemperature>670</avgTemperature>
            <rotationalPeriod>24363</rotationalPeriod>
            <atmosphereDensity>163</atmosphereDensity>
            <generateCraters>false</generateCraters>
            <generateCaves>false</generateCaves>
            <generateVolcanos>true</generateVolcanos>
            <generateStructures>false</generateStructures>
            <generateGeodes>true</generateGeodes>
            <biomeIds>advancedrocketry:oceanspires;0,minecraft:mutated_mesa_rock;2000,minecraft:mutated_savanna_rock;0,nuclearcraft:nuclear_wasteland;5,advancedrocketry:volcanicbarren;0</biomeIds>
            <oceanBlock>minecraft:lava</oceanBlock>
        </planet>
        <planet DIMID="41" name="Epsilon ire 41">
            <isKnown>false</isKnown>
            <fogColor>1.0,1.0,1.0</fogColor>
            <skyColor>0.8,0.77087104,0.0</skyColor>
            <gravitationalMultiplier>99</gravitationalMultiplier>
            <orbitalDistance>83</orbitalDistance>
            <orbitalTheta>56</orbitalTheta>
            <orbitalPhi>-46</orbitalPhi>
            <retrograde>false</retrograde>
            <avgTemperature>543</avgTemperature>
            <rotationalPeriod>24363</rotationalPeriod>
            <atmosphereDensity>105</atmosphereDensity>
            <generateCraters>false</generateCraters>
            <generateCaves>false</generateCaves>
            <generateVolcanos>true</generateVolcanos>
            <generateStructures>false</generateStructures>
            <generateGeodes>false</generateGeodes>
            <biomeIds>nuclearcraft:nuclear_wasteland;5,minecraft:mutated_jungle_edge;0,minecraft:mutated_savanna_rock;0,minecraft:savanna_rock;0,minecraft:desert;2000</biomeIds>
            <oceanBlock>minecraft:lava</oceanBlock>
        </planet>
        <planet DIMID="42" name="Epsilon ire 42">
            <isKnown>false</isKnown>
            <fogColor>1.0,1.0,1.0</fogColor>
            <skyColor>0.8,0.95979244,0.42216313</skyColor>
            <gravitationalMultiplier>101</gravitationalMultiplier>
            <orbitalDistance>144</orbitalDistance>
            <orbitalTheta>290</orbitalTheta>
            <orbitalPhi>-292</orbitalPhi>
            <retrograde>false</retrograde>
            <avgTemperature>362</avgTemperature>
            <rotationalPeriod>22951</rotationalPeriod>
            <atmosphereDensity>0</atmosphereDensity>
            <generateCraters>true</generateCraters>
            <generateCaves>false</generateCaves>
            <generateVolcanos>false</generateVolcanos>
            <generateStructures>false</generateStructures>
            <generateGeodes>false</generateGeodes>
            <seaLevel>54</seaLevel>
            <biomeIds>advancedrocketry:moon;0,advancedrocketry:moondark;0</biomeIds>
            <planet DIMID="43" name="Epsilon ire 42: 0">
                <isKnown>false</isKnown>
                <fogColor>1.0,1.0,1.0</fogColor>
                <skyColor>0.8,0.90060526,0.33894503</skyColor>
                <gravitationalMultiplier>26</gravitationalMultiplier>
                <orbitalDistance>131</orbitalDistance>
                <orbitalTheta>119</orbitalTheta>
                <orbitalPhi>-150</orbitalPhi>
                <retrograde>false</retrograde>
                <avgTemperature>379</avgTemperature>
                <rotationalPeriod>1365498</rotationalPeriod>
                <atmosphereDensity>28</atmosphereDensity>
                <generateCraters>true</generateCraters>
                <generateCaves>false</generateCaves>
                <generateVolcanos>false</generateVolcanos>
                <generateStructures>false</generateStructures>
                <generateGeodes>false</generateGeodes>
                <biomeIds>minecraft:mutated_plains;0,minecraft:mutated_extreme_hills;2000,advancedrocketry:oceanspires;0,minecraft:mesa_clear_rock;2000,buildcraftenergy:oil_ocean;0</biomeIds>
            </planet>
            <planet DIMID="44" name="Epsilon ire 42: 1">
                <isKnown>false</isKnown>
                <fogColor>1.0,1.0,1.0</fogColor>
                <skyColor>0.8,0.7592082,0.22847176</skyColor>
                <gravitationalMultiplier>64</gravitationalMultiplier>
                <orbitalDistance>104</orbitalDistance>
                <orbitalTheta>275</orbitalTheta>
                <orbitalPhi>-47</orbitalPhi>
                <retrograde>false</retrograde>
                <avgTemperature>426</avgTemperature>
                <rotationalPeriod>91552</rotationalPeriod>
                <atmosphereDensity>13</atmosphereDensity>
                <generateCraters>true</generateCraters>
                <generateCaves>false</generateCaves>
                <generateVolcanos>false</generateVolcanos>
                <generateStructures>false</generateStructures>
                <generateGeodes>false</generateGeodes>
                <seaLevel>78</seaLevel>
                <biomeIds>advancedrocketry:moon;0,advancedrocketry:moondark;0</biomeIds>
            </planet>
        </planet>
        <planet DIMID="45" name="Epsilon ire 45">
            <isKnown>false</isKnown>
            <fogColor>1.0,1.0,1.0</fogColor>
            <skyColor>0.8,0.6255177,0.17825842</skyColor>
            <gravitationalMultiplier>93</gravitationalMultiplier>
            <orbitalDistance>167</orbitalDistance>
            <orbitalTheta>10</orbitalTheta>
            <orbitalPhi>-285</orbitalPhi>
            <retrograde>false</retrograde>
            <avgTemperature>438</avgTemperature>
            <rotationalPeriod>29361</rotationalPeriod>
            <atmosphereDensity>180</atmosphereDensity>
            <generateCraters>false</generateCraters>
            <generateCaves>false</generateCaves>
            <generateVolcanos>false</generateVolcanos>
            <generateStructures>true</generateStructures>
            <generateGeodes>true</generateGeodes>
            <biomeIds>minecraft:mutated_extreme_hills;2000,advancedrocketry:oceanspires;0,minecraft:mutated_redwood_taiga;0,randomthings:spectral;0,minecraft:mutated_extreme_hills_with_trees;0</biomeIds>
        </planet>
        <planet DIMID="46" name="Epsilon ire 46">
            <isKnown>false</isKnown>
            <fogColor>1.0,1.0,1.0</fogColor>
            <skyColor>0.8,0.99811435,0.0</skyColor>
            <gravitationalMultiplier>100</gravitationalMultiplier>
            <orbitalDistance>34</orbitalDistance>
            <orbitalTheta>316</orbitalTheta>
            <orbitalPhi>-14</orbitalPhi>
            <retrograde>false</retrograde>
            <avgTemperature>745</avgTemperature>
            <rotationalPeriod>23643</rotationalPeriod>
            <atmosphereDensity>58</atmosphereDensity>
            <generateCraters>true</generateCraters>
            <generateCaves>false</generateCaves>
            <generateVolcanos>true</generateVolcanos>
            <generateStructures>false</generateStructures>
            <generateGeodes>false</generateGeodes>
            <biomeIds>nuclearcraft:nuclear_wasteland;5,minecraft:mutated_jungle_edge;0,minecraft:mutated_mesa_clear_rock;2000,minecraft:jungle;0,minecraft:deep_ocean;2000</biomeIds>
            <oceanBlock>minecraft:lava</oceanBlock>
        </planet>
        <planet DIMID="47" name="Epsilon ire 47">
            <isKnown>false</isKnown>
            <fogColor>1.0,1.0,1.0</fogColor>
            <skyColor>0.8,0.74634147,0.12327546</skyColor>
            <gravitationalMultiplier>130</gravitationalMultiplier>
            <orbitalDistance>92</orbitalDistance>
            <orbitalTheta>233</orbitalTheta>
            <orbitalPhi>40</orbitalPhi>
            <retrograde>false</retrograde>
            <avgTemperature>453</avgTemperature>
            <rotationalPeriod>10923</rotationalPeriod>
            <atmosphereDensity>0</atmosphereDensity>
            <generateCraters>true</generateCraters>
            <generateCaves>false</generateCaves>
            <generateVolcanos>true</generateVolcanos>
            <generateStructures>false</generateStructures>
            <generateGeodes>false</generateGeodes>
            <biomeIds>advancedrocketry:moon;0,advancedrocketry:moondark;0</biomeIds>
            <planet DIMID="48" name="Epsilon ire 47: 0">
                <isKnown>false</isKnown>
                <fogColor>1.0,1.0,1.0</fogColor>
                <skyColor>0.8,0.8646381,0.43017113</skyColor>
                <gravitationalMultiplier>84</gravitationalMultiplier>
                <orbitalDistance>136</orbitalDistance>
                <orbitalTheta>39</orbitalTheta>
                <orbitalPhi>89</orbitalPhi>
                <retrograde>false</retrograde>
                <avgTemperature>372</avgTemperature>
                <rotationalPeriod>40492</rotationalPeriod>
                <atmosphereDensity>16</atmosphereDensity>
                <generateCraters>true</generateCraters>
                <generateCaves>false</generateCaves>
                <generateVolcanos>false</generateVolcanos>
                <generateStructures>false</generateStructures>
                <generateGeodes>false</generateGeodes>
                <biomeIds>advancedrocketry:moon;0,advancedrocketry:moondark;0</biomeIds>
            </planet>
            <planet DIMID="49" name="Epsilon ire 47: 1">
                <isKnown>false</isKnown>
                <fogColor>1.0,1.0,1.0</fogColor>
                <skyColor>0.8,0.50824404,0.41895938</skyColor>
                <gravitationalMultiplier>51</gravitationalMultiplier>
                <orbitalDistance>148</orbitalDistance>
                <orbitalTheta>206</orbitalTheta>
                <orbitalPhi>-289</orbitalPhi>
                <retrograde>false</retrograde>
                <avgTemperature>357</avgTemperature>
                <rotationalPeriod>180925</rotationalPeriod>
                <atmosphereDensity>13</atmosphereDensity>
                <generateCraters>true</generateCraters>
                <generateCaves>false</generateCaves>
                <generateVolcanos>false</generateVolcanos>
                <generateStructures>false</generateStructures>
                <generateGeodes>false</generateGeodes>
                <biomeIds>advancedrocketry:moon;0,advancedrocketry:moondark;0</biomeIds>
            </planet>
            <planet DIMID="50" name="Epsilon ire 47: 2">
                <isKnown>false</isKnown>
                <fogColor>1.0,1.0,1.0</fogColor>
                <skyColor>0.8,0.73533964,0.42509836</skyColor>
                <gravitationalMultiplier>74</gravitationalMultiplier>
                <orbitalDistance>131</orbitalDistance>
                <orbitalTheta>70</orbitalTheta>
                <orbitalPhi>-142</orbitalPhi>
                <retrograde>false</retrograde>
                <avgTemperature>379</avgTemperature>
                <rotationalPeriod>59226</rotationalPeriod>
                <atmosphereDensity>19</atmosphereDensity>
                <generateCraters>true</generateCraters>
                <generateCaves>false</generateCaves>
                <generateVolcanos>false</generateVolcanos>
                <generateStructures>false</generateStructures>
                <generateGeodes>false</generateGeodes>
                <biomeIds>advancedrocketry:moon;0,advancedrocketry:moondark;0</biomeIds>
            </planet>
            <oceanBlock>minecraft:lava</oceanBlock>
        </planet>
    </star>
    <star blackHole="false" name="Proxima Centaurs" numGasGiants="0" numPlanets="0" size="1.0" temp="200" x="-150" y="250">
        <planet DIMID="54" name="Proxima Centaurs 54">
            <isKnown>false</isKnown>
            <fogColor>1.0,1.0,1.0</fogColor>
            <skyColor>0.8,0.9911295,0.0</skyColor>
            <gravitationalMultiplier>110</gravitationalMultiplier>
            <orbitalDistance>52</orbitalDistance>
            <orbitalTheta>214</orbitalTheta>
            <orbitalPhi>42</orbitalPhi>
            <retrograde>false</retrograde>
            <avgTemperature>907</avgTemperature>
            <rotationalPeriod>17787</rotationalPeriod>
            <atmosphereDensity>167</atmosphereDensity>
            <generateCraters>false</generateCraters>
            <generateCaves>false</generateCaves>
            <generateVolcanos>true</generateVolcanos>
            <generateStructures>false</generateStructures>
            <generateGeodes>true</generateGeodes>
            <biomeIds>minecraft:mutated_mesa_clear_rock;2000,minecraft:mutated_jungle;0,buildcraftenergy:oil_desert;0,minecraft:deep_ocean;2000,nuclearcraft:nuclear_wasteland;5</biomeIds>
            <planet DIMID="55" name="Proxima Centaurs 54: 0">
                <isKnown>false</isKnown>
                <fogColor>1.0,1.0,1.0</fogColor>
                <skyColor>0.8,0.7957107,0.38198084</skyColor>
                <gravitationalMultiplier>40</gravitationalMultiplier>
                <orbitalDistance>182</orbitalDistance>
                <orbitalTheta>349</orbitalTheta>
                <orbitalPhi>-232</orbitalPhi>
                <retrograde>false</retrograde>
                <avgTemperature>379</avgTemperature>
                <rotationalPeriod>375000</rotationalPeriod>
                <atmosphereDensity>17</atmosphereDensity>
                <generateCraters>true</generateCraters>
                <generateCaves>false</generateCaves>
                <generateVolcanos>false</generateVolcanos>
                <generateStructures>false</generateStructures>
                <generateGeodes>false</generateGeodes>
                <biomeIds>advancedrocketry:moon;0,advancedrocketry:moondark;0</biomeIds>
            </planet>
            <planet DIMID="56" name="Proxima Centaurs 54: 1">
                <isKnown>false</isKnown>
                <fogColor>1.0,1.0,1.0</fogColor>
                <skyColor>0.8,0.780105,0.2927735</skyColor>
                <gravitationalMultiplier>64</gravitationalMultiplier>
                <orbitalDistance>155</orbitalDistance>
                <orbitalTheta>89</orbitalTheta>
                <orbitalPhi>-217</orbitalPhi>
                <retrograde>false</retrograde>
                <avgTemperature>410</avgTemperature>
                <rotationalPeriod>91552</rotationalPeriod>
                <atmosphereDensity>18</atmosphereDensity>
                <generateCraters>true</generateCraters>
                <generateCaves>false</generateCaves>
                <generateVolcanos>false</generateVolcanos>
                <generateStructures>false</generateStructures>
                <generateGeodes>false</generateGeodes>
                <seaLevel>73</seaLevel>
                <biomeIds>advancedrocketry:moon;0,advancedrocketry:moondark;0</biomeIds>
            </planet>
            <oceanBlock>minecraft:lava</oceanBlock>
        </planet>
        <planet DIMID="57" name="Proxima Centaurs 57">
            <isKnown>false</isKnown>
            <fogColor>1.0,1.0,1.0</fogColor>
            <skyColor>0.8,0.6465203,0.0</skyColor>
            <gravitationalMultiplier>130</gravitationalMultiplier>
            <orbitalDistance>87</orbitalDistance>
            <orbitalTheta>66</orbitalTheta>
            <orbitalPhi>72</orbitalPhi>
            <retrograde>false</retrograde>
            <avgTemperature>632</avgTemperature>
            <rotationalPeriod>10923</rotationalPeriod>
            <atmosphereDensity>110</atmosphereDensity>
            <generateCraters>false</generateCraters>
            <generateCaves>false</generateCaves>
            <generateVolcanos>true</generateVolcanos>
            <generateStructures>false</generateStructures>
            <generateGeodes>false</generateGeodes>
            <biomeIds>minecraft:deep_ocean;2000,minecraft:savanna;0,minecraft:frozen_ocean;0,minecraft:desert_hills;2000,minecraft:mutated_desert;2000</biomeIds>
            <oceanBlock>minecraft:lava</oceanBlock>
        </planet>
        <planet DIMID="58" name="Proxima Centaurs 58">
            <isKnown>false</isKnown>
            <fogColor>1.0,1.0,1.0</fogColor>
            <skyColor>0.8,0.506505,0.3655494</skyColor>
            <gravitationalMultiplier>93</gravitationalMultiplier>
            <orbitalDistance>170</orbitalDistance>
            <orbitalTheta>298</orbitalTheta>
            <orbitalPhi>370</orbitalPhi>
            <retrograde>false</retrograde>
            <avgTemperature>392</avgTemperature>
            <rotationalPeriod>29361</rotationalPeriod>
            <atmosphereDensity>19</atmosphereDensity>
            <generateCraters>true</generateCraters>
            <generateCaves>false</generateCaves>
            <generateVolcanos>false</generateVolcanos>
            <generateStructures>false</generateStructures>
            <generateGeodes>false</generateGeodes>
            <biomeIds>advancedrocketry:moon;0,advancedrocketry:moondark;0</biomeIds>
        </planet>
    </star>
    <star blackHole="false" name="Magnis Vulpes" numGasGiants="0" numPlanets="0" size="1.0" temp="70" x="-150" y="-250">
        <planet DIMID="59" name="Magnis Vulpes 59">
            <isKnown>false</isKnown>
            <fogColor>1.0,1.0,1.0</fogColor>
            <skyColor>0.8,0.7799839,0.7723874</skyColor>
            <gravitationalMultiplier>100</gravitationalMultiplier>
            <orbitalDistance>84</orbitalDistance>
            <orbitalTheta>233</orbitalTheta>
            <orbitalPhi>173</orbitalPhi>
            <retrograde>false</retrograde>
            <avgTemperature>265</avgTemperature>
            <rotationalPeriod>23643</rotationalPeriod>
            <atmosphereDensity>212</atmosphereDensity>
            <generateCraters>false</generateCraters>
            <generateCaves>false</generateCaves>
            <generateVolcanos>false</generateVolcanos>
            <generateStructures>false</generateStructures>
            <generateGeodes>true</generateGeodes>
            <biomeIds>minecraft:mushroom_island;0</biomeIds>
            <planet DIMID="60" name="Magnis Vulpes 59: 0">
                <isKnown>false</isKnown>
                <fogColor>1.0,1.0,1.0</fogColor>
                <skyColor>0.6815746,0.89060926,1.0</skyColor>
                <gravitationalMultiplier>43</gravitationalMultiplier>
                <orbitalDistance>157</orbitalDistance>
                <orbitalTheta>195</orbitalTheta>
                <orbitalPhi>69</orbitalPhi>
                <retrograde>false</retrograde>
                <avgTemperature>142</avgTemperature>
                <rotationalPeriod>301860</rotationalPeriod>
                <atmosphereDensity>34</atmosphereDensity>
                <generateCraters>true</generateCraters>
                <generateCaves>false</generateCaves>
                <generateVolcanos>false</generateVolcanos>
                <generateStructures>false</generateStructures>
                <generateGeodes>false</generateGeodes>
                <biomeIds>advancedrocketry:oceanspires;0,minecraft:mutated_mesa_clear_rock;2000,advancedrocketry:crystalchasms;0,minecraft:desert_hills;2000,minecraft:mutated_savanna;0</biomeIds>
            </planet>
            <planet DIMID="61" name="Magnis Vulpes 59: 1">
                <isKnown>false</isKnown>
                <fogColor>1.0,1.0,1.0</fogColor>
                <skyColor>0.6627364,0.6840876,1.0</skyColor>
                <gravitationalMultiplier>73</gravitationalMultiplier>
                <orbitalDistance>173</orbitalDistance>
                <orbitalTheta>293</orbitalTheta>
                <orbitalPhi>15</orbitalPhi>
                <retrograde>false</retrograde>
                <avgTemperature>136</avgTemperature>
                <rotationalPeriod>61693</rotationalPeriod>
                <atmosphereDensity>34</atmosphereDensity>
                <generateCraters>true</generateCraters>
                <generateCaves>false</generateCaves>
                <generateVolcanos>false</generateVolcanos>
                <generateStructures>false</generateStructures>
                <generateGeodes>false</generateGeodes>
                <seaLevel>67</seaLevel>
                <biomeIds>randomthings:spectral;0,minecraft:mutated_redwood_taiga_hills;0,minecraft:mutated_mesa;2000,minecraft:mutated_extreme_hills;2000,minecraft:mutated_birch_forest;0</biomeIds>
            </planet>
        </planet>
        <planet DIMID="62" name="Magnis Vulpes 62">
            <isKnown>false</isKnown>
            <fogColor>1.0,1.0,1.0</fogColor>
            <skyColor>0.8,0.7887522,0.9181299</skyColor>
            <gravitationalMultiplier>99</gravitationalMultiplier>
            <orbitalDistance>89</orbitalDistance>
            <orbitalTheta>359</orbitalTheta>
            <orbitalPhi>57</orbitalPhi>
            <retrograde>false</retrograde>
            <avgTemperature>223</avgTemperature>
            <rotationalPeriod>24363</rotationalPeriod>
            <atmosphereDensity>120</atmosphereDensity>
            <generateCraters>false</generateCraters>
            <generateCaves>false</generateCaves>
            <generateVolcanos>false</generateVolcanos>
            <generateStructures>false</generateStructures>
            <generateGeodes>false</generateGeodes>
            <biomeIds>advancedrocketry:crystalchasms;0</biomeIds>
        </planet>
    </star>
    <star blackHole="false" name="Ma-Roo" numGasGiants="0" numPlanets="0" size="1.0" temp="200" x="50" y="-250">
        <planet DIMID="66" name="Ma-Roo 66">
            <isKnown>false</isKnown>
            <fogColor>1.0,1.0,1.0</fogColor>
            <skyColor>0.8,0.9356985,0.0</skyColor>
            <gravitationalMultiplier>130</gravitationalMultiplier>
            <orbitalDistance>88</orbitalDistance>
            <orbitalTheta>287</orbitalTheta>
            <orbitalPhi>-193</orbitalPhi>
            <retrograde>false</retrograde>
            <avgTemperature>569</avgTemperature>
            <rotationalPeriod>10923</rotationalPeriod>
            <atmosphereDensity>74</atmosphereDensity>
            <generateCraters>true</generateCraters>
            <generateCaves>false</generateCaves>
            <generateVolcanos>true</generateVolcanos>
            <generateStructures>false</generateStructures>
            <generateGeodes>false</generateGeodes>
            <biomeIds>minecraft:mutated_savanna_rock;0,minecraft:mutated_jungle_edge;0,minecraft:frozen_ocean;0,minecraft:savanna;0,minecraft:mutated_mesa_rock;2000</biomeIds>
            <planet DIMID="67" name="Ma-Roo 66: 0">
                <isKnown>false</isKnown>
                <fogColor>1.0,1.0,1.0</fogColor>
                <skyColor>0.8,0.71352094,0.39274698</skyColor>
                <gravitationalMultiplier>49</gravitationalMultiplier>
                <orbitalDistance>184</orbitalDistance>
                <orbitalTheta>315</orbitalTheta>
                <orbitalPhi>-31</orbitalPhi>
                <retrograde>false</retrograde>
                <avgTemperature>377</avgTemperature>
                <rotationalPeriod>203996</rotationalPeriod>
                <atmosphereDensity>28</atmosphereDensity>
                <generateCraters>true</generateCraters>
                <generateCaves>false</generateCaves>
                <generateVolcanos>false</generateVolcanos>
                <generateStructures>false</generateStructures>
                <generateGeodes>false</generateGeodes>
                <biomeIds>minecraft:roofed_forest;0,minecraft:ocean;2000,minecraft:mutated_swampland;0,minecraft:birch_forest;0,wastelands:wasteland mountains;2000</biomeIds>
            </planet>
            <planet DIMID="68" name="Ma-Roo 66: 1">
                <isKnown>false</isKnown>
                <fogColor>1.0,1.0,1.0</fogColor>
                <skyColor>0.8,0.63240695,0.016827941</skyColor>
                <gravitationalMultiplier>81</gravitationalMultiplier>
                <orbitalDistance>105</orbitalDistance>
                <orbitalTheta>205</orbitalTheta>
                <orbitalPhi>-16</orbitalPhi>
                <retrograde>false</retrograde>
                <avgTemperature>499</avgTemperature>
                <rotationalPeriod>45160</rotationalPeriod>
                <atmosphereDensity>14</atmosphereDensity>
                <generateCraters>true</generateCraters>
                <generateCaves>false</generateCaves>
                <generateVolcanos>true</generateVolcanos>
                <generateStructures>false</generateStructures>
                <generateGeodes>false</generateGeodes>
                <biomeIds>advancedrocketry:moon;0,advancedrocketry:moondark;0</biomeIds>
                <oceanBlock>minecraft:lava</oceanBlock>
            </planet>
            <oceanBlock>minecraft:lava</oceanBlock>
        </planet>
        <planet DIMID="69" name="Ma-Roo 69">
            <isKnown>false</isKnown>
            <fogColor>1.0,1.0,1.0</fogColor>
            <skyColor>0.8,0.55586934,0.14318228</skyColor>
            <gravitationalMultiplier>93</gravitationalMultiplier>
            <orbitalDistance>120</orbitalDistance>
            <orbitalTheta>72</orbitalTheta>
            <orbitalPhi>104</orbitalPhi>
            <retrograde>false</retrograde>
            <avgTemperature>467</avgTemperature>
            <rotationalPeriod>29361</rotationalPeriod>
            <atmosphereDensity>44</atmosphereDensity>
            <generateCraters>true</generateCraters>
            <generateCaves>false</generateCaves>
            <generateVolcanos>true</generateVolcanos>
            <generateStructures>false</generateStructures>
            <generateGeodes>false</generateGeodes>
            <seaLevel>47</seaLevel>
            <biomeIds>advancedrocketry:volcanicbarren;0,minecraft:mutated_desert;2000,minecraft:jungle_edge;0,minecraft:frozen_ocean;0,minecraft:mutated_savanna;0</biomeIds>
            <oceanBlock>minecraft:lava</oceanBlock>
        </planet>
        <planet DIMID="70" name="Ma-Roo 70">
            <isKnown>false</isKnown>
            <fogColor>1.0,1.0,1.0</fogColor>
            <skyColor>0.8,0.5853176,0.0</skyColor>
            <gravitationalMultiplier>123</gravitationalMultiplier>
            <orbitalDistance>147</orbitalDistance>
            <orbitalTheta>275</orbitalTheta>
            <orbitalPhi>-29</orbitalPhi>
            <retrograde>false</retrograde>
            <avgTemperature>506</avgTemperature>
            <rotationalPeriod>12741</rotationalPeriod>
            <atmosphereDensity>130</atmosphereDensity>
            <generateCraters>false</generateCraters>
            <generateCaves>false</generateCaves>
            <generateVolcanos>true</generateVolcanos>
            <generateStructures>false</generateStructures>
            <generateGeodes>true</generateGeodes>
            <biomeIds>minecraft:mutated_mesa_rock;2000,nuclearcraft:nuclear_wasteland;5,buildcraftenergy:oil_ocean;0,minecraft:mutated_jungle;0,minecraft:desert_hills;2000</biomeIds>
            <oceanBlock>minecraft:lava</oceanBlock>
        </planet>
        <planet DIMID="71" name="Ma-Roo 71">
            <isKnown>false</isKnown>
            <fogColor>1.0,1.0,1.0</fogColor>
            <skyColor>0.8,0.6583814,0.0</skyColor>
            <gravitationalMultiplier>130</gravitationalMultiplier>
            <orbitalDistance>84</orbitalDistance>
            <orbitalTheta>72</orbitalTheta>
            <orbitalPhi>-174</orbitalPhi>
            <retrograde>false</retrograde>
            <avgTemperature>624</avgTemperature>
            <rotationalPeriod>10923</rotationalPeriod>
            <atmosphereDensity>98</atmosphereDensity>
            <generateCraters>false</generateCraters>
            <generateCaves>false</generateCaves>
            <generateVolcanos>true</generateVolcanos>
            <generateStructures>false</generateStructures>
            <generateGeodes>false</generateGeodes>
            <biomeIds>minecraft:desert;2000,minecraft:savanna_rock;0,minecraft:mutated_mesa;2000,buildcraftenergy:oil_ocean;0,advancedrocketry:oceanspires;0</biomeIds>
            <oceanBlock>minecraft:lava</oceanBlock>
        </planet>
        <planet DIMID="72" name="Ma-Roo 72">
            <isKnown>false</isKnown>
            <fogColor>1.0,1.0,1.0</fogColor>
            <skyColor>0.8,0.61142504,0.123125255</skyColor>
            <gravitationalMultiplier>130</gravitationalMultiplier>
            <orbitalDistance>129</orbitalDistance>
            <orbitalTheta>95</orbitalTheta>
            <orbitalPhi>-82</orbitalPhi>
            <retrograde>false</retrograde>
            <avgTemperature>450</avgTemperature>
            <rotationalPeriod>10923</rotationalPeriod>
            <atmosphereDensity>22</atmosphereDensity>
            <generateCraters>true</generateCraters>
            <generateCaves>false</generateCaves>
            <generateVolcanos>false</generateVolcanos>
            <generateStructures>false</generateStructures>
            <generateGeodes>false</generateGeodes>
            <biomeIds>advancedrocketry:moon;0,advancedrocketry:moondark;0</biomeIds>
            <planet DIMID="73" name="Ma-Roo 72: 0">
                <isKnown>false</isKnown>
                <fogColor>1.0,1.0,1.0</fogColor>
                <skyColor>0.8,0.87707424,0.0</skyColor>
                <gravitationalMultiplier>65</gravitationalMultiplier>
                <orbitalDistance>103</orbitalDistance>
                <orbitalTheta>289</orbitalTheta>
                <orbitalPhi>-105</orbitalPhi>
                <retrograde>false</retrograde>
                <avgTemperature>504</avgTemperature>
                <rotationalPeriod>87391</rotationalPeriod>
                <atmosphereDensity>22</atmosphereDensity>
                <generateCraters>true</generateCraters>
                <generateCaves>false</generateCaves>
                <generateVolcanos>true</generateVolcanos>
                <generateStructures>false</generateStructures>
                <generateGeodes>false</generateGeodes>
                <biomeIds>advancedrocketry:moon;0,advancedrocketry:moondark;0</biomeIds>
                <oceanBlock>minecraft:lava</oceanBlock>
            </planet>
            <planet DIMID="74" name="Ma-Roo 72: 1">
                <isKnown>false</isKnown>
                <fogColor>1.0,1.0,1.0</fogColor>
                <skyColor>0.8,0.6885818,0.33240134</skyColor>
                <gravitationalMultiplier>62</gravitationalMultiplier>
                <orbitalDistance>163</orbitalDistance>
                <orbitalTheta>178</orbitalTheta>
                <orbitalPhi>6</orbitalPhi>
                <retrograde>false</retrograde>
                <avgTemperature>400</avgTemperature>
                <rotationalPeriod>100701</rotationalPeriod>
                <atmosphereDensity>22</atmosphereDensity>
                <generateCraters>true</generateCraters>
                <generateCaves>false</generateCaves>
                <generateVolcanos>false</generateVolcanos>
                <generateStructures>false</generateStructures>
                <generateGeodes>false</generateGeodes>
                <biomeIds>advancedrocketry:moon;0,advancedrocketry:moondark;0</biomeIds>
            </planet>
            <planet DIMID="75" name="Ma-Roo 72: 2">
                <isKnown>false</isKnown>
                <fogColor>1.0,1.0,1.0</fogColor>
                <skyColor>0.8,0.69447076,0.33187097</skyColor>
                <gravitationalMultiplier>88</gravitationalMultiplier>
                <orbitalDistance>167</orbitalDistance>
                <orbitalTheta>54</orbitalTheta>
                <orbitalPhi>-321</orbitalPhi>
                <retrograde>false</retrograde>
                <avgTemperature>395</avgTemperature>
                <rotationalPeriod>35217</rotationalPeriod>
                <atmosphereDensity>13</atmosphereDensity>
                <generateCraters>true</generateCraters>
                <generateCaves>false</generateCaves>
                <generateVolcanos>false</generateVolcanos>
                <generateStructures>false</generateStructures>
                <generateGeodes>false</generateGeodes>
                <biomeIds>advancedrocketry:moon;0,advancedrocketry:moondark;0</biomeIds>
            </planet>
        </planet>
        <planet DIMID="63" name="Ma-Roo 63">
            <isKnown>false</isKnown>
            <fogColor>1.0,1.0,1.0</fogColor>
            <skyColor>0.8,0.9125732,0.0</skyColor>
            <gravitationalMultiplier>130</gravitationalMultiplier>
            <orbitalDistance>93</orbitalDistance>
            <orbitalTheta>315</orbitalTheta>
            <orbitalPhi>-671</orbitalPhi>
            <retrograde>false</retrograde>
            <avgTemperature>687</avgTemperature>
            <rotationalPeriod>10923</rotationalPeriod>
            <atmosphereDensity>176</atmosphereDensity>
            <generateCraters>false</generateCraters>
            <generateCaves>false</generateCaves>
            <generateVolcanos>true</generateVolcanos>
            <generateStructures>false</generateStructures>
            <generateGeodes>true</generateGeodes>
            <biomeIds>minecraft:jungle;0,minecraft:deep_ocean;2000,minecraft:jungle_hills;0,minecraft:mutated_mesa;2000,minecraft:savanna_rock;0</biomeIds>
            <planet DIMID="64" name="Ma-Roo 63: 0">
                <isKnown>false</isKnown>
                <fogColor>1.0,1.0,1.0</fogColor>
                <skyColor>0.8,0.91127264,0.23387545</skyColor>
                <gravitationalMultiplier>75</gravitationalMultiplier>
                <orbitalDistance>154</orbitalDistance>
                <orbitalTheta>160</orbitalTheta>
                <orbitalPhi>-344</orbitalPhi>
                <retrograde>false</retrograde>
                <avgTemperature>412</avgTemperature>
                <rotationalPeriod>56888</rotationalPeriod>
                <atmosphereDensity>17</atmosphereDensity>
                <generateCraters>true</generateCraters>
                <generateCaves>false</generateCaves>
                <generateVolcanos>false</generateVolcanos>
                <generateStructures>false</generateStructures>
                <generateGeodes>false</generateGeodes>
                <biomeIds>advancedrocketry:moon;0,advancedrocketry:moondark;0</biomeIds>
            </planet>
            <planet DIMID="65" name="Ma-Roo 63: 1">
                <isKnown>false</isKnown>
                <fogColor>1.0,1.0,1.0</fogColor>
                <skyColor>0.8,0.81173635,0.2733683</skyColor>
                <gravitationalMultiplier>54</gravitationalMultiplier>
                <orbitalDistance>148</orbitalDistance>
                <orbitalTheta>131</orbitalTheta>
                <orbitalPhi>-140</orbitalPhi>
                <retrograde>false</retrograde>
                <avgTemperature>420</avgTemperature>
                <rotationalPeriod>152415</rotationalPeriod>
                <atmosphereDensity>31</atmosphereDensity>
                <generateCraters>true</generateCraters>
                <generateCaves>false</generateCaves>
                <generateVolcanos>false</generateVolcanos>
                <generateStructures>false</generateStructures>
                <generateGeodes>false</generateGeodes>
                <biomeIds>minecraft:extreme_hills;2000</biomeIds>
            </planet>
            <oceanBlock>minecraft:lava</oceanBlock>
        </planet>
    </star>
    <star blackHole="false" name="Alykitt" numGasGiants="0" numPlanets="0" size="1.0" temp="120" x="75" y="200">
        <planet DIMID="81" name="Alykitt 81">
            <isKnown>false</isKnown>
            <fogColor>1.0,1.0,1.0</fogColor>
            <skyColor>0.8,0.9495288,0.12539333</skyColor>
            <gravitationalMultiplier>130</gravitationalMultiplier>
            <orbitalDistance>65</orbitalDistance>
            <orbitalTheta>211</orbitalTheta>
            <orbitalPhi>-43</orbitalPhi>
            <retrograde>false</retrograde>
            <avgTemperature>467</avgTemperature>
            <rotationalPeriod>10923</rotationalPeriod>
            <atmosphereDensity>142</atmosphereDensity>
            <generateCraters>false</generateCraters>
            <generateCaves>false</generateCaves>
            <generateVolcanos>true</generateVolcanos>
            <generateStructures>false</generateStructures>
            <generateGeodes>true</generateGeodes>
            <biomeIds>advancedrocketry:oceanspires;0,minecraft:savanna;0,minecraft:desert;2000,minecraft:mutated_savanna;0,nuclearcraft:nuclear_wasteland;5</biomeIds>
            <planet DIMID="82" name="Alykitt 81: 0">
                <isKnown>false</isKnown>
                <fogColor>1.0,1.0,1.0</fogColor>
                <skyColor>0.8,0.75514525,0.7932956</skyColor>
                <gravitationalMultiplier>52</gravitationalMultiplier>
                <orbitalDistance>148</orbitalDistance>
                <orbitalTheta>132</orbitalTheta>
                <orbitalPhi>-239</orbitalPhi>
                <retrograde>false</retrograde>
                <avgTemperature>252</avgTemperature>
                <rotationalPeriod>161206</rotationalPeriod>
                <atmosphereDensity>31</atmosphereDensity>
                <generateCraters>true</generateCraters>
                <generateCaves>false</generateCaves>
                <generateVolcanos>false</generateVolcanos>
                <generateStructures>false</generateStructures>
                <generateGeodes>false</generateGeodes>
                <biomeIds>minecraft:desert;2000,minecraft:mutated_savanna;0,minecraft:extreme_hills_with_trees;0,wastelands:wasteland forest;2000,minecraft:mutated_jungle;0</biomeIds>
            </planet>
            <planet DIMID="83" name="Alykitt 81: 1">
                <isKnown>false</isKnown>
                <fogColor>1.0,1.0,1.0</fogColor>
                <skyColor>0.8,0.85160846,0.9194834</skyColor>
                <gravitationalMultiplier>60</gravitationalMultiplier>
                <orbitalDistance>183</orbitalDistance>
                <orbitalTheta>99</orbitalTheta>
                <orbitalPhi>-551</orbitalPhi>
                <retrograde>false</retrograde>
                <avgTemperature>226</avgTemperature>
                <rotationalPeriod>111111</rotationalPeriod>
                <atmosphereDensity>23</atmosphereDensity>
                <generateCraters>true</generateCraters>
                <generateCaves>false</generateCaves>
                <generateVolcanos>false</generateVolcanos>
                <generateStructures>false</generateStructures>
                <generateGeodes>false</generateGeodes>
                <biomeIds>advancedrocketry:moon;0,advancedrocketry:moondark;0</biomeIds>
            </planet>
            <planet DIMID="84" name="Alykitt 81: 2">
                <isKnown>false</isKnown>
                <fogColor>1.0,1.0,1.0</fogColor>
                <skyColor>0.8,0.53354746,0.8530751</skyColor>
                <gravitationalMultiplier>68</gravitationalMultiplier>
                <orbitalDistance>167</orbitalDistance>
                <orbitalTheta>53</orbitalTheta>
                <orbitalPhi>-150</orbitalPhi>
                <retrograde>false</retrograde>
                <avgTemperature>237</avgTemperature>
                <rotationalPeriod>76328</rotationalPeriod>
                <atmosphereDensity>28</atmosphereDensity>
                <generateCraters>true</generateCraters>
                <generateCaves>false</generateCaves>
                <generateVolcanos>false</generateVolcanos>
                <generateStructures>false</generateStructures>
                <generateGeodes>false</generateGeodes>
                <biomeIds>wastelands:wasteland forest;2000,minecraft:deep_ocean;2000,minecraft:mutated_plains;0,minecraft:stone_beach;2000,buildcraftenergy:oil_ocean;0</biomeIds>
            </planet>
            <oceanBlock>minecraft:lava</oceanBlock>
        </planet>
        <planet DIMID="85" name="Alykitt 85">
            <isKnown>false</isKnown>
            <fogColor>1.0,1.0,1.0</fogColor>
            <skyColor>0.8,0.5773026,0.28524965</skyColor>
            <gravitationalMultiplier>123</gravitationalMultiplier>
            <orbitalDistance>86</orbitalDistance>
            <orbitalTheta>140</orbitalTheta>
            <orbitalPhi>-81</orbitalPhi>
            <retrograde>false</retrograde>
            <avgTemperature>397</avgTemperature>
            <rotationalPeriod>12741</rotationalPeriod>
            <atmosphereDensity>130</atmosphereDensity>
            <generateCraters>false</generateCraters>
            <generateCaves>false</generateCaves>
            <generateVolcanos>false</generateVolcanos>
            <generateStructures>true</generateStructures>
            <generateGeodes>true</generateGeodes>
            <biomeIds>advancedrocketry:volcanicbarren;0,minecraft:forest_hills;0,minecraft:mutated_swampland;0,advancedrocketry:crystalchasms;0,minecraft:mutated_roofed_forest;0</biomeIds>
            <planet DIMID="86" name="Alykitt 85: 0">
                <isKnown>false</isKnown>
                <fogColor>1.0,1.0,1.0</fogColor>
                <skyColor>0.8,0.85386515,0.7305852</skyColor>
                <gravitationalMultiplier>71</gravitationalMultiplier>
                <orbitalDistance>118</orbitalDistance>
                <orbitalTheta>234</orbitalTheta>
                <orbitalPhi>-242</orbitalPhi>
                <retrograde>false</retrograde>
                <avgTemperature>282</avgTemperature>
                <rotationalPeriod>67055</rotationalPeriod>
                <atmosphereDensity>37</atmosphereDensity>
                <generateCraters>true</generateCraters>
                <generateCaves>false</generateCaves>
                <generateVolcanos>false</generateVolcanos>
                <generateStructures>false</generateStructures>
                <generateGeodes>false</generateGeodes>
                <biomeIds>minecraft:mushroom_island;0</biomeIds>
            </planet>
        </planet>
        <planet DIMID="87" name="Alykitt 87">
            <isKnown>false</isKnown>
            <fogColor>1.0,1.0,1.0</fogColor>
            <skyColor>0.8,0.53080326,0.75445974</skyColor>
            <gravitationalMultiplier>121</gravitationalMultiplier>
            <orbitalDistance>157</orbitalDistance>
            <orbitalTheta>192</orbitalTheta>
            <orbitalPhi>-196</orbitalPhi>
            <retrograde>false</retrograde>
            <avgTemperature>258</avgTemperature>
            <rotationalPeriod>13380</rotationalPeriod>
            <atmosphereDensity>77</atmosphereDensity>
            <generateCraters>false</generateCraters>
            <generateCaves>false</generateCaves>
            <generateVolcanos>false</generateVolcanos>
            <generateStructures>true</generateStructures>
            <generateGeodes>false</generateGeodes>
            <biomeIds>minecraft:mesa_rock;2000,minecraft:roofed_forest;0,wastelands:wasteland forest;2000,advancedrocketry:crystalchasms;0,nuclearcraft:nuclear_wasteland;5</biomeIds>
        </planet>
        <planet DIMID="76" name="Alykitt 76">
            <isKnown>false</isKnown>
            <GasGiant>true</GasGiant>
            <gas>hydrogen</gas>
            <gas>helium</gas>
            <fogColor>1.0,1.0,1.0</fogColor>
            <skyColor>1.0,1.0,1.0</skyColor>
            <gravitationalMultiplier>130</gravitationalMultiplier>
            <orbitalDistance>225</orbitalDistance>
            <orbitalTheta>0</orbitalTheta>
            <orbitalPhi>0</orbitalPhi>
            <retrograde>false</retrograde>
            <avgTemperature>242</avgTemperature>
            <rotationalPeriod>24000</rotationalPeriod>
            <atmosphereDensity>124</atmosphereDensity>
            <generateCraters>false</generateCraters>
            <generateCaves>false</generateCaves>
            <generateVolcanos>false</generateVolcanos>
            <generateStructures>false</generateStructures>
            <generateGeodes>false</generateGeodes>
            <planet DIMID="80" name="Alykitt 76: 3">
                <isKnown>false</isKnown>
                <fogColor>1.0,1.0,1.0</fogColor>
                <skyColor>0.8,0.5437616,0.8290068</skyColor>
                <gravitationalMultiplier>86</gravitationalMultiplier>
                <orbitalDistance>138</orbitalDistance>
                <orbitalTheta>286</orbitalTheta>
                <orbitalPhi>-145</orbitalPhi>
                <retrograde>false</retrograde>
                <avgTemperature>261</avgTemperature>
                <rotationalPeriod>37732</rotationalPeriod>
                <atmosphereDensity>35</atmosphereDensity>
                <generateCraters>true</generateCraters>
                <generateCaves>false</generateCaves>
                <generateVolcanos>false</generateVolcanos>
                <generateStructures>false</generateStructures>
                <generateGeodes>false</generateGeodes>
                <biomeIds>minecraft:ice_flats;2000</biomeIds>
            </planet>
            <planet DIMID="77" name="Alykitt 76: 0">
                <isKnown>false</isKnown>
                <fogColor>1.0,1.0,1.0</fogColor>
                <skyColor>0.8,0.75834846,0.81773376</skyColor>
                <gravitationalMultiplier>81</gravitationalMultiplier>
                <orbitalDistance>166</orbitalDistance>
                <orbitalTheta>323</orbitalTheta>
                <orbitalPhi>-113</orbitalPhi>
                <retrograde>false</retrograde>
                <avgTemperature>238</avgTemperature>
                <rotationalPeriod>45160</rotationalPeriod>
                <atmosphereDensity>28</atmosphereDensity>
                <generateCraters>true</generateCraters>
                <generateCaves>false</generateCaves>
                <generateVolcanos>false</generateVolcanos>
                <generateStructures>false</generateStructures>
                <generateGeodes>false</generateGeodes>
                <biomeIds>minecraft:mutated_roofed_forest;0,advancedrocketry:oceanspires;0,minecraft:mesa;2000,advancedrocketry:crystalchasms;0,minecraft:extreme_hills_with_trees;0</biomeIds>
            </planet>
            <planet DIMID="78" name="Alykitt 76: 1">
                <isKnown>false</isKnown>
                <fogColor>1.0,1.0,1.0</fogColor>
                <skyColor>0.8,0.7433076,0.83598804</skyColor>
                <gravitationalMultiplier>43</gravitationalMultiplier>
                <orbitalDistance>145</orbitalDistance>
                <orbitalTheta>133</orbitalTheta>
                <orbitalPhi>-1</orbitalPhi>
                <retrograde>false</retrograde>
                <avgTemperature>254</avgTemperature>
                <rotationalPeriod>301860</rotationalPeriod>
                <atmosphereDensity>27</atmosphereDensity>
                <generateCraters>true</generateCraters>
                <generateCaves>false</generateCaves>
                <generateVolcanos>false</generateVolcanos>
                <generateStructures>false</generateStructures>
                <generateGeodes>false</generateGeodes>
                <biomeIds>minecraft:roofed_forest;0,advancedrocketry:oceanspires;0,minecraft:smaller_extreme_hills;2000,minecraft:mutated_roofed_forest;0,minecraft:mutated_extreme_hills_with_trees;0</biomeIds>
            </planet>
            <planet DIMID="79" name="Alykitt 76: 2">
                <isKnown>false</isKnown>
                <fogColor>1.0,1.0,1.0</fogColor>
                <skyColor>0.8,0.6632946,0.88292885</skyColor>
                <gravitationalMultiplier>86</gravitationalMultiplier>
                <orbitalDistance>168</orbitalDistance>
                <orbitalTheta>290</orbitalTheta>
                <orbitalPhi>-66</orbitalPhi>
                <retrograde>false</retrograde>
                <avgTemperature>236</avgTemperature>
                <rotationalPeriod>37732</rotationalPeriod>
                <atmosphereDensity>37</atmosphereDensity>
                <generateCraters>true</generateCraters>
                <generateCaves>false</generateCaves>
                <generateVolcanos>false</generateVolcanos>
                <generateStructures>false</generateStructures>
                <generateGeodes>false</generateGeodes>
                <biomeIds>advancedrocketry:crystalchasms;0</biomeIds>
            </planet>
        </planet>
    </star>
</galaxy>
