<?xml version="1.0" encoding="UTF-8" standalone="no"?>
<galaxy>
    <star blackHole="false" name="Sol" numGasGiants="0" numPlanets="0" size="1.0" temp="100" x="0" y="0">
        <planet DIMID="0" dimMapping="" name="Earth">
            <isKnown>true</isKnown>
            <fogColor>1.0,1.0,1.0</fogColor>
            <skyColor>1.0,1.0,1.0</skyColor>
            <gravitationalMultiplier>100</gravitationalMultiplier>
            <orbitalDistance>100</orbitalDistance>
            <orbitalTheta>0</orbitalTheta>
            <orbitalPhi>0</orbitalPhi>
            <avgTemperature>287</avgTemperature>
            <rotationalPeriod>24000</rotationalPeriod>
            <atmosphereDensity>100</atmosphereDensity>
            <generateCraters>false</generateCraters>
            <generateVolcanos>false</generateVolcanos>
            <generateStructures>false</generateStructures>
            <generateGeodes>false</generateGeodes>
            <planet DIMID="3" name="Luna">
                <isKnown>false</isKnown>
                <fogColor>1.0,1.0,1.0</fogColor>
                <skyColor>1.0,1.0,1.0</skyColor>
                <gravitationalMultiplier>16</gravitationalMultiplier>
                <orbitalDistance>150</orbitalDistance>
                <orbitalTheta>0</orbitalTheta>
                <orbitalPhi>10</orbitalPhi>
                <avgTemperature>255</avgTemperature>
                <rotationalPeriod>128000</rotationalPeriod>
                <atmosphereDensity>0</atmosphereDensity>
                <generateCraters>true</generateCraters>
                <generateVolcanos>false</generateVolcanos>
                <generateStructures>false</generateStructures>
                <generateGeodes>false</generateGeodes>
                <craterFrequencyMultiplier>1.0</craterFrequencyMultiplier>
                <biomeIds>advancedrocketry:moon,advancedrocketry:moondark</biomeIds>
            </planet>
        </planet>
        <planet DIMID="19" name="Sol-19">
            <isKnown>false</isKnown>
            <fogColor>1.0,1.0,1.0</fogColor>
            <skyColor>0.8,0.8681102,0.77099323</skyColor>
            <gravitationalMultiplier>130</gravitationalMultiplier>
            <orbitalDistance>133</orbitalDistance>
            <orbitalTheta>156</orbitalTheta>
            <orbitalPhi>-144</orbitalPhi>
            <avgTemperature>249</avgTemperature>
            <rotationalPeriod>10923</rotationalPeriod>
            <atmosphereDensity>144</atmosphereDensity>
            <generateCraters>false</generateCraters>
            <generateVolcanos>false</generateVolcanos>
            <generateStructures>false</generateStructures>
            <generateGeodes>true</generateGeodes>
            <geodefrequencyMultiplier>1.0</geodefrequencyMultiplier>
            <biomeIds>minecraft:mesa_rock,minecraft:mutated_plains,nuclearcraft:nuclear_wasteland,minecraft:mutated_savanna_rock,minecraft:desert_hills</biomeIds>
            <planet DIMID="20" name="Sol-19: 0">
                <isKnown>false</isKnown>
                <fogColor>1.0,1.0,1.0</fogColor>
                <skyColor>0.8,0.78455937,0.9578814</skyColor>
                <gravitationalMultiplier>58</gravitationalMultiplier>
                <orbitalDistance>131</orbitalDistance>
                <orbitalTheta>145</orbitalTheta>
                <orbitalPhi>-66</orbitalPhi>
                <avgTemperature>223</avgTemperature>
                <rotationalPeriod>123006</rotationalPeriod>
                <atmosphereDensity>33</atmosphereDensity>
                <generateCraters>true</generateCraters>
                <generateVolcanos>false</generateVolcanos>
                <generateStructures>false</generateStructures>
                <generateGeodes>false</generateGeodes>
                <craterFrequencyMultiplier>1.0</craterFrequencyMultiplier>
                <biomeIds>minecraft:ice_flats</biomeIds>
            </planet>
            <planet DIMID="21" name="Sol-19: 1">
                <isKnown>false</isKnown>
                <fogColor>1.0,1.0,1.0</fogColor>
                <skyColor>0.8,0.79300344,0.9760102</skyColor>
                <gravitationalMultiplier>58</gravitationalMultiplier>
                <orbitalDistance>148</orbitalDistance>
                <orbitalTheta>160</orbitalTheta>
                <orbitalPhi>307</orbitalPhi>
                <avgTemperature>210</avgTemperature>
                <rotationalPeriod>123006</rotationalPeriod>
                <atmosphereDensity>34</atmosphereDensity>
                <generateCraters>true</generateCraters>
                <generateVolcanos>false</generateVolcanos>
                <generateStructures>false</generateStructures>
                <generateGeodes>false</generateGeodes>
                <craterFrequencyMultiplier>1.0</craterFrequencyMultiplier>
                <biomeIds>minecraft:mutated_plains,minecraft:mutated_jungle,minecraft:mutated_redwood_taiga_hills,minecraft:mutated_birch_forest,minecraft:mesa_rock</biomeIds>
            </planet>
            <planet DIMID="22" name="Sol-19: 2">
                <isKnown>false</isKnown>
                <fogColor>1.0,1.0,1.0</fogColor>
                <skyColor>0.8,0.7316085,0.80426</skyColor>
                <gravitationalMultiplier>72</gravitationalMultiplier>
                <orbitalDistance>112</orbitalDistance>
                <orbitalTheta>97</orbitalTheta>
                <orbitalPhi>-83</orbitalPhi>
                <avgTemperature>241</avgTemperature>
                <rotationalPeriod>64300</rotationalPeriod>
                <atmosphereDensity>20</atmosphereDensity>
                <generateCraters>true</generateCraters>
                <generateVolcanos>false</generateVolcanos>
                <generateStructures>false</generateStructures>
                <generateGeodes>false</generateGeodes>
                <craterFrequencyMultiplier>1.0</craterFrequencyMultiplier>
                <seaLevel>73</seaLevel>
                <biomeIds>advancedrocketry:moon,advancedrocketry:moondark</biomeIds>
                <oceanBlock>advancedrocketry:oxygenfluid</oceanBlock>
            </planet>
        </planet>
        <planet DIMID="4" name="Sol-4">
            <isKnown>false</isKnown>
            <GasGiant>true</GasGiant>
            <gas>hydrogen</gas>
            <gas>nitrogen</gas>
            <gas>oxygen</gas>
            <fogColor>1.0,1.0,1.0</fogColor>
            <skyColor>1.0,1.0,1.0</skyColor>
            <gravitationalMultiplier>99</gravitationalMultiplier>
            <orbitalDistance>229</orbitalDistance>
            <orbitalTheta>0</orbitalTheta>
            <orbitalPhi>0</orbitalPhi>
            <avgTemperature>190</avgTemperature>
            <rotationalPeriod>24000</rotationalPeriod>
            <atmosphereDensity>172</atmosphereDensity>
            <generateCraters>false</generateCraters>
            <generateVolcanos>false</generateVolcanos>
            <generateStructures>false</generateStructures>
            <generateGeodes>false</generateGeodes>
        </planet>
        <planet DIMID="5" name="Sol-5">
            <isKnown>false</isKnown>
            <fogColor>1.0,1.0,1.0</fogColor>
            <skyColor>0.8,0.8328594,0.04374683</skyColor>
            <gravitationalMultiplier>119</gravitationalMultiplier>
            <orbitalDistance>36</orbitalDistance>
            <orbitalTheta>194</orbitalTheta>
            <orbitalPhi>50</orbitalPhi>
            <avgTemperature>479</avgTemperature>
            <rotationalPeriod>14241</rotationalPeriod>
            <atmosphereDensity>196</atmosphereDensity>
            <generateCraters>false</generateCraters>
            <generateVolcanos>true</generateVolcanos>
            <generateStructures>false</generateStructures>
            <generateGeodes>true</generateGeodes>
            <volcanoFrequencyMultiplier>1.0</volcanoFrequencyMultiplier>
            <geodefrequencyMultiplier>1.0</geodefrequencyMultiplier>
            <biomeIds>advancedrocketry:hotdryrock,advancedrocketry:volcanic,advancedrocketry:volcanicbarren</biomeIds>
            <oceanBlock>minecraft:lava</oceanBlock>
        </planet>
        <planet DIMID="6" name="Sol-6">
            <isKnown>false</isKnown>
            <fogColor>1.0,1.0,1.0</fogColor>
            <skyColor>0.8,0.7848215,0.96971685</skyColor>
            <gravitationalMultiplier>116</gravitationalMultiplier>
            <orbitalDistance>174</orbitalDistance>
            <orbitalTheta>153</orbitalTheta>
            <orbitalPhi>-62</orbitalPhi>
            <avgTemperature>218</avgTemperature>
            <rotationalPeriod>15375</rotationalPeriod>
            <atmosphereDensity>147</atmosphereDensity>
            <generateCraters>false</generateCraters>
            <generateVolcanos>false</generateVolcanos>
            <generateStructures>false</generateStructures>
            <generateGeodes>true</generateGeodes>
            <geodefrequencyMultiplier>1.0</geodefrequencyMultiplier>
            <biomeIds>minecraft:birch_forest,minecraft:mesa_rock,minecraft:mutated_savanna,minecraft:mutated_birch_forest_hills,minecraft:birch_forest_hills</biomeIds>
            <planet DIMID="7" name="Sol-6: 0">
                <isKnown>false</isKnown>
                <fogColor>1.0,1.0,1.0</fogColor>
                <skyColor>0.8,0.6318938,0.82095695</skyColor>
                <gravitationalMultiplier>45</gravitationalMultiplier>
                <orbitalDistance>114</orbitalDistance>
                <orbitalTheta>32</orbitalTheta>
                <orbitalPhi>-2</orbitalPhi>
                <avgTemperature>239</avgTemperature>
                <rotationalPeriod>263374</rotationalPeriod>
                <atmosphereDensity>15</atmosphereDensity>
                <generateCraters>true</generateCraters>
                <generateVolcanos>false</generateVolcanos>
                <generateStructures>false</generateStructures>
                <generateGeodes>false</generateGeodes>
                <craterFrequencyMultiplier>1.0</craterFrequencyMultiplier>
                <biomeIds>advancedrocketry:moon,advancedrocketry:moondark</biomeIds>
            </planet>
            <planet DIMID="8" name="Sol-6: 1">
                <isKnown>false</isKnown>
                <fogColor>1.0,1.0,1.0</fogColor>
                <skyColor>0.8,0.7139877,0.8159846</skyColor>
                <gravitationalMultiplier>42</gravitationalMultiplier>
                <orbitalDistance>97</orbitalDistance>
                <orbitalTheta>320</orbitalTheta>
                <orbitalPhi>-33</orbitalPhi>
                <avgTemperature>259</avgTemperature>
                <rotationalPeriod>323939</rotationalPeriod>
                <atmosphereDensity>26</atmosphereDensity>
                <generateCraters>true</generateCraters>
                <generateVolcanos>false</generateVolcanos>
                <generateStructures>false</generateStructures>
                <generateGeodes>false</generateGeodes>
                <craterFrequencyMultiplier>1.0</craterFrequencyMultiplier>
                <biomeIds>advancedrocketry:crystalchasms</biomeIds>
            </planet>
            <planet DIMID="9" name="Sol-6: 2">
                <isKnown>false</isKnown>
                <fogColor>1.0,1.0,1.0</fogColor>
                <skyColor>0.8,0.88607824,0.96118355</skyColor>
                <gravitationalMultiplier>37</gravitationalMultiplier>
                <orbitalDistance>171</orbitalDistance>
                <orbitalTheta>348</orbitalTheta>
                <orbitalPhi>6</orbitalPhi>
                <avgTemperature>195</avgTemperature>
                <rotationalPeriod>473812</rotationalPeriod>
                <atmosphereDensity>20</atmosphereDensity>
                <generateCraters>true</generateCraters>
                <generateVolcanos>false</generateVolcanos>
                <generateStructures>false</generateStructures>
                <generateGeodes>false</generateGeodes>
                <craterFrequencyMultiplier>1.0</craterFrequencyMultiplier>
                <seaLevel>77</seaLevel>
                <biomeIds>advancedrocketry:moon,advancedrocketry:moondark</biomeIds>
                <oceanBlock>advancedrocketry:oxygenfluid</oceanBlock>
            </planet>
        </planet>
        <planet DIMID="23" name="Sol-23">
            <isKnown>false</isKnown>
            <hasRings>true</hasRings>
            <ringColor>0.8,0.62517166,0.0</ringColor>
            <fogColor>1.0,1.0,1.0</fogColor>
            <skyColor>0.8,0.62517166,0.0</skyColor>
            <gravitationalMultiplier>130</gravitationalMultiplier>
            <orbitalDistance>2</orbitalDistance>
            <orbitalTheta>40</orbitalTheta>
            <orbitalPhi>-238</orbitalPhi>
            <avgTemperature>1809</avgTemperature>
            <rotationalPeriod>10923</rotationalPeriod>
            <atmosphereDensity>31</atmosphereDensity>
            <generateCraters>true</generateCraters>
            <generateVolcanos>true</generateVolcanos>
            <generateStructures>false</generateStructures>
            <generateGeodes>false</generateGeodes>
            <craterFrequencyMultiplier>1.0</craterFrequencyMultiplier>
            <volcanoFrequencyMultiplier>1.0</volcanoFrequencyMultiplier>
            <biomeIds>advancedrocketry:hotdryrock,advancedrocketry:volcanic,advancedrocketry:volcanicbarren</biomeIds>
            <oceanBlock>minecraft:lava</oceanBlock>
        </planet>
        <planet DIMID="10" name="Sol-10">
            <isKnown>false</isKnown>
            <fogColor>1.0,1.0,1.0</fogColor>
            <skyColor>0.8,0.54927826,0.8877951</skyColor>
            <gravitationalMultiplier>130</gravitationalMultiplier>
            <orbitalDistance>123</orbitalDistance>
            <orbitalTheta>213</orbitalTheta>
            <orbitalPhi>182</orbitalPhi>
            <avgTemperature>230</avgTemperature>
            <rotationalPeriod>10923</rotationalPeriod>
            <atmosphereDensity>0</atmosphereDensity>
            <generateCraters>true</generateCraters>
            <generateVolcanos>false</generateVolcanos>
            <generateStructures>false</generateStructures>
            <generateGeodes>false</generateGeodes>
            <craterFrequencyMultiplier>1.0</craterFrequencyMultiplier>
            <biomeIds>advancedrocketry:moon,advancedrocketry:moondark</biomeIds>
        </planet>
        <planet DIMID="11" name="Sol-11">
            <isKnown>false</isKnown>
            <fogColor>1.0,1.0,1.0</fogColor>
            <skyColor>0.8,0.78590155,0.80239457</skyColor>
            <gravitationalMultiplier>130</gravitationalMultiplier>
            <orbitalDistance>142</orbitalDistance>
            <orbitalTheta>137</orbitalTheta>
            <orbitalPhi>-42</orbitalPhi>
            <avgTemperature>241</avgTemperature>
            <rotationalPeriod>10923</rotationalPeriod>
            <atmosphereDensity>180</atmosphereDensity>
            <generateCraters>false</generateCraters>
            <generateVolcanos>false</generateVolcanos>
            <generateStructures>false</generateStructures>
            <generateGeodes>true</generateGeodes>
            <geodefrequencyMultiplier>1.0</geodefrequencyMultiplier>
            <biomeIds>nuclearcraft:nuclear_wasteland,wastelands:wasteland desert,minecraft:jungle_hills,minecraft:mutated_extreme_hills_with_trees,advancedrocketry:oceanspires</biomeIds>
            <planet DIMID="12" name="Sol-11: 0">
                <isKnown>false</isKnown>
                <fogColor>1.0,1.0,1.0</fogColor>
                <skyColor>0.8,0.93880177,1.0</skyColor>
                <gravitationalMultiplier>77</gravitationalMultiplier>
                <orbitalDistance>170</orbitalDistance>
                <orbitalTheta>296</orbitalTheta>
                <orbitalPhi>-66</orbitalPhi>
                <avgTemperature>196</avgTemperature>
                <rotationalPeriod>52570</rotationalPeriod>
                <atmosphereDensity>32</atmosphereDensity>
                <generateCraters>true</generateCraters>
                <generateVolcanos>false</generateVolcanos>
                <generateStructures>false</generateStructures>
                <generateGeodes>false</generateGeodes>
                <craterFrequencyMultiplier>1.0</craterFrequencyMultiplier>
                <biomeIds>minecraft:ice_flats</biomeIds>
            </planet>
        </planet>
        <planet DIMID="13" name="Sol-13">
            <isKnown>false</isKnown>
            <fogColor>1.0,1.0,1.0</fogColor>
            <skyColor>0.8,0.94040704,0.56296223</skyColor>
            <gravitationalMultiplier>98</gravitationalMultiplier>
            <orbitalDistance>59</orbitalDistance>
            <orbitalTheta>210</orbitalTheta>
            <orbitalPhi>18</orbitalPhi>
            <avgTemperature>333</avgTemperature>
            <rotationalPeriod>25499</rotationalPeriod>
            <atmosphereDensity>73</atmosphereDensity>
            <generateCraters>true</generateCraters>
            <generateVolcanos>false</generateVolcanos>
            <generateStructures>false</generateStructures>
            <generateGeodes>false</generateGeodes>
            <craterFrequencyMultiplier>1.0</craterFrequencyMultiplier>
            <biomeIds>buildcraftenergy:oil_ocean,minecraft:desert,minecraft:mutated_jungle,minecraft:desert_hills,minecraft:frozen_ocean</biomeIds>
        </planet>
        <planet DIMID="14" name="Sol-14">
            <isKnown>false</isKnown>
            <fogColor>1.0,1.0,1.0</fogColor>
            <skyColor>0.8,0.772833,0.96644855</skyColor>
            <gravitationalMultiplier>130</gravitationalMultiplier>
            <orbitalDistance>140</orbitalDistance>
            <orbitalTheta>249</orbitalTheta>
            <orbitalPhi>-257</orbitalPhi>
            <avgTemperature>216</avgTemperature>
            <rotationalPeriod>10923</rotationalPeriod>
            <atmosphereDensity>67</atmosphereDensity>
            <generateCraters>true</generateCraters>
            <generateVolcanos>false</generateVolcanos>
            <generateStructures>false</generateStructures>
            <generateGeodes>false</generateGeodes>
            <craterFrequencyMultiplier>1.0</craterFrequencyMultiplier>
            <biomeIds>minecraft:forest,wastelands:wasteland,minecraft:mesa_clear_rock,minecraft:mutated_swampland,minecraft:savanna_rock</biomeIds>
        </planet>
        <planet DIMID="15" name="Sol-15">
            <isKnown>false</isKnown>
            <fogColor>1.0,1.0,1.0</fogColor>
            <skyColor>0.8,0.92424,0.9326911</skyColor>
            <gravitationalMultiplier>111</gravitationalMultiplier>
            <orbitalDistance>163</orbitalDistance>
            <orbitalTheta>214</orbitalTheta>
            <orbitalPhi>-421</orbitalPhi>
            <avgTemperature>225</avgTemperature>
            <rotationalPeriod>17548</rotationalPeriod>
            <atmosphereDensity>159</atmosphereDensity>
            <generateCraters>false</generateCraters>
            <generateVolcanos>false</generateVolcanos>
            <generateStructures>false</generateStructures>
            <generateGeodes>true</generateGeodes>
            <geodefrequencyMultiplier>1.0</geodefrequencyMultiplier>
            <biomeIds>minecraft:jungle,minecraft:mutated_jungle,minecraft:mutated_mesa_clear_rock,minecraft:mutated_jungle_edge,wastelands:wasteland mountains</biomeIds>
            <planet DIMID="16" name="Sol-15: 0">
                <isKnown>false</isKnown>
                <fogColor>1.0,1.0,1.0</fogColor>
                <skyColor>0.8,0.9311917,0.8614369</skyColor>
                <gravitationalMultiplier>34</gravitationalMultiplier>
                <orbitalDistance>114</orbitalDistance>
                <orbitalTheta>94</orbitalTheta>
                <orbitalPhi>-4</orbitalPhi>
                <avgTemperature>239</avgTemperature>
                <rotationalPeriod>610624</rotationalPeriod>
                <atmosphereDensity>26</atmosphereDensity>
                <generateCraters>true</generateCraters>
                <generateVolcanos>false</generateVolcanos>
                <generateStructures>false</generateStructures>
                <generateGeodes>false</generateGeodes>
                <craterFrequencyMultiplier>1.0</craterFrequencyMultiplier>
                <biomeIds>nuclearcraft:nuclear_wasteland,minecraft:deep_ocean,minecraft:birch_forest_hills,advancedrocketry:marsh,minecraft:mutated_desert</biomeIds>
            </planet>
            <planet DIMID="17" name="Sol-15: 1">
                <isKnown>false</isKnown>
                <fogColor>1.0,1.0,1.0</fogColor>
                <skyColor>0.8,0.66238105,1.0</skyColor>
                <gravitationalMultiplier>54</gravitationalMultiplier>
                <orbitalDistance>167</orbitalDistance>
                <orbitalTheta>163</orbitalTheta>
                <orbitalPhi>-141</orbitalPhi>
                <avgTemperature>197</avgTemperature>
                <rotationalPeriod>152415</rotationalPeriod>
                <atmosphereDensity>36</atmosphereDensity>
                <generateCraters>true</generateCraters>
                <generateVolcanos>false</generateVolcanos>
                <generateStructures>false</generateStructures>
                <generateGeodes>false</generateGeodes>
                <craterFrequencyMultiplier>1.0</craterFrequencyMultiplier>
                <biomeIds>advancedrocketry:crystalchasms</biomeIds>
            </planet>
            <planet DIMID="18" name="Sol-15: 2">
                <isKnown>false</isKnown>
                <fogColor>1.0,1.0,1.0</fogColor>
                <skyColor>0.8,0.96617967,0.8731743</skyColor>
                <gravitationalMultiplier>63</gravitationalMultiplier>
                <orbitalDistance>110</orbitalDistance>
                <orbitalTheta>163</orbitalTheta>
                <orbitalPhi>138</orbitalPhi>
                <avgTemperature>243</avgTemperature>
                <rotationalPeriod>95981</rotationalPeriod>
                <atmosphereDensity>28</atmosphereDensity>
                <generateCraters>true</generateCraters>
                <generateVolcanos>false</generateVolcanos>
                <generateStructures>false</generateStructures>
                <generateGeodes>false</generateGeodes>
                <craterFrequencyMultiplier>1.0</craterFrequencyMultiplier>
                <biomeIds>minecraft:ice_flats</biomeIds>
            </planet>
        </planet>
    </star>
    <star blackHole="false" name="Wolf 12" numGasGiants="0" numPlanets="0" size="1.0" temp="10" x="300" y="-200">
        <planet DIMID="32" name="Sol-32">
            <isKnown>false</isKnown>
            <fogColor>1.0,1.0,1.0</fogColor>
            <skyColor>0.61185706,0.6791898,1.0</skyColor>
            <gravitationalMultiplier>130</gravitationalMultiplier>
            <orbitalDistance>8</orbitalDistance>
            <orbitalTheta>217</orbitalTheta>
            <orbitalPhi>-85</orbitalPhi>
            <avgTemperature>101</avgTemperature>
            <rotationalPeriod>10923</rotationalPeriod>
            <atmosphereDensity>114</atmosphereDensity>
            <generateCraters>false</generateCraters>
            <generateVolcanos>false</generateVolcanos>
            <generateStructures>false</generateStructures>
            <generateGeodes>false</generateGeodes>
            <biomeIds>minecraft:mutated_swampland,buildcraftenergy:oil_ocean,nuclearcraft:nuclear_wasteland,randomthings:spectral,minecraft:mutated_extreme_hills</biomeIds>
            <planet DIMID="33" name="Sol-32: 0">
                <isKnown>false</isKnown>
                <fogColor>1.0,1.0,1.0</fogColor>
                <skyColor>0.37704122,0.532995,1.0</skyColor>
                <gravitationalMultiplier>52</gravitationalMultiplier>
                <orbitalDistance>105</orbitalDistance>
                <orbitalTheta>13</orbitalTheta>
                <orbitalPhi>244</orbitalPhi>
                <avgTemperature>24</avgTemperature>
                <rotationalPeriod>170687</rotationalPeriod>
                <atmosphereDensity>30</atmosphereDensity>
                <generateCraters>true</generateCraters>
                <generateVolcanos>false</generateVolcanos>
                <generateStructures>false</generateStructures>
                <generateGeodes>false</generateGeodes>
                <craterFrequencyMultiplier>1.0</craterFrequencyMultiplier>
                <biomeIds>minecraft:mushroom_island_shore,minecraft:mutated_birch_forest_hills,minecraft:jungle_edge,minecraft:mutated_savanna,randomthings:spectral</biomeIds>
            </planet>
            <planet DIMID="34" name="Sol-32: 1">
                <isKnown>false</isKnown>
                <fogColor>1.0,1.0,1.0</fogColor>
                <skyColor>0.27492023,0.5265142,1.0</skyColor>
                <gravitationalMultiplier>77</gravitationalMultiplier>
                <orbitalDistance>136</orbitalDistance>
                <orbitalTheta>6</orbitalTheta>
                <orbitalPhi>-198</orbitalPhi>
                <avgTemperature>21</avgTemperature>
                <rotationalPeriod>52570</rotationalPeriod>
                <atmosphereDensity>23</atmosphereDensity>
                <generateCraters>true</generateCraters>
                <generateVolcanos>false</generateVolcanos>
                <generateStructures>false</generateStructures>
                <generateGeodes>false</generateGeodes>
                <craterFrequencyMultiplier>1.0</craterFrequencyMultiplier>
                <biomeIds>advancedrocketry:moon,advancedrocketry:moondark</biomeIds>
            </planet>
        </planet>
        <planet DIMID="24" name="Sol-24">
            <isKnown>false</isKnown>
            <fogColor>1.0,1.0,1.0</fogColor>
            <skyColor>0.50155914,0.7453438,1.0</skyColor>
            <gravitationalMultiplier>101</gravitationalMultiplier>
            <orbitalDistance>26</orbitalDistance>
            <orbitalTheta>238</orbitalTheta>
            <orbitalPhi>-276</orbitalPhi>
            <avgTemperature>67</avgTemperature>
            <rotationalPeriod>23294</rotationalPeriod>
            <atmosphereDensity>202</atmosphereDensity>
            <generateCraters>false</generateCraters>
            <generateVolcanos>false</generateVolcanos>
            <generateStructures>false</generateStructures>
            <generateGeodes>true</generateGeodes>
            <geodefrequencyMultiplier>1.0</geodefrequencyMultiplier>
            <biomeIds>minecraft:extreme_hills_with_trees,minecraft:mutated_savanna,minecraft:mutated_jungle,minecraft:jungle_edge,minecraft:desert_hills</biomeIds>
        </planet>
        <planet DIMID="25" name="Sol-25">
            <isKnown>false</isKnown>
            <fogColor>1.0,1.0,1.0</fogColor>
            <skyColor>0.29145622,0.7197741,1.0</skyColor>
            <gravitationalMultiplier>88</gravitationalMultiplier>
            <orbitalDistance>150</orbitalDistance>
            <orbitalTheta>121</orbitalTheta>
            <orbitalPhi>-273</orbitalPhi>
            <avgTemperature>20</avgTemperature>
            <rotationalPeriod>35217</rotationalPeriod>
            <atmosphereDensity>69</atmosphereDensity>
            <generateCraters>true</generateCraters>
            <generateVolcanos>false</generateVolcanos>
            <generateStructures>false</generateStructures>
            <generateGeodes>false</generateGeodes>
            <craterFrequencyMultiplier>1.0</craterFrequencyMultiplier>
            <biomeIds>minecraft:birch_forest,minecraft:mutated_extreme_hills,minecraft:mutated_forest,minecraft:mutated_mesa,minecraft:roofed_forest</biomeIds>
        </planet>
        <planet DIMID="26" name="Sol-26">
            <isKnown>false</isKnown>
            <fogColor>1.0,1.0,1.0</fogColor>
            <skyColor>0.33915138,0.7979032,1.0</skyColor>
            <gravitationalMultiplier>130</gravitationalMultiplier>
            <orbitalDistance>181</orbitalDistance>
            <orbitalTheta>266</orbitalTheta>
            <orbitalPhi>-4</orbitalPhi>
            <avgTemperature>19</avgTemperature>
            <rotationalPeriod>10923</rotationalPeriod>
            <atmosphereDensity>65</atmosphereDensity>
            <generateCraters>true</generateCraters>
            <generateVolcanos>false</generateVolcanos>
            <generateStructures>false</generateStructures>
            <generateGeodes>false</generateGeodes>
            <craterFrequencyMultiplier>1.0</craterFrequencyMultiplier>
            <biomeIds>minecraft:mutated_redwood_taiga_hills,minecraft:birch_forest_hills,minecraft:jungle_hills,minecraft:mutated_redwood_taiga,minecraft:mutated_swampland</biomeIds>
            <planet DIMID="27" name="Sol-26: 0">
                <isKnown>false</isKnown>
                <fogColor>1.0,1.0,1.0</fogColor>
                <skyColor>0.31830168,0.830776,1.0</skyColor>
                <gravitationalMultiplier>50</gravitationalMultiplier>
                <orbitalDistance>103</orbitalDistance>
                <orbitalTheta>39</orbitalTheta>
                <orbitalPhi>-149</orbitalPhi>
                <avgTemperature>25</avgTemperature>
                <rotationalPeriod>192000</rotationalPeriod>
                <atmosphereDensity>34</atmosphereDensity>
                <generateCraters>true</generateCraters>
                <generateVolcanos>false</generateVolcanos>
                <generateStructures>false</generateStructures>
                <generateGeodes>false</generateGeodes>
                <craterFrequencyMultiplier>1.0</craterFrequencyMultiplier>
                <biomeIds>minecraft:mushroom_island_shore,minecraft:birch_forest,minecraft:smaller_extreme_hills,wastelands:wasteland forest,minecraft:mutated_birch_forest_hills</biomeIds>
            </planet>
        </planet>
        <planet DIMID="28" name="Sol-28">
            <isKnown>false</isKnown>
            <fogColor>1.0,1.0,1.0</fogColor>
            <skyColor>0.3647223,0.6185887,1.0</skyColor>
            <gravitationalMultiplier>130</gravitationalMultiplier>
            <orbitalDistance>136</orbitalDistance>
            <orbitalTheta>307</orbitalTheta>
            <orbitalPhi>-5</orbitalPhi>
            <avgTemperature>24</avgTemperature>
            <rotationalPeriod>10923</rotationalPeriod>
            <atmosphereDensity>124</atmosphereDensity>
            <generateCraters>false</generateCraters>
            <generateVolcanos>false</generateVolcanos>
            <generateStructures>false</generateStructures>
            <generateGeodes>false</generateGeodes>
            <biomeIds>minecraft:desert,minecraft:mushroom_island_shore,minecraft:mutated_savanna,minecraft:mutated_savanna_rock,minecraft:mutated_forest</biomeIds>
            <planet DIMID="29" name="Sol-28: 0">
                <isKnown>false</isKnown>
                <fogColor>1.0,1.0,1.0</fogColor>
                <skyColor>0.3653617,0.6717426,1.0</skyColor>
                <gravitationalMultiplier>57</gravitationalMultiplier>
                <orbitalDistance>126</orbitalDistance>
                <orbitalTheta>140</orbitalTheta>
                <orbitalPhi>-31</orbitalPhi>
                <avgTemperature>22</avgTemperature>
                <rotationalPeriod>129594</rotationalPeriod>
                <atmosphereDensity>22</atmosphereDensity>
                <generateCraters>true</generateCraters>
                <generateVolcanos>false</generateVolcanos>
                <generateStructures>false</generateStructures>
                <generateGeodes>false</generateGeodes>
                <craterFrequencyMultiplier>1.0</craterFrequencyMultiplier>
                <biomeIds>advancedrocketry:moon,advancedrocketry:moondark</biomeIds>
            </planet>
            <planet DIMID="30" name="Sol-28: 1">
                <isKnown>false</isKnown>
                <hasRings>true</hasRings>
                <ringColor>0.2774526,0.54332185,1.0</ringColor>
                <fogColor>1.0,1.0,1.0</fogColor>
                <skyColor>0.2774526,0.54332185,1.0</skyColor>
                <gravitationalMultiplier>78</gravitationalMultiplier>
                <orbitalDistance>149</orbitalDistance>
                <orbitalTheta>156</orbitalTheta>
                <orbitalPhi>298</orbitalPhi>
                <avgTemperature>20</avgTemperature>
                <rotationalPeriod>50574</rotationalPeriod>
                <atmosphereDensity>36</atmosphereDensity>
                <generateCraters>true</generateCraters>
                <generateVolcanos>false</generateVolcanos>
                <generateStructures>false</generateStructures>
                <generateGeodes>false</generateGeodes>
                <craterFrequencyMultiplier>1.0</craterFrequencyMultiplier>
                <biomeIds>wastelands:wasteland forest,nuclearcraft:nuclear_wasteland,minecraft:mutated_mesa_clear_rock,minecraft:mutated_redwood_taiga_hills,minecraft:mutated_redwood_taiga</biomeIds>
            </planet>
            <planet DIMID="31" name="Sol-28: 2">
                <isKnown>false</isKnown>
                <fogColor>1.0,1.0,1.0</fogColor>
                <skyColor>0.2915908,0.5759513,1.0</skyColor>
                <gravitationalMultiplier>80</gravitationalMultiplier>
                <orbitalDistance>146</orbitalDistance>
                <orbitalTheta>117</orbitalTheta>
                <orbitalPhi>10</orbitalPhi>
                <avgTemperature>21</avgTemperature>
                <rotationalPeriod>46875</rotationalPeriod>
                <atmosphereDensity>18</atmosphereDensity>
                <generateCraters>true</generateCraters>
                <generateVolcanos>false</generateVolcanos>
                <generateStructures>false</generateStructures>
                <generateGeodes>false</generateGeodes>
                <craterFrequencyMultiplier>1.0</craterFrequencyMultiplier>
                <biomeIds>advancedrocketry:moon,advancedrocketry:moondark</biomeIds>
            </planet>
        </planet>
    </star>
    <star blackHole="false" name="Epsilon ire" numGasGiants="0" numPlanets="0" size="1.0" temp="170" x="-200" y="80">
        <planet DIMID="35" name="Sol-35">
            <isKnown>false</isKnown>
            <fogColor>1.0,1.0,1.0</fogColor>
            <skyColor>0.8,0.7070016,0.0</skyColor>
            <gravitationalMultiplier>125</gravitationalMultiplier>
            <orbitalDistance>31</orbitalDistance>
            <orbitalTheta>98</orbitalTheta>
            <orbitalPhi>-270</orbitalPhi>
            <avgTemperature>878</avgTemperature>
            <rotationalPeriod>12288</rotationalPeriod>
            <atmosphereDensity>175</atmosphereDensity>
            <generateCraters>false</generateCraters>
            <generateVolcanos>true</generateVolcanos>
            <generateStructures>false</generateStructures>
            <generateGeodes>true</generateGeodes>
            <volcanoFrequencyMultiplier>1.0</volcanoFrequencyMultiplier>
            <geodefrequencyMultiplier>1.0</geodefrequencyMultiplier>
            <biomeIds>advancedrocketry:hotdryrock,advancedrocketry:volcanic,advancedrocketry:volcanicbarren</biomeIds>
            <oceanBlock>minecraft:lava</oceanBlock>
        </planet>
        <planet DIMID="36" name="Sol-36">
            <isKnown>false</isKnown>
            <fogColor>1.0,1.0,1.0</fogColor>
            <skyColor>0.8,0.9977398,0.15266252</skyColor>
            <gravitationalMultiplier>109</gravitationalMultiplier>
            <orbitalDistance>88</orbitalDistance>
            <orbitalTheta>3</orbitalTheta>
            <orbitalPhi>-321</orbitalPhi>
            <avgTemperature>463</avgTemperature>
            <rotationalPeriod>18532</rotationalPeriod>
            <atmosphereDensity>73</atmosphereDensity>
            <generateCraters>true</generateCraters>
            <generateVolcanos>true</generateVolcanos>
            <generateStructures>false</generateStructures>
            <generateGeodes>false</generateGeodes>
            <craterFrequencyMultiplier>1.0</craterFrequencyMultiplier>
            <volcanoFrequencyMultiplier>1.0</volcanoFrequencyMultiplier>
            <biomeIds>advancedrocketry:hotdryrock,advancedrocketry:volcanic,advancedrocketry:volcanicbarren</biomeIds>
            <planet DIMID="37" name="Sol-36: 0">
                <isKnown>false</isKnown>
                <fogColor>1.0,1.0,1.0</fogColor>
                <skyColor>0.8,0.78239894,0.66891897</skyColor>
                <gravitationalMultiplier>69</gravitationalMultiplier>
                <orbitalDistance>196</orbitalDistance>
                <orbitalTheta>327</orbitalTheta>
                <orbitalPhi>-205</orbitalPhi>
                <avgTemperature>310</avgTemperature>
                <rotationalPeriod>73057</rotationalPeriod>
                <atmosphereDensity>23</atmosphereDensity>
                <generateCraters>true</generateCraters>
                <generateVolcanos>false</generateVolcanos>
                <generateStructures>false</generateStructures>
                <generateGeodes>false</generateGeodes>
                <craterFrequencyMultiplier>1.0</craterFrequencyMultiplier>
                <biomeIds>advancedrocketry:moon,advancedrocketry:moondark</biomeIds>
            </planet>
            <planet DIMID="38" name="Sol-36: 1">
                <isKnown>false</isKnown>
                <fogColor>1.0,1.0,1.0</fogColor>
                <skyColor>0.8,0.73539263,0.43140054</skyColor>
                <gravitationalMultiplier>31</gravitationalMultiplier>
                <orbitalDistance>139</orbitalDistance>
                <orbitalTheta>293</orbitalTheta>
                <orbitalPhi>42</orbitalPhi>
                <avgTemperature>368</avgTemperature>
                <rotationalPeriod>805612</rotationalPeriod>
                <atmosphereDensity>24</atmosphereDensity>
                <generateCraters>true</generateCraters>
                <generateVolcanos>false</generateVolcanos>
                <generateStructures>false</generateStructures>
                <generateGeodes>false</generateGeodes>
                <craterFrequencyMultiplier>1.0</craterFrequencyMultiplier>
                <biomeIds>advancedrocketry:moon,advancedrocketry:moondark</biomeIds>
            </planet>
            <oceanBlock>minecraft:lava</oceanBlock>
        </planet>
        <planet DIMID="39" name="Sol-39">
            <isKnown>false</isKnown>
            <fogColor>1.0,1.0,1.0</fogColor>
            <skyColor>0.8,0.59372437,0.49880338</skyColor>
            <gravitationalMultiplier>108</gravitationalMultiplier>
            <orbitalDistance>165</orbitalDistance>
            <orbitalTheta>20</orbitalTheta>
            <orbitalPhi>-62</orbitalPhi>
            <avgTemperature>338</avgTemperature>
            <rotationalPeriod>19051</rotationalPeriod>
            <atmosphereDensity>51</atmosphereDensity>
            <generateCraters>true</generateCraters>
            <generateVolcanos>false</generateVolcanos>
            <generateStructures>false</generateStructures>
            <generateGeodes>false</generateGeodes>
            <craterFrequencyMultiplier>1.0</craterFrequencyMultiplier>
            <biomeIds>minecraft:desert_hills</biomeIds>
        </planet>
        <planet DIMID="40" name="Sol-40">
            <isKnown>false</isKnown>
            <fogColor>1.0,1.0,1.0</fogColor>
            <skyColor>0.8,0.7961051,0.28932053</skyColor>
            <gravitationalMultiplier>99</gravitationalMultiplier>
            <orbitalDistance>141</orbitalDistance>
            <orbitalTheta>119</orbitalTheta>
            <orbitalPhi>203</orbitalPhi>
            <avgTemperature>412</avgTemperature>
            <rotationalPeriod>24734</rotationalPeriod>
            <atmosphereDensity>161</atmosphereDensity>
            <generateCraters>false</generateCraters>
            <generateVolcanos>false</generateVolcanos>
            <generateStructures>true</generateStructures>
            <generateGeodes>true</generateGeodes>
            <geodefrequencyMultiplier>1.0</geodefrequencyMultiplier>
            <biomeIds>minecraft:desert_hills</biomeIds>
        </planet>
        <planet DIMID="41" name="Sol-41">
            <isKnown>false</isKnown>
            <fogColor>1.0,1.0,1.0</fogColor>
            <skyColor>0.8,0.6459302,0.0</skyColor>
            <gravitationalMultiplier>111</gravitationalMultiplier>
            <orbitalDistance>62</orbitalDistance>
            <orbitalTheta>91</orbitalTheta>
            <orbitalPhi>-4</orbitalPhi>
            <avgTemperature>621</avgTemperature>
            <rotationalPeriod>17548</rotationalPeriod>
            <atmosphereDensity>140</atmosphereDensity>
            <generateCraters>false</generateCraters>
            <generateVolcanos>true</generateVolcanos>
            <generateStructures>false</generateStructures>
            <generateGeodes>true</generateGeodes>
            <volcanoFrequencyMultiplier>1.0</volcanoFrequencyMultiplier>
            <geodefrequencyMultiplier>1.0</geodefrequencyMultiplier>
            <biomeIds>advancedrocketry:hotdryrock,advancedrocketry:volcanic,advancedrocketry:volcanicbarren</biomeIds>
            <planet DIMID="42" name="Sol-41: 0">
                <isKnown>false</isKnown>
                <fogColor>1.0,1.0,1.0</fogColor>
                <skyColor>0.8,0.5606121,0.28163362</skyColor>
                <gravitationalMultiplier>42</gravitationalMultiplier>
                <orbitalDistance>120</orbitalDistance>
                <orbitalTheta>16</orbitalTheta>
                <orbitalPhi>-82</orbitalPhi>
                <avgTemperature>397</avgTemperature>
                <rotationalPeriod>323939</rotationalPeriod>
                <atmosphereDensity>37</atmosphereDensity>
                <generateCraters>true</generateCraters>
                <generateVolcanos>false</generateVolcanos>
                <generateStructures>false</generateStructures>
                <generateGeodes>false</generateGeodes>
                <craterFrequencyMultiplier>1.0</craterFrequencyMultiplier>
                <seaLevel>60</seaLevel>
                <biomeIds>minecraft:mutated_desert,minecraft:mutated_mesa_rock,buildcraftenergy:oil_ocean,minecraft:jungle,minecraft:deep_ocean</biomeIds>
            </planet>
            <oceanBlock>minecraft:lava</oceanBlock>
        </planet>
        <planet DIMID="43" name="Sol-43">
            <isKnown>false</isKnown>
            <fogColor>1.0,1.0,1.0</fogColor>
            <skyColor>0.8,0.7709937,0.52092516</skyColor>
            <gravitationalMultiplier>104</gravitationalMultiplier>
            <orbitalDistance>154</orbitalDistance>
            <orbitalTheta>232</orbitalTheta>
            <orbitalPhi>-6</orbitalPhi>
            <avgTemperature>350</avgTemperature>
            <rotationalPeriod>20732</rotationalPeriod>
            <atmosphereDensity>0</atmosphereDensity>
            <generateCraters>true</generateCraters>
            <generateVolcanos>false</generateVolcanos>
            <generateStructures>false</generateStructures>
            <generateGeodes>false</generateGeodes>
            <craterFrequencyMultiplier>1.0</craterFrequencyMultiplier>
            <biomeIds>advancedrocketry:moon,advancedrocketry:moondark</biomeIds>
            <planet DIMID="44" name="Sol-43: 0">
                <isKnown>false</isKnown>
                <fogColor>1.0,1.0,1.0</fogColor>
                <skyColor>0.8,0.6034871,0.20475298</skyColor>
                <gravitationalMultiplier>47</gravitationalMultiplier>
                <orbitalDistance>101</orbitalDistance>
                <orbitalTheta>108</orbitalTheta>
                <orbitalPhi>-101</orbitalPhi>
                <avgTemperature>432</avgTemperature>
                <rotationalPeriod>231162</rotationalPeriod>
                <atmosphereDensity>13</atmosphereDensity>
                <generateCraters>true</generateCraters>
                <generateVolcanos>false</generateVolcanos>
                <generateStructures>false</generateStructures>
                <generateGeodes>false</generateGeodes>
                <craterFrequencyMultiplier>1.0</craterFrequencyMultiplier>
                <biomeIds>advancedrocketry:moon,advancedrocketry:moondark</biomeIds>
            </planet>
            <planet DIMID="45" name="Sol-43: 1">
                <isKnown>false</isKnown>
                <fogColor>1.0,1.0,1.0</fogColor>
                <skyColor>0.8,0.7596531,0.60360557</skyColor>
                <gravitationalMultiplier>54</gravitationalMultiplier>
                <orbitalDistance>193</orbitalDistance>
                <orbitalTheta>49</orbitalTheta>
                <orbitalPhi>139</orbitalPhi>
                <avgTemperature>313</avgTemperature>
                <rotationalPeriod>152415</rotationalPeriod>
                <atmosphereDensity>29</atmosphereDensity>
                <generateCraters>true</generateCraters>
                <generateVolcanos>false</generateVolcanos>
                <generateStructures>false</generateStructures>
                <generateGeodes>false</generateGeodes>
                <craterFrequencyMultiplier>1.0</craterFrequencyMultiplier>
                <biomeIds>advancedrocketry:volcanicbarren</biomeIds>
            </planet>
        </planet>
        <planet DIMID="46" name="Sol-46">
            <isKnown>false</isKnown>
            <fogColor>1.0,1.0,1.0</fogColor>
            <skyColor>0.8,0.5664575,0.3606553</skyColor>
            <gravitationalMultiplier>130</gravitationalMultiplier>
            <orbitalDistance>165</orbitalDistance>
            <orbitalTheta>270</orbitalTheta>
            <orbitalPhi>88</orbitalPhi>
            <avgTemperature>380</avgTemperature>
            <rotationalPeriod>10923</rotationalPeriod>
            <atmosphereDensity>163</atmosphereDensity>
            <generateCraters>false</generateCraters>
            <generateVolcanos>false</generateVolcanos>
            <generateStructures>true</generateStructures>
            <generateGeodes>true</generateGeodes>
            <geodefrequencyMultiplier>1.0</geodefrequencyMultiplier>
            <biomeIds>minecraft:jungle,minecraft:frozen_ocean,minecraft:desert_hills,minecraft:desert,minecraft:mutated_savanna</biomeIds>
        </planet>
    </star>
    <star blackHole="false" name="Proxima Centaurs" numGasGiants="0" numPlanets="0" size="1.0" temp="200" x="-150" y="250">
        <planet DIMID="48" name="Sol-48">
            <isKnown>false</isKnown>
            <fogColor>1.0,1.0,1.0</fogColor>
            <skyColor>0.8,0.59386325,0.20871407</skyColor>
            <gravitationalMultiplier>130</gravitationalMultiplier>
            <orbitalDistance>133</orbitalDistance>
            <orbitalTheta>264</orbitalTheta>
            <orbitalPhi>52</orbitalPhi>
            <avgTemperature>443</avgTemperature>
            <rotationalPeriod>10923</rotationalPeriod>
            <atmosphereDensity>50</atmosphereDensity>
            <generateCraters>true</generateCraters>
            <generateVolcanos>false</generateVolcanos>
            <generateStructures>false</generateStructures>
            <generateGeodes>false</generateGeodes>
            <craterFrequencyMultiplier>1.0</craterFrequencyMultiplier>
            <biomeIds>minecraft:mutated_savanna_rock,buildcraftenergy:oil_desert,advancedrocketry:oceanspires,minecraft:mutated_mesa_clear_rock,advancedrocketry:volcanicbarren</biomeIds>
            <planet DIMID="49" name="Sol-48: 0">
                <isKnown>false</isKnown>
                <fogColor>1.0,1.0,1.0</fogColor>
                <skyColor>0.8,0.76930976,0.39770377</skyColor>
                <gravitationalMultiplier>63</gravitationalMultiplier>
                <orbitalDistance>192</orbitalDistance>
                <orbitalTheta>90</orbitalTheta>
                <orbitalPhi>-136</orbitalPhi>
                <avgTemperature>369</avgTemperature>
                <rotationalPeriod>95981</rotationalPeriod>
                <atmosphereDensity>37</atmosphereDensity>
                <generateCraters>true</generateCraters>
                <generateVolcanos>false</generateVolcanos>
                <generateStructures>false</generateStructures>
                <generateGeodes>false</generateGeodes>
                <craterFrequencyMultiplier>1.0</craterFrequencyMultiplier>
                <biomeIds>advancedrocketry:volcanicbarren</biomeIds>
            </planet>
            <planet DIMID="50" name="Sol-48: 1">
                <isKnown>false</isKnown>
                <fogColor>1.0,1.0,1.0</fogColor>
                <skyColor>0.8,0.72315955,0.28310776</skyColor>
                <gravitationalMultiplier>52</gravitationalMultiplier>
                <orbitalDistance>156</orbitalDistance>
                <orbitalTheta>296</orbitalTheta>
                <orbitalPhi>-426</orbitalPhi>
                <avgTemperature>409</avgTemperature>
                <rotationalPeriod>161206</rotationalPeriod>
                <atmosphereDensity>20</atmosphereDensity>
                <generateCraters>true</generateCraters>
                <generateVolcanos>false</generateVolcanos>
                <generateStructures>false</generateStructures>
                <generateGeodes>false</generateGeodes>
                <craterFrequencyMultiplier>1.0</craterFrequencyMultiplier>
                <biomeIds>advancedrocketry:moon,advancedrocketry:moondark</biomeIds>
            </planet>
        </planet>
        <planet DIMID="51" name="Sol-51">
            <isKnown>false</isKnown>
            <fogColor>1.0,1.0,1.0</fogColor>
            <skyColor>0.8,0.6797905,0.3953597</skyColor>
            <gravitationalMultiplier>90</gravitationalMultiplier>
            <orbitalDistance>180</orbitalDistance>
            <orbitalTheta>289</orbitalTheta>
            <orbitalPhi>-201</orbitalPhi>
            <avgTemperature>381</avgTemperature>
            <rotationalPeriod>32921</rotationalPeriod>
            <atmosphereDensity>13</atmosphereDensity>
            <generateCraters>true</generateCraters>
            <generateVolcanos>false</generateVolcanos>
            <generateStructures>false</generateStructures>
            <generateGeodes>false</generateGeodes>
            <craterFrequencyMultiplier>1.0</craterFrequencyMultiplier>
            <seaLevel>74</seaLevel>
            <biomeIds>advancedrocketry:moon,advancedrocketry:moondark</biomeIds>
            <oceanBlock>advancedrocketry:oxygenfluid</oceanBlock>
        </planet>
        <planet DIMID="47" name="Sol-47">
            <isKnown>false</isKnown>
            <fogColor>1.0,1.0,1.0</fogColor>
            <skyColor>0.8,0.6640264,0.0</skyColor>
            <gravitationalMultiplier>122</gravitationalMultiplier>
            <orbitalDistance>2</orbitalDistance>
            <orbitalTheta>65</orbitalTheta>
            <orbitalPhi>-385</orbitalPhi>
            <avgTemperature>4070</avgTemperature>
            <rotationalPeriod>13216</rotationalPeriod>
            <atmosphereDensity>188</atmosphereDensity>
            <generateCraters>false</generateCraters>
            <generateVolcanos>true</generateVolcanos>
            <generateStructures>false</generateStructures>
            <generateGeodes>true</generateGeodes>
            <volcanoFrequencyMultiplier>1.0</volcanoFrequencyMultiplier>
            <geodefrequencyMultiplier>1.0</geodefrequencyMultiplier>
            <biomeIds>advancedrocketry:hotdryrock,advancedrocketry:volcanic,advancedrocketry:volcanicbarren</biomeIds>
            <oceanBlock>minecraft:lava</oceanBlock>
        </planet>
    </star>
    <star blackHole="false" name="Magnis Vulpes" numGasGiants="0" numPlanets="0" size="1.0" temp="70" x="-150" y="-250">
        <planet DIMID="52" name="Sol-52">
            <isKnown>false</isKnown>
            <fogColor>1.0,1.0,1.0</fogColor>
            <skyColor>0.8,0.79354477,0.20083928</skyColor>
            <gravitationalMultiplier>113</gravitationalMultiplier>
            <orbitalDistance>31</orbitalDistance>
            <orbitalTheta>325</orbitalTheta>
            <orbitalPhi>-140</orbitalPhi>
            <avgTemperature>430</avgTemperature>
            <rotationalPeriod>16633</rotationalPeriod>
            <atmosphereDensity>216</atmosphereDensity>
            <generateCraters>false</generateCraters>
            <generateVolcanos>false</generateVolcanos>
            <generateStructures>false</generateStructures>
            <generateGeodes>true</generateGeodes>
            <geodefrequencyMultiplier>1.0</geodefrequencyMultiplier>
            <biomeIds>minecraft:extreme_hills</biomeIds>
        </planet>
        <planet DIMID="53" name="Sol-53">
            <isKnown>false</isKnown>
            <fogColor>1.0,1.0,1.0</fogColor>
            <skyColor>0.79169214,0.68344194,1.0</skyColor>
            <gravitationalMultiplier>130</gravitationalMultiplier>
            <orbitalDistance>138</orbitalDistance>
            <orbitalTheta>256</orbitalTheta>
            <orbitalPhi>-336</orbitalPhi>
            <avgTemperature>171</avgTemperature>
            <rotationalPeriod>10923</rotationalPeriod>
            <atmosphereDensity>120</atmosphereDensity>
            <generateCraters>false</generateCraters>
            <generateVolcanos>false</generateVolcanos>
            <generateStructures>false</generateStructures>
            <generateGeodes>false</generateGeodes>
            <biomeIds>advancedrocketry:oceanspires,buildcraftenergy:oil_ocean,minecraft:savanna_rock,minecraft:mutated_birch_forest_hills,minecraft:mutated_birch_forest</biomeIds>
            <planet DIMID="54" name="Sol-53: 0">
                <isKnown>false</isKnown>
                <fogColor>1.0,1.0,1.0</fogColor>
                <skyColor>0.7437332,0.7650437,1.0</skyColor>
                <gravitationalMultiplier>56</gravitationalMultiplier>
                <orbitalDistance>125</orbitalDistance>
                <orbitalTheta>136</orbitalTheta>
                <orbitalPhi>-412</orbitalPhi>
                <avgTemperature>160</avgTemperature>
                <rotationalPeriod>136661</rotationalPeriod>
                <atmosphereDensity>15</atmosphereDensity>
                <generateCraters>true</generateCraters>
                <generateVolcanos>false</generateVolcanos>
                <generateStructures>false</generateStructures>
                <generateGeodes>false</generateGeodes>
                <craterFrequencyMultiplier>1.0</craterFrequencyMultiplier>
                <biomeIds>advancedrocketry:moon,advancedrocketry:moondark</biomeIds>
            </planet>
        </planet>
    </star>
    <star blackHole="false" name="Ma-Roo" numGasGiants="0" numPlanets="0" size="1.0" temp="200" x="50" y="-250">
        <planet DIMID="55" name="Sol-55">
            <isKnown>false</isKnown>
            <fogColor>1.0,1.0,1.0</fogColor>
            <skyColor>0.8,0.7136358,0.0</skyColor>
            <gravitationalMultiplier>89</gravitationalMultiplier>
            <orbitalDistance>68</orbitalDistance>
            <orbitalTheta>187</orbitalTheta>
            <orbitalPhi>-219</orbitalPhi>
            <avgTemperature>698</avgTemperature>
            <rotationalPeriod>34044</rotationalPeriod>
            <atmosphereDensity>199</atmosphereDensity>
            <generateCraters>false</generateCraters>
            <generateVolcanos>true</generateVolcanos>
            <generateStructures>false</generateStructures>
            <generateGeodes>true</generateGeodes>
            <volcanoFrequencyMultiplier>1.0</volcanoFrequencyMultiplier>
            <geodefrequencyMultiplier>1.0</geodefrequencyMultiplier>
            <biomeIds>advancedrocketry:hotdryrock,advancedrocketry:volcanic,advancedrocketry:volcanicbarren</biomeIds>
            <oceanBlock>minecraft:lava</oceanBlock>
        </planet>
        <planet DIMID="56" name="Sol-56">
            <isKnown>false</isKnown>
            <fogColor>1.0,1.0,1.0</fogColor>
            <skyColor>0.8,0.5106849,0.0</skyColor>
            <gravitationalMultiplier>96</gravitationalMultiplier>
            <orbitalDistance>121</orbitalDistance>
            <orbitalTheta>267</orbitalTheta>
            <orbitalPhi>-18</orbitalPhi>
            <avgTemperature>523</avgTemperature>
            <rotationalPeriod>27126</rotationalPeriod>
            <atmosphereDensity>149</atmosphereDensity>
            <generateCraters>false</generateCraters>
            <generateVolcanos>true</generateVolcanos>
            <generateStructures>false</generateStructures>
            <generateGeodes>true</generateGeodes>
            <volcanoFrequencyMultiplier>1.0</volcanoFrequencyMultiplier>
            <geodefrequencyMultiplier>1.0</geodefrequencyMultiplier>
            <biomeIds>advancedrocketry:hotdryrock,advancedrocketry:volcanic,advancedrocketry:volcanicbarren</biomeIds>
            <oceanBlock>minecraft:lava</oceanBlock>
        </planet>
        <planet DIMID="57" name="Sol-57">
            <isKnown>false</isKnown>
            <fogColor>1.0,1.0,1.0</fogColor>
            <skyColor>0.8,0.7122009,0.34476072</skyColor>
            <gravitationalMultiplier>123</gravitationalMultiplier>
            <orbitalDistance>161</orbitalDistance>
            <orbitalTheta>14</orbitalTheta>
            <orbitalPhi>-191</orbitalPhi>
            <avgTemperature>403</avgTemperature>
            <rotationalPeriod>12897</rotationalPeriod>
            <atmosphereDensity>54</atmosphereDensity>
            <generateCraters>true</generateCraters>
            <generateVolcanos>false</generateVolcanos>
            <generateStructures>false</generateStructures>
            <generateGeodes>false</generateGeodes>
            <craterFrequencyMultiplier>1.0</craterFrequencyMultiplier>
            <seaLevel>79</seaLevel>
            <biomeIds>minecraft:desert_hills</biomeIds>
        </planet>
        <planet DIMID="58" name="Sol-58">
            <isKnown>false</isKnown>
            <fogColor>1.0,1.0,1.0</fogColor>
            <skyColor>0.8,0.62128675,0.0</skyColor>
            <gravitationalMultiplier>126</gravitationalMultiplier>
            <orbitalDistance>174</orbitalDistance>
            <orbitalTheta>223</orbitalTheta>
            <orbitalPhi>37</orbitalPhi>
            <avgTemperature>518</avgTemperature>
            <rotationalPeriod>11997</rotationalPeriod>
            <atmosphereDensity>204</atmosphereDensity>
            <generateCraters>false</generateCraters>
            <generateVolcanos>true</generateVolcanos>
            <generateStructures>false</generateStructures>
            <generateGeodes>true</generateGeodes>
            <volcanoFrequencyMultiplier>1.0</volcanoFrequencyMultiplier>
            <geodefrequencyMultiplier>1.0</geodefrequencyMultiplier>
            <biomeIds>advancedrocketry:hotdryrock,advancedrocketry:volcanic,advancedrocketry:volcanicbarren</biomeIds>
            <planet DIMID="59" name="Sol-58: 0">
                <isKnown>false</isKnown>
                <fogColor>1.0,1.0,1.0</fogColor>
                <skyColor>0.8,0.5056323,0.22000211</skyColor>
                <gravitationalMultiplier>47</gravitationalMultiplier>
                <orbitalDistance>150</orbitalDistance>
                <orbitalTheta>199</orbitalTheta>
                <orbitalPhi>83</orbitalPhi>
                <avgTemperature>417</avgTemperature>
                <rotationalPeriod>231162</rotationalPeriod>
                <atmosphereDensity>30</atmosphereDensity>
                <generateCraters>true</generateCraters>
                <generateVolcanos>false</generateVolcanos>
                <generateStructures>false</generateStructures>
                <generateGeodes>false</generateGeodes>
                <craterFrequencyMultiplier>1.0</craterFrequencyMultiplier>
                <biomeIds>minecraft:mutated_mesa_rock,buildcraftenergy:oil_ocean,minecraft:jungle_hills,minecraft:jungle,minecraft:deep_ocean</biomeIds>
            </planet>
            <oceanBlock>minecraft:lava</oceanBlock>
        </planet>
        <planet DIMID="60" name="Sol-60">
            <isKnown>false</isKnown>
            <fogColor>1.0,1.0,1.0</fogColor>
            <skyColor>0.8,0.8852262,0.0</skyColor>
            <gravitationalMultiplier>130</gravitationalMultiplier>
            <orbitalDistance>69</orbitalDistance>
            <orbitalTheta>12</orbitalTheta>
            <orbitalPhi>-317</orbitalPhi>
            <avgTemperature>692</avgTemperature>
            <rotationalPeriod>10923</rotationalPeriod>
            <atmosphereDensity>113</atmosphereDensity>
            <generateCraters>false</generateCraters>
            <generateVolcanos>true</generateVolcanos>
            <generateStructures>false</generateStructures>
            <generateGeodes>false</generateGeodes>
            <volcanoFrequencyMultiplier>1.0</volcanoFrequencyMultiplier>
            <biomeIds>advancedrocketry:hotdryrock,advancedrocketry:volcanic,advancedrocketry:volcanicbarren</biomeIds>
            <planet DIMID="61" name="Sol-60: 0">
                <isKnown>false</isKnown>
                <fogColor>1.0,1.0,1.0</fogColor>
                <skyColor>0.8,0.9850006,0.047308207</skyColor>
                <gravitationalMultiplier>67</gravitationalMultiplier>
                <orbitalDistance>112</orbitalDistance>
                <orbitalTheta>126</orbitalTheta>
                <orbitalPhi>-256</orbitalPhi>
                <avgTemperature>483</avgTemperature>
                <rotationalPeriod>79797</rotationalPeriod>
                <atmosphereDensity>33</atmosphereDensity>
                <generateCraters>true</generateCraters>
                <generateVolcanos>true</generateVolcanos>
                <generateStructures>false</generateStructures>
                <generateGeodes>false</generateGeodes>
                <craterFrequencyMultiplier>1.0</craterFrequencyMultiplier>
                <volcanoFrequencyMultiplier>1.0</volcanoFrequencyMultiplier>
                <biomeIds>advancedrocketry:hotdryrock,advancedrocketry:volcanic,advancedrocketry:volcanicbarren</biomeIds>
                <oceanBlock>minecraft:lava</oceanBlock>
            </planet>
            <oceanBlock>minecraft:lava</oceanBlock>
        </planet>
        <planet DIMID="62" name="Sol-62">
            <isKnown>false</isKnown>
            <fogColor>1.0,1.0,1.0</fogColor>
            <skyColor>0.8,0.74412453,0.0</skyColor>
            <gravitationalMultiplier>122</gravitationalMultiplier>
            <orbitalDistance>79</orbitalDistance>
            <orbitalTheta>303</orbitalTheta>
            <orbitalPhi>-369</orbitalPhi>
            <avgTemperature>575</avgTemperature>
            <rotationalPeriod>13216</rotationalPeriod>
            <atmosphereDensity>7</atmosphereDensity>
            <generateCraters>true</generateCraters>
            <generateVolcanos>true</generateVolcanos>
            <generateStructures>false</generateStructures>
            <generateGeodes>false</generateGeodes>
            <craterFrequencyMultiplier>1.0</craterFrequencyMultiplier>
            <volcanoFrequencyMultiplier>1.0</volcanoFrequencyMultiplier>
            <biomeIds>advancedrocketry:moon,advancedrocketry:moondark</biomeIds>
            <oceanBlock>minecraft:lava</oceanBlock>
        </planet>
    </star>
    <star blackHole="false" name="Alykitt" numGasGiants="0" numPlanets="0" size="1.0" temp="120" x="75" y="200">
        <planet DIMID="65" name="Sol-65">
            <isKnown>false</isKnown>
            <fogColor>1.0,1.0,1.0</fogColor>
            <skyColor>0.8,0.54254454,0.0</skyColor>
            <gravitationalMultiplier>116</gravitationalMultiplier>
            <orbitalDistance>42</orbitalDistance>
            <orbitalTheta>202</orbitalTheta>
            <orbitalPhi>-124</orbitalPhi>
            <avgTemperature>532</avgTemperature>
            <rotationalPeriod>14984</rotationalPeriod>
            <atmosphereDensity>196</atmosphereDensity>
            <generateCraters>false</generateCraters>
            <generateVolcanos>true</generateVolcanos>
            <generateStructures>false</generateStructures>
            <generateGeodes>true</generateGeodes>
            <volcanoFrequencyMultiplier>1.0</volcanoFrequencyMultiplier>
            <geodefrequencyMultiplier>1.0</geodefrequencyMultiplier>
            <biomeIds>advancedrocketry:hotdryrock,advancedrocketry:volcanic,advancedrocketry:volcanicbarren</biomeIds>
            <planet DIMID="66" name="Sol-65: 0">
                <isKnown>false</isKnown>
                <fogColor>1.0,1.0,1.0</fogColor>
                <skyColor>0.8,0.91484773,0.9241801</skyColor>
                <gravitationalMultiplier>36</gravitationalMultiplier>
                <orbitalDistance>176</orbitalDistance>
                <orbitalTheta>21</orbitalTheta>
                <orbitalPhi>-257</orbitalPhi>
                <avgTemperature>231</avgTemperature>
                <rotationalPeriod>514403</rotationalPeriod>
                <atmosphereDensity>22</atmosphereDensity>
                <generateCraters>true</generateCraters>
                <generateVolcanos>false</generateVolcanos>
                <generateStructures>false</generateStructures>
                <generateGeodes>false</generateGeodes>
                <craterFrequencyMultiplier>1.0</craterFrequencyMultiplier>
                <seaLevel>72</seaLevel>
                <biomeIds>advancedrocketry:moon,advancedrocketry:moondark</biomeIds>
                <oceanBlock>advancedrocketry:oxygenfluid</oceanBlock>
            </planet>
            <oceanBlock>minecraft:lava</oceanBlock>
        </planet>
        <planet DIMID="67" name="Sol-67">
            <isKnown>false</isKnown>
            <fogColor>1.0,1.0,1.0</fogColor>
            <skyColor>0.8,0.5948726,0.7757597</skyColor>
            <gravitationalMultiplier>104</gravitationalMultiplier>
            <orbitalDistance>122</orbitalDistance>
            <orbitalTheta>262</orbitalTheta>
            <orbitalPhi>50</orbitalPhi>
            <avgTemperature>277</avgTemperature>
            <rotationalPeriod>20732</rotationalPeriod>
            <atmosphereDensity>97</atmosphereDensity>
            <generateCraters>false</generateCraters>
            <generateVolcanos>false</generateVolcanos>
            <generateStructures>true</generateStructures>
            <generateGeodes>false</generateGeodes>
            <biomeIds>minecraft:desert_hills,buildcraftenergy:oil_ocean,minecraft:mutated_redwood_taiga_hills,minecraft:mutated_birch_forest_hills,minecraft:deep_ocean</biomeIds>
            <planet DIMID="68" name="Sol-67: 0">
                <isKnown>false</isKnown>
                <fogColor>1.0,1.0,1.0</fogColor>
                <skyColor>0.8,0.5936862,0.8911888</skyColor>
                <gravitationalMultiplier>56</gravitationalMultiplier>
                <orbitalDistance>160</orbitalDistance>
                <orbitalTheta>62</orbitalTheta>
                <orbitalPhi>-171</orbitalPhi>
                <avgTemperature>242</avgTemperature>
                <rotationalPeriod>136661</rotationalPeriod>
                <atmosphereDensity>20</atmosphereDensity>
                <generateCraters>true</generateCraters>
                <generateVolcanos>false</generateVolcanos>
                <generateStructures>false</generateStructures>
                <generateGeodes>false</generateGeodes>
                <craterFrequencyMultiplier>1.0</craterFrequencyMultiplier>
                <biomeIds>advancedrocketry:moon,advancedrocketry:moondark</biomeIds>
            </planet>
        </planet>
        <planet DIMID="69" name="Sol-69">
            <isKnown>false</isKnown>
            <fogColor>1.0,1.0,1.0</fogColor>
            <skyColor>0.8,0.54800665,0.9698153</skyColor>
            <gravitationalMultiplier>130</gravitationalMultiplier>
            <orbitalDistance>214</orbitalDistance>
            <orbitalTheta>82</orbitalTheta>
            <orbitalPhi>219</orbitalPhi>
            <avgTemperature>209</avgTemperature>
            <rotationalPeriod>10923</rotationalPeriod>
            <atmosphereDensity>51</atmosphereDensity>
            <generateCraters>true</generateCraters>
            <generateVolcanos>false</generateVolcanos>
            <generateStructures>false</generateStructures>
            <generateGeodes>false</generateGeodes>
            <craterFrequencyMultiplier>1.0</craterFrequencyMultiplier>
            <biomeIds>minecraft:savanna_rock,minecraft:mutated_desert,minecraft:desert,buildcraftenergy:oil_ocean,minecraft:mutated_birch_forest</biomeIds>
        </planet>
        <planet DIMID="63" name="Sol-63">
            <isKnown>false</isKnown>
            <GasGiant>true</GasGiant>
            <gas>hydrogen</gas>
            <gas>nitrogen</gas>
            <gas>oxygen</gas>
            <fogColor>1.0,1.0,1.0</fogColor>
            <skyColor>1.0,1.0,1.0</skyColor>
            <gravitationalMultiplier>130</gravitationalMultiplier>
            <orbitalDistance>233</orbitalDistance>
            <orbitalTheta>0</orbitalTheta>
            <orbitalPhi>0</orbitalPhi>
            <avgTemperature>226</avgTemperature>
            <rotationalPeriod>24000</rotationalPeriod>
            <atmosphereDensity>159</atmosphereDensity>
            <generateCraters>false</generateCraters>
            <generateVolcanos>false</generateVolcanos>
            <generateStructures>false</generateStructures>
            <generateGeodes>false</generateGeodes>
            <planet DIMID="64" name="Sol-63: 0">
                <isKnown>false</isKnown>
                <fogColor>1.0,1.0,1.0</fogColor>
                <skyColor>0.8,0.8417649,0.8689007</skyColor>
                <gravitationalMultiplier>41</gravitationalMultiplier>
                <orbitalDistance>152</orbitalDistance>
                <orbitalTheta>319</orbitalTheta>
                <orbitalPhi>-239</orbitalPhi>
                <avgTemperature>249</avgTemperature>
                <rotationalPeriod>348224</rotationalPeriod>
                <atmosphereDensity>25</atmosphereDensity>
                <generateCraters>true</generateCraters>
                <generateVolcanos>false</generateVolcanos>
                <generateStructures>false</generateStructures>
                <generateGeodes>false</generateGeodes>
                <craterFrequencyMultiplier>1.0</craterFrequencyMultiplier>
                <biomeIds>advancedrocketry:moon,advancedrocketry:moondark</biomeIds>
            </planet>
        </planet>
    </star>
</galaxy>
