{"stat.pickup.tconstruct.tooltables":3,"stat.mineBlock.flansmod.modern_item":4,"stat.walkOneCm":17391,"stat.useItem.minecraft.iron_axe":2,"stat.leaveGame":5,"stat.craftItem.minecraft.crafting_table":3,"stat.pickup.minecraft.log":7,"stat.jump":36,"stat.fallOneCm":687,"stat.crouchOneCm":2289,"stat.craftItem.minecraft.chest":2,"stat.pickup.minecraft.sapling":8,"stat.craftItem.tconstruct.tooltables":11,"stat.sprintOneCm":10911,"stat.useItem.minecraft.stone_slab2":16,"stat.craftItem.minecraft.stick":12,"stat.pickup.flansmod.modern_item":4,"stat.useItem.minecraft.sapling":5,"stat.craftItem.minecraft.planks":256,"stat.mineBlock.tconstruct.tooltables":3,"stat.craftItem.tconstruct.pattern":19,"stat.mineBlock.minecraft.sapling":4,"stat.mineBlock.minecraft.log":6,"stat.flyOneCm":24186,"stat.drop":1,"stat.playOneMinute":89735,"stat.sneakTime":919,"stat.useItem.flansmod.modern_item":4,"stat.timeSinceDeath":89735,"stat.drop.minecraft.log":1}