{"stat.walkOneCm":4377,"stat.pickup.notreepunching.rock/sandstone":1,"stat.drop.extrautils2.decorativebedrock":448,"stat.drop.extrautils2.compressedcobblestone":19,"stat.leaveGame":2,"stat.damageTaken":30,"stat.pickup.notreepunching.rock/stone":4,"stat.pickup.extrautils2.compressedcobblestone":65,"stat.flyOneCm":49133,"stat.drop":26,"stat.jump":46,"stat.playOneMinute":7080,"stat.fallOneCm":836,"stat.sneakTime":143,"stat.crouchOneCm":125,"stat.timeSinceDeath":7080,"stat.pickup.extrautils2.decorativebedrock":64,"stat.sprintOneCm":12016,"stat.mineBlock.terraqueous.doodads":3,"stat.craftItem.minecraft.cobblestone":1}