{"stat.drop.ftbquests.book":1,"stat.useItem.immersiveengineering.ore":6,"stat.useItem.minecraft.iron_axe":2,"stat.leaveGame":13,"stat.useItem.minecraft.skull":2,"stat.pickup.harvestcraft.huckleberryitem":1,"stat.pickup.flansmod.t90":3,"stat.swimOneCm":1423,"stat.useItem.thermalfoundation.upgrade":4,"stat.useItem.minecraft.stone_slab2":371,"stat.pickup.flansmod.modern_item":4,"stat.useItem.minecraft.iron_ore":1,"stat.flyOneCm":2239511,"stat.pickup.minecraft.clay":11,"stat.mineBlock.minecraft.snow_layer":89,"stat.useItem.minecraft.ender_pearl":11,"stat.killEntity.techguns.ZombieFarmer":1,"stat.pickup.minecraft.redstone":6,"stat.timeSinceDeath":545630,"stat.hopperInspected":1,"stat.drop.minecraft.log":1,"stat.pickup.flansmod.challyii":1,"stat.pickup.techguns.basicore":1,"stat.pickup.harvestcraft.spinachitem":2,"stat.craftItem.tconstruct.tooltables":11,"stat.sprintOneCm":41660,"stat.pickup.minecraft.paper":1,"stat.craftItem.minecraft.stick":12,"stat.drop.techguns.basicore":1,"stat.mineBlock.mekanism.oreblock":1,"stat.pickup.minecraft.pumpkin_seeds":1,"stat.pickup.harvestcraft.quinoaitem":1,"stat.drop":3,"stat.playOneMinute":545630,"stat.useItem.minecraft.diamond_ore":1,"stat.pickup.minecraft.snowball":135,"stat.mineBlock.minecraft.tallgrass":5,"stat.diveOneCm":4932,"stat.pickup.minecraft.wheat":4,"stat.chestOpened":4,"stat.pickup.tconstruct.tooltables":3,"stat.useItem.minecraft.lapis_ore":2,"stat.mineBlock.flansmod.modern_item":4,"stat.useItem.actuallyadditions.block_misc":1,"stat.pickup.flansmod.leo2a6":2,"stat.pickup.harvestcraft.kohlrabiitem":1,"stat.useItem.minecraft.quartz_ore":1,"stat.jump":237,"stat.fallOneCm":2821,"stat.crouchOneCm":13745,"stat.pickup.harvestcraft.caulifloweritem":1,"stat.craftItem.minecraft.chest":4,"stat.useItem.minecraft.coal_ore":1,"stat.mineBlock.harvestcraft.frostgarden":4,"stat.useItem.minecraft.sapling":5,"stat.mineBlock.tconstruct.tooltables":3,"stat.pickup.minecraft.leaves":11,"stat.craftItem.tconstruct.pattern":19,"stat.damageTaken":60,"stat.pickup.minecraft.leather":2,"stat.useItem.minecraft.wooden_pickaxe":1,"stat.mineBlock.minecraft.sapling":4,"stat.useItem.draconicevolution.creative_exchanger":184,"stat.pickup.minecraft.wheat_seeds":2,"stat.useItem.grapplemod.launcheritem":3,"stat.pickup.minecraft.potato":1,"stat.damageDealt":150,"stat.useItem.flansmod.modern_item":4,"stat.pickup.harvestcraft.oatsitem":1,"stat.pickup.techguns.itemshared":1,"stat.walkOneCm":81203,"stat.pickup.tconstruct.pattern":4,"stat.pickup.mekanism.oreblock":1,"stat.pickup.harvestcraft.cabbageitem":2,"stat.craftItem.minecraft.crafting_table":3,"stat.useItem.minecraft.gold_ore":1,"stat.pickup.minecraft.log":7,"stat.pickup.minecraft.sapling":9,"stat.useItem.minecraft.redstone_ore":1,"stat.pickup.minecraft.apple":1,"stat.pickup.flansmod.abrams":1,"stat.craftItem.minecraft.planks":256,"stat.pickup.minecraft.bread":2,"stat.pickup.harvestcraft.rutabagaitem":2,"stat.mobKills":2,"stat.mineBlock.minecraft.log":6,"stat.useItem.powersuits.power_fist":3,"stat.pickup.minecraft.diamond":6,"stat.mineBlock.minecraft.leaves":125,"stat.pickup.harvestcraft.raspberryitem":1,"stat.sneakTime":5030,"stat.pickup.minecraft.yellow_flower":3,"stat.pickup.ftbquests.book":1}