<?xml version="1.0" encoding="UTF-8" standalone="no"?>
<galaxy>
    <star blackHole="false" name="Sol" numGasGiants="0" numPlanets="0" size="1.0" temp="100" x="0" y="0">
        <planet DIMID="0" dimMapping="" name="Earth">
            <isKnown>true</isKnown>
            <fogColor>1.0,1.0,1.0</fogColor>
            <skyColor>1.0,1.0,1.0</skyColor>
            <gravitationalMultiplier>100</gravitationalMultiplier>
            <orbitalDistance>100</orbitalDistance>
            <orbitalTheta>0</orbitalTheta>
            <orbitalPhi>0</orbitalPhi>
            <retrograde>false</retrograde>
            <avgTemperature>287</avgTemperature>
            <rotationalPeriod>24000</rotationalPeriod>
            <atmosphereDensity>100</atmosphereDensity>
            <generateCraters>false</generateCraters>
            <generateCaves>false</generateCaves>
            <generateVolcanos>false</generateVolcanos>
            <generateStructures>false</generateStructures>
            <generateGeodes>false</generateGeodes>
            <planet DIMID="3" name="Luna">
                <isKnown>false</isKnown>
                <fogColor>1.0,1.0,1.0</fogColor>
                <skyColor>1.0,1.0,1.0</skyColor>
                <gravitationalMultiplier>16</gravitationalMultiplier>
                <orbitalDistance>150</orbitalDistance>
                <orbitalTheta>0</orbitalTheta>
                <orbitalPhi>0</orbitalPhi>
                <retrograde>false</retrograde>
                <avgTemperature>20</avgTemperature>
                <rotationalPeriod>128000</rotationalPeriod>
                <atmosphereDensity>0</atmosphereDensity>
                <generateCraters>true</generateCraters>
                <generateCaves>false</generateCaves>
                <generateVolcanos>false</generateVolcanos>
                <generateStructures>false</generateStructures>
                <generateGeodes>false</generateGeodes>
                <biomeIds>advancedrocketry:moon;30,advancedrocketry:moondark;30</biomeIds>
            </planet>
        </planet>
        <planet DIMID="16" name="Sol 16">
            <isKnown>false</isKnown>
            <fogColor>1.0,1.0,1.0</fogColor>
            <skyColor>0.8,0.5223193,0.0</skyColor>
            <gravitationalMultiplier>109</gravitationalMultiplier>
            <orbitalDistance>28</orbitalDistance>
            <orbitalTheta>326</orbitalTheta>
            <orbitalPhi>-16</orbitalPhi>
            <retrograde>false</retrograde>
            <avgTemperature>562</avgTemperature>
            <rotationalPeriod>18279</rotationalPeriod>
            <atmosphereDensity>114</atmosphereDensity>
            <generateCraters>false</generateCraters>
            <generateCaves>false</generateCaves>
            <generateVolcanos>true</generateVolcanos>
            <generateStructures>false</generateStructures>
            <generateGeodes>false</generateGeodes>
            <biomeIds>minecraft:mutated_savanna_rock;30,advancedrocketry:marsh;30,minecraft:mutated_mesa;30,minecraft:mutated_jungle_edge;30,minecraft:desert_hills;30</biomeIds>
            <planet DIMID="17" name="Sol 16: 0">
                <isKnown>false</isKnown>
                <fogColor>1.0,1.0,1.0</fogColor>
                <skyColor>0.8,0.99416935,0.9516366</skyColor>
                <gravitationalMultiplier>29</gravitationalMultiplier>
                <orbitalDistance>160</orbitalDistance>
                <orbitalTheta>119</orbitalTheta>
                <orbitalPhi>-189</orbitalPhi>
                <retrograde>false</retrograde>
                <avgTemperature>202</avgTemperature>
                <rotationalPeriod>984050</rotationalPeriod>
                <atmosphereDensity>17</atmosphereDensity>
                <generateCraters>true</generateCraters>
                <generateCaves>false</generateCaves>
                <generateVolcanos>false</generateVolcanos>
                <generateStructures>false</generateStructures>
                <generateGeodes>false</generateGeodes>
                <biomeIds>advancedrocketry:moon;30,advancedrocketry:moondark;30</biomeIds>
            </planet>
            <oceanBlock>minecraft:lava</oceanBlock>
        </planet>
        <planet DIMID="18" name="Sol 18">
            <isKnown>false</isKnown>
            <fogColor>1.0,1.0,1.0</fogColor>
            <skyColor>0.8,0.5344023,0.87690514</skyColor>
            <gravitationalMultiplier>130</gravitationalMultiplier>
            <orbitalDistance>111</orbitalDistance>
            <orbitalTheta>204</orbitalTheta>
            <orbitalPhi>68</orbitalPhi>
            <retrograde>false</retrograde>
            <avgTemperature>246</avgTemperature>
            <rotationalPeriod>10923</rotationalPeriod>
            <atmosphereDensity>66</atmosphereDensity>
            <generateCraters>true</generateCraters>
            <generateCaves>false</generateCaves>
            <generateVolcanos>false</generateVolcanos>
            <generateStructures>false</generateStructures>
            <generateGeodes>false</generateGeodes>
            <biomeIds>minecraft:ice_flats;30</biomeIds>
            <planet DIMID="19" name="Sol 18: 0">
                <isKnown>false</isKnown>
                <fogColor>1.0,1.0,1.0</fogColor>
                <skyColor>0.8,0.88795596,0.9073823</skyColor>
                <gravitationalMultiplier>60</gravitationalMultiplier>
                <orbitalDistance>150</orbitalDistance>
                <orbitalTheta>47</orbitalTheta>
                <orbitalPhi>8</orbitalPhi>
                <retrograde>false</retrograde>
                <avgTemperature>208</avgTemperature>
                <rotationalPeriod>111111</rotationalPeriod>
                <atmosphereDensity>29</atmosphereDensity>
                <generateCraters>true</generateCraters>
                <generateCaves>false</generateCaves>
                <generateVolcanos>false</generateVolcanos>
                <generateStructures>false</generateStructures>
                <generateGeodes>false</generateGeodes>
                <seaLevel>75</seaLevel>
                <biomeIds>minecraft:mutated_mesa_clear_rock;30,minecraft:mutated_swampland;30,minecraft:jungle_edge;30,minecraft:mutated_jungle;30,minecraft:extreme_hills_with_trees;30</biomeIds>
            </planet>
            <planet DIMID="20" name="Sol 18: 1">
                <isKnown>false</isKnown>
                <fogColor>1.0,1.0,1.0</fogColor>
                <skyColor>0.8,0.8643068,0.84751236</skyColor>
                <gravitationalMultiplier>64</gravitationalMultiplier>
                <orbitalDistance>128</orbitalDistance>
                <orbitalTheta>260</orbitalTheta>
                <orbitalPhi>-283</orbitalPhi>
                <retrograde>false</retrograde>
                <avgTemperature>226</avgTemperature>
                <rotationalPeriod>91552</rotationalPeriod>
                <atmosphereDensity>21</atmosphereDensity>
                <generateCraters>true</generateCraters>
                <generateCaves>false</generateCaves>
                <generateVolcanos>false</generateVolcanos>
                <generateStructures>false</generateStructures>
                <generateGeodes>false</generateGeodes>
                <seaLevel>76</seaLevel>
                <biomeIds>advancedrocketry:moon;30,advancedrocketry:moondark;30</biomeIds>
            </planet>
        </planet>
        <planet DIMID="4" name="Sol 4">
            <isKnown>false</isKnown>
            <GasGiant>true</GasGiant>
            <gas>nitrogen</gas>
            <gas>oxygen</gas>
            <gas>ammonia</gas>
            <fogColor>1.0,1.0,1.0</fogColor>
            <skyColor>1.0,1.0,1.0</skyColor>
            <gravitationalMultiplier>92</gravitationalMultiplier>
            <orbitalDistance>260</orbitalDistance>
            <orbitalTheta>0</orbitalTheta>
            <orbitalPhi>0</orbitalPhi>
            <retrograde>false</retrograde>
            <avgTemperature>180</avgTemperature>
            <rotationalPeriod>24000</rotationalPeriod>
            <atmosphereDensity>104</atmosphereDensity>
            <generateCraters>false</generateCraters>
            <generateCaves>false</generateCaves>
            <generateVolcanos>false</generateVolcanos>
            <generateStructures>false</generateStructures>
            <generateGeodes>false</generateGeodes>
        </planet>
        <planet DIMID="5" name="Sol 5">
            <isKnown>false</isKnown>
            <fogColor>1.0,1.0,1.0</fogColor>
            <skyColor>0.8,0.961228,0.41436815</skyColor>
            <gravitationalMultiplier>125</gravitationalMultiplier>
            <orbitalDistance>80</orbitalDistance>
            <orbitalTheta>317</orbitalTheta>
            <orbitalPhi>235</orbitalPhi>
            <retrograde>false</retrograde>
            <avgTemperature>364</avgTemperature>
            <rotationalPeriod>12141</rotationalPeriod>
            <atmosphereDensity>165</atmosphereDensity>
            <generateCraters>false</generateCraters>
            <generateCaves>false</generateCaves>
            <generateVolcanos>false</generateVolcanos>
            <generateStructures>true</generateStructures>
            <generateGeodes>true</generateGeodes>
            <biomeIds>minecraft:mushroom_island;30</biomeIds>
            <planet DIMID="6" name="Sol 5: 0">
                <isKnown>false</isKnown>
                <hasRings>true</hasRings>
                <ringColor>0.8,0.68412113,0.9735445</ringColor>
                <fogColor>1.0,1.0,1.0</fogColor>
                <skyColor>0.8,0.68412113,0.9735445</skyColor>
                <gravitationalMultiplier>46</gravitationalMultiplier>
                <orbitalDistance>161</orbitalDistance>
                <orbitalTheta>127</orbitalTheta>
                <orbitalPhi>-323</orbitalPhi>
                <retrograde>false</retrograde>
                <avgTemperature>201</avgTemperature>
                <rotationalPeriod>246568</rotationalPeriod>
                <atmosphereDensity>18</atmosphereDensity>
                <generateCraters>true</generateCraters>
                <generateCaves>false</generateCaves>
                <generateVolcanos>false</generateVolcanos>
                <generateStructures>false</generateStructures>
                <generateGeodes>false</generateGeodes>
                <biomeIds>advancedrocketry:moon;30,advancedrocketry:moondark;30</biomeIds>
            </planet>
        </planet>
        <planet DIMID="21" name="Sol 21">
            <isKnown>false</isKnown>
            <fogColor>1.0,1.0,1.0</fogColor>
            <skyColor>0.8,0.84519887,0.7398478</skyColor>
            <gravitationalMultiplier>96</gravitationalMultiplier>
            <orbitalDistance>117</orbitalDistance>
            <orbitalTheta>340</orbitalTheta>
            <orbitalPhi>-75</orbitalPhi>
            <retrograde>false</retrograde>
            <avgTemperature>284</avgTemperature>
            <rotationalPeriod>26707</rotationalPeriod>
            <atmosphereDensity>131</atmosphereDensity>
            <generateCraters>false</generateCraters>
            <generateCaves>false</generateCaves>
            <generateVolcanos>false</generateVolcanos>
            <generateStructures>true</generateStructures>
            <generateGeodes>true</generateGeodes>
            <biomeIds>minecraft:frozen_ocean;30,minecraft:birch_forest;10,minecraft:plains;10,minecraft:stone_beach;30,minecraft:mutated_plains;30</biomeIds>
        </planet>
        <planet DIMID="22" name="Sol 22">
            <isKnown>false</isKnown>
            <fogColor>1.0,1.0,1.0</fogColor>
            <skyColor>0.8,0.5461264,0.8252733</skyColor>
            <gravitationalMultiplier>130</gravitationalMultiplier>
            <orbitalDistance>134</orbitalDistance>
            <orbitalTheta>254</orbitalTheta>
            <orbitalPhi>18</orbitalPhi>
            <retrograde>false</retrograde>
            <avgTemperature>249</avgTemperature>
            <rotationalPeriod>10923</rotationalPeriod>
            <atmosphereDensity>101</atmosphereDensity>
            <generateCraters>false</generateCraters>
            <generateCaves>false</generateCaves>
            <generateVolcanos>false</generateVolcanos>
            <generateStructures>false</generateStructures>
            <generateGeodes>false</generateGeodes>
            <biomeIds>randomthings:spectral;30,minecraft:birch_forest;10,minecraft:desert_hills;30,minecraft:mutated_savanna_rock;30,buildcraftenergy:oil_ocean;30</biomeIds>
            <planet DIMID="23" name="Sol 22: 0">
                <isKnown>false</isKnown>
                <fogColor>1.0,1.0,1.0</fogColor>
                <skyColor>0.8,0.7722697,0.94436324</skyColor>
                <gravitationalMultiplier>44</gravitationalMultiplier>
                <orbitalDistance>141</orbitalDistance>
                <orbitalTheta>137</orbitalTheta>
                <orbitalPhi>-85</orbitalPhi>
                <retrograde>false</retrograde>
                <avgTemperature>215</avgTemperature>
                <rotationalPeriod>281743</rotationalPeriod>
                <atmosphereDensity>23</atmosphereDensity>
                <generateCraters>true</generateCraters>
                <generateCaves>false</generateCaves>
                <generateVolcanos>false</generateVolcanos>
                <generateStructures>false</generateStructures>
                <generateGeodes>false</generateGeodes>
                <biomeIds>advancedrocketry:moon;30,advancedrocketry:moondark;30</biomeIds>
            </planet>
        </planet>
        <planet DIMID="7" name="Sol 7">
            <isKnown>false</isKnown>
            <fogColor>1.0,1.0,1.0</fogColor>
            <skyColor>0.8,0.8923961,0.91217345</skyColor>
            <gravitationalMultiplier>130</gravitationalMultiplier>
            <orbitalDistance>141</orbitalDistance>
            <orbitalTheta>302</orbitalTheta>
            <orbitalPhi>-241</orbitalPhi>
            <retrograde>false</retrograde>
            <avgTemperature>225</avgTemperature>
            <rotationalPeriod>10923</rotationalPeriod>
            <atmosphereDensity>75</atmosphereDensity>
            <generateCraters>true</generateCraters>
            <generateCaves>false</generateCaves>
            <generateVolcanos>false</generateVolcanos>
            <generateStructures>false</generateStructures>
            <generateGeodes>false</generateGeodes>
            <biomeIds>minecraft:mushroom_island_shore;30,minecraft:mesa;30,minecraft:beaches;30,minecraft:mutated_mesa_rock;30,wastelands:wasteland mountains;30</biomeIds>
            <planet DIMID="8" name="Sol 7: 0">
                <isKnown>false</isKnown>
                <fogColor>1.0,1.0,1.0</fogColor>
                <skyColor>0.8,0.9838386,1.0</skyColor>
                <gravitationalMultiplier>48</gravitationalMultiplier>
                <orbitalDistance>173</orbitalDistance>
                <orbitalTheta>293</orbitalTheta>
                <orbitalPhi>-154</orbitalPhi>
                <retrograde>false</retrograde>
                <avgTemperature>194</avgTemperature>
                <rotationalPeriod>217013</rotationalPeriod>
                <atmosphereDensity>35</atmosphereDensity>
                <generateCraters>true</generateCraters>
                <generateCaves>false</generateCaves>
                <generateVolcanos>false</generateVolcanos>
                <generateStructures>false</generateStructures>
                <generateGeodes>false</generateGeodes>
                <biomeIds>minecraft:mutated_desert;30,minecraft:mushroom_island;30,minecraft:mutated_jungle_edge;30,minecraft:forest_hills;30,wastelands:wasteland forest;30</biomeIds>
            </planet>
            <planet DIMID="9" name="Sol 7: 1">
                <isKnown>false</isKnown>
                <fogColor>1.0,1.0,1.0</fogColor>
                <skyColor>0.8,0.7026953,1.0</skyColor>
                <gravitationalMultiplier>65</gravitationalMultiplier>
                <orbitalDistance>172</orbitalDistance>
                <orbitalTheta>154</orbitalTheta>
                <orbitalPhi>-166</orbitalPhi>
                <retrograde>false</retrograde>
                <avgTemperature>195</avgTemperature>
                <rotationalPeriod>87391</rotationalPeriod>
                <atmosphereDensity>29</atmosphereDensity>
                <generateCraters>true</generateCraters>
                <generateCaves>false</generateCaves>
                <generateVolcanos>false</generateVolcanos>
                <generateStructures>false</generateStructures>
                <generateGeodes>false</generateGeodes>
                <biomeIds>advancedrocketry:crystalchasms;30</biomeIds>
            </planet>
            <planet DIMID="10" name="Sol 7: 2">
                <isKnown>false</isKnown>
                <fogColor>1.0,1.0,1.0</fogColor>
                <skyColor>0.8,0.7268123,0.9641539</skyColor>
                <gravitationalMultiplier>43</gravitationalMultiplier>
                <orbitalDistance>140</orbitalDistance>
                <orbitalTheta>106</orbitalTheta>
                <orbitalPhi>69</orbitalPhi>
                <retrograde>false</retrograde>
                <avgTemperature>216</avgTemperature>
                <rotationalPeriod>301860</rotationalPeriod>
                <atmosphereDensity>16</atmosphereDensity>
                <generateCraters>true</generateCraters>
                <generateCaves>false</generateCaves>
                <generateVolcanos>false</generateVolcanos>
                <generateStructures>false</generateStructures>
                <generateGeodes>false</generateGeodes>
                <biomeIds>advancedrocketry:moon;30,advancedrocketry:moondark;30</biomeIds>
            </planet>
        </planet>
        <planet DIMID="24" name="Sol 24">
            <isKnown>false</isKnown>
            <fogColor>1.0,1.0,1.0</fogColor>
            <skyColor>0.8,0.6880553,0.55515945</skyColor>
            <gravitationalMultiplier>130</gravitationalMultiplier>
            <orbitalDistance>61</orbitalDistance>
            <orbitalTheta>328</orbitalTheta>
            <orbitalPhi>-181</orbitalPhi>
            <retrograde>false</retrograde>
            <avgTemperature>327</avgTemperature>
            <rotationalPeriod>10923</rotationalPeriod>
            <atmosphereDensity>0</atmosphereDensity>
            <generateCraters>true</generateCraters>
            <generateCaves>false</generateCaves>
            <generateVolcanos>false</generateVolcanos>
            <generateStructures>false</generateStructures>
            <generateGeodes>false</generateGeodes>
            <seaLevel>73</seaLevel>
            <biomeIds>advancedrocketry:moon;30,advancedrocketry:moondark;30</biomeIds>
            <planet DIMID="25" name="Sol 24: 0">
                <isKnown>false</isKnown>
                <fogColor>1.0,1.0,1.0</fogColor>
                <skyColor>0.8,0.7766545,0.97591984</skyColor>
                <gravitationalMultiplier>42</gravitationalMultiplier>
                <orbitalDistance>156</orbitalDistance>
                <orbitalTheta>27</orbitalTheta>
                <orbitalPhi>239</orbitalPhi>
                <retrograde>false</retrograde>
                <avgTemperature>204</avgTemperature>
                <rotationalPeriod>323939</rotationalPeriod>
                <atmosphereDensity>17</atmosphereDensity>
                <generateCraters>true</generateCraters>
                <generateCaves>false</generateCaves>
                <generateVolcanos>false</generateVolcanos>
                <generateStructures>false</generateStructures>
                <generateGeodes>false</generateGeodes>
                <biomeIds>advancedrocketry:moon;30,advancedrocketry:moondark;30</biomeIds>
            </planet>
        </planet>
        <planet DIMID="11" name="Sol 11">
            <isKnown>false</isKnown>
            <fogColor>1.0,1.0,1.0</fogColor>
            <skyColor>0.8,0.66247165,0.9122697</skyColor>
            <gravitationalMultiplier>130</gravitationalMultiplier>
            <orbitalDistance>125</orbitalDistance>
            <orbitalTheta>271</orbitalTheta>
            <orbitalPhi>-260</orbitalPhi>
            <retrograde>false</retrograde>
            <avgTemperature>228</avgTemperature>
            <rotationalPeriod>10923</rotationalPeriod>
            <atmosphereDensity>0</atmosphereDensity>
            <generateCraters>true</generateCraters>
            <generateCaves>false</generateCaves>
            <generateVolcanos>false</generateVolcanos>
            <generateStructures>false</generateStructures>
            <generateGeodes>false</generateGeodes>
            <biomeIds>advancedrocketry:moon;30,advancedrocketry:moondark;30</biomeIds>
        </planet>
        <planet DIMID="12" name="Sol 12">
            <isKnown>false</isKnown>
            <fogColor>1.0,1.0,1.0</fogColor>
            <skyColor>0.8,0.8077533,0.606718</skyColor>
            <gravitationalMultiplier>123</gravitationalMultiplier>
            <orbitalDistance>129</orbitalDistance>
            <orbitalTheta>170</orbitalTheta>
            <orbitalPhi>114</orbitalPhi>
            <retrograde>false</retrograde>
            <avgTemperature>300</avgTemperature>
            <rotationalPeriod>12741</rotationalPeriod>
            <atmosphereDensity>197</atmosphereDensity>
            <generateCraters>false</generateCraters>
            <generateCaves>false</generateCaves>
            <generateVolcanos>false</generateVolcanos>
            <generateStructures>true</generateStructures>
            <generateGeodes>true</generateGeodes>
            <biomeIds>minecraft:smaller_extreme_hills;30,wastelands:wasteland;30,minecraft:birch_forest_hills;30,minecraft:extreme_hills;10,appliedenergistics2:storage_biome;30</biomeIds>
            <planet DIMID="13" name="Sol 12: 0">
                <isKnown>false</isKnown>
                <fogColor>1.0,1.0,1.0</fogColor>
                <skyColor>0.8,0.8752492,1.0</skyColor>
                <gravitationalMultiplier>66</gravitationalMultiplier>
                <orbitalDistance>188</orbitalDistance>
                <orbitalTheta>124</orbitalTheta>
                <orbitalPhi>16</orbitalPhi>
                <retrograde>false</retrograde>
                <avgTemperature>186</avgTemperature>
                <rotationalPeriod>83479</rotationalPeriod>
                <atmosphereDensity>18</atmosphereDensity>
                <generateCraters>true</generateCraters>
                <generateCaves>false</generateCaves>
                <generateVolcanos>false</generateVolcanos>
                <generateStructures>false</generateStructures>
                <generateGeodes>false</generateGeodes>
                <biomeIds>advancedrocketry:moon;30,advancedrocketry:moondark;30</biomeIds>
            </planet>
            <planet DIMID="14" name="Sol 12: 1">
                <isKnown>false</isKnown>
                <fogColor>1.0,1.0,1.0</fogColor>
                <skyColor>0.8,0.74052167,0.7991632</skyColor>
                <gravitationalMultiplier>52</gravitationalMultiplier>
                <orbitalDistance>111</orbitalDistance>
                <orbitalTheta>14</orbitalTheta>
                <orbitalPhi>-269</orbitalPhi>
                <retrograde>false</retrograde>
                <avgTemperature>242</avgTemperature>
                <rotationalPeriod>170687</rotationalPeriod>
                <atmosphereDensity>22</atmosphereDensity>
                <generateCraters>true</generateCraters>
                <generateCaves>false</generateCaves>
                <generateVolcanos>false</generateVolcanos>
                <generateStructures>false</generateStructures>
                <generateGeodes>false</generateGeodes>
                <biomeIds>advancedrocketry:moon;30,advancedrocketry:moondark;30</biomeIds>
            </planet>
            <planet DIMID="15" name="Sol 12: 2">
                <isKnown>false</isKnown>
                <hasRings>true</hasRings>
                <ringColor>0.8,0.95675975,1.0</ringColor>
                <fogColor>1.0,1.0,1.0</fogColor>
                <skyColor>0.8,0.95675975,1.0</skyColor>
                <gravitationalMultiplier>42</gravitationalMultiplier>
                <orbitalDistance>198</orbitalDistance>
                <orbitalTheta>116</orbitalTheta>
                <orbitalPhi>-23</orbitalPhi>
                <retrograde>false</retrograde>
                <avgTemperature>181</avgTemperature>
                <rotationalPeriod>323939</rotationalPeriod>
                <atmosphereDensity>22</atmosphereDensity>
                <generateCraters>true</generateCraters>
                <generateCaves>false</generateCaves>
                <generateVolcanos>false</generateVolcanos>
                <generateStructures>false</generateStructures>
                <generateGeodes>false</generateGeodes>
                <biomeIds>advancedrocketry:moon;30,advancedrocketry:moondark;30</biomeIds>
            </planet>
        </planet>
    </star>
    <star blackHole="false" name="Wolf 12" numGasGiants="0" numPlanets="0" size="1.0" temp="10" x="300" y="-200">
        <planet DIMID="35" name="Wolf 12 35">
            <isKnown>false</isKnown>
            <fogColor>1.0,1.0,1.0</fogColor>
            <skyColor>0.31707025,0.60159755,1.0</skyColor>
            <gravitationalMultiplier>130</gravitationalMultiplier>
            <orbitalDistance>97</orbitalDistance>
            <orbitalTheta>39</orbitalTheta>
            <orbitalPhi>-202</orbitalPhi>
            <retrograde>false</retrograde>
            <avgTemperature>28</avgTemperature>
            <rotationalPeriod>10923</rotationalPeriod>
            <atmosphereDensity>90</atmosphereDensity>
            <generateCraters>false</generateCraters>
            <generateCaves>false</generateCaves>
            <generateVolcanos>false</generateVolcanos>
            <generateStructures>false</generateStructures>
            <generateGeodes>false</generateGeodes>
            <biomeIds>minecraft:jungle_edge;30,wastelands:wasteland mountains;30,minecraft:mutated_savanna_rock;30,minecraft:forest;10,minecraft:birch_forest;10</biomeIds>
            <planet DIMID="36" name="Wolf 12 35: 0">
                <isKnown>false</isKnown>
                <fogColor>1.0,1.0,1.0</fogColor>
                <skyColor>0.29739016,0.52724934,1.0</skyColor>
                <gravitationalMultiplier>82</gravitationalMultiplier>
                <orbitalDistance>189</orbitalDistance>
                <orbitalTheta>238</orbitalTheta>
                <orbitalPhi>215</orbitalPhi>
                <retrograde>false</retrograde>
                <avgTemperature>18</avgTemperature>
                <rotationalPeriod>43528</rotationalPeriod>
                <atmosphereDensity>18</atmosphereDensity>
                <generateCraters>true</generateCraters>
                <generateCaves>false</generateCaves>
                <generateVolcanos>false</generateVolcanos>
                <generateStructures>false</generateStructures>
                <generateGeodes>false</generateGeodes>
                <biomeIds>advancedrocketry:moon;30,advancedrocketry:moondark;30</biomeIds>
            </planet>
            <planet DIMID="37" name="Wolf 12 35: 1">
                <isKnown>false</isKnown>
                <fogColor>1.0,1.0,1.0</fogColor>
                <skyColor>0.3254909,0.9149414,1.0</skyColor>
                <gravitationalMultiplier>86</gravitationalMultiplier>
                <orbitalDistance>169</orbitalDistance>
                <orbitalTheta>58</orbitalTheta>
                <orbitalPhi>-397</orbitalPhi>
                <retrograde>false</retrograde>
                <avgTemperature>19</avgTemperature>
                <rotationalPeriod>37732</rotationalPeriod>
                <atmosphereDensity>31</atmosphereDensity>
                <generateCraters>true</generateCraters>
                <generateCaves>false</generateCaves>
                <generateVolcanos>false</generateVolcanos>
                <generateStructures>false</generateStructures>
                <generateGeodes>false</generateGeodes>
                <biomeIds>advancedrocketry:volcanicbarren;30,wastelands:wasteland mountains;30,wastelands:wasteland forest;30,minecraft:extreme_hills;10,minecraft:desert_hills;30</biomeIds>
            </planet>
        </planet>
        <planet DIMID="26" name="Wolf 12 26">
            <isKnown>false</isKnown>
            <fogColor>1.0,1.0,1.0</fogColor>
            <skyColor>0.67750716,0.6218946,1.0</skyColor>
            <gravitationalMultiplier>130</gravitationalMultiplier>
            <orbitalDistance>7</orbitalDistance>
            <orbitalTheta>160</orbitalTheta>
            <orbitalPhi>-204</orbitalPhi>
            <retrograde>false</retrograde>
            <avgTemperature>129</avgTemperature>
            <rotationalPeriod>10923</rotationalPeriod>
            <atmosphereDensity>203</atmosphereDensity>
            <generateCraters>false</generateCraters>
            <generateCaves>false</generateCaves>
            <generateVolcanos>false</generateVolcanos>
            <generateStructures>false</generateStructures>
            <generateGeodes>true</generateGeodes>
            <biomeIds>minecraft:mutated_extreme_hills;30,minecraft:mesa_rock;30,minecraft:mutated_jungle;30,minecraft:jungle_edge;30,minecraft:stone_beach;30</biomeIds>
            <planet DIMID="27" name="Wolf 12 26: 0">
                <isKnown>false</isKnown>
                <fogColor>1.0,1.0,1.0</fogColor>
                <skyColor>0.34418285,0.8269305,1.0</skyColor>
                <gravitationalMultiplier>87</gravitationalMultiplier>
                <orbitalDistance>181</orbitalDistance>
                <orbitalTheta>216</orbitalTheta>
                <orbitalPhi>-390</orbitalPhi>
                <retrograde>false</retrograde>
                <avgTemperature>19</avgTemperature>
                <rotationalPeriod>36446</rotationalPeriod>
                <atmosphereDensity>33</atmosphereDensity>
                <generateCraters>true</generateCraters>
                <generateCaves>false</generateCaves>
                <generateVolcanos>false</generateVolcanos>
                <generateStructures>false</generateStructures>
                <generateGeodes>false</generateGeodes>
                <biomeIds>minecraft:mutated_mesa;30,minecraft:extreme_hills_with_trees;30,wastelands:wasteland desert;30,minecraft:mutated_desert;30,advancedrocketry:volcanicbarren;30</biomeIds>
            </planet>
        </planet>
        <planet DIMID="28" name="Wolf 12 28">
            <isKnown>false</isKnown>
            <fogColor>1.0,1.0,1.0</fogColor>
            <skyColor>0.35990077,0.6073278,1.0</skyColor>
            <gravitationalMultiplier>117</gravitationalMultiplier>
            <orbitalDistance>149</orbitalDistance>
            <orbitalTheta>121</orbitalTheta>
            <orbitalPhi>-209</orbitalPhi>
            <retrograde>false</retrograde>
            <avgTemperature>24</avgTemperature>
            <rotationalPeriod>14794</rotationalPeriod>
            <atmosphereDensity>115</atmosphereDensity>
            <generateCraters>false</generateCraters>
            <generateCaves>false</generateCaves>
            <generateVolcanos>false</generateVolcanos>
            <generateStructures>false</generateStructures>
            <generateGeodes>false</generateGeodes>
            <biomeIds>minecraft:mutated_roofed_forest;30,minecraft:birch_forest;10,minecraft:mushroom_island_shore;30,advancedrocketry:oceanspires;30,wastelands:wasteland desert;30</biomeIds>
            <planet DIMID="29" name="Wolf 12 28: 0">
                <isKnown>false</isKnown>
                <fogColor>1.0,1.0,1.0</fogColor>
                <skyColor>0.30056304,0.5968632,1.0</skyColor>
                <gravitationalMultiplier>76</gravitationalMultiplier>
                <orbitalDistance>164</orbitalDistance>
                <orbitalTheta>101</orbitalTheta>
                <orbitalPhi>-178</orbitalPhi>
                <retrograde>false</retrograde>
                <avgTemperature>19</avgTemperature>
                <rotationalPeriod>54672</rotationalPeriod>
                <atmosphereDensity>31</atmosphereDensity>
                <generateCraters>true</generateCraters>
                <generateCaves>false</generateCaves>
                <generateVolcanos>false</generateVolcanos>
                <generateStructures>false</generateStructures>
                <generateGeodes>false</generateGeodes>
                <biomeIds>nuclearcraft:nuclear_wasteland;5,minecraft:mutated_redwood_taiga_hills;30,minecraft:mushroom_island;30,buildcraftenergy:oil_ocean;30,minecraft:extreme_hills_with_trees;30</biomeIds>
            </planet>
        </planet>
        <planet DIMID="30" name="Wolf 12 30">
            <isKnown>false</isKnown>
            <fogColor>1.0,1.0,1.0</fogColor>
            <skyColor>0.36262023,0.751879,1.0</skyColor>
            <gravitationalMultiplier>130</gravitationalMultiplier>
            <orbitalDistance>131</orbitalDistance>
            <orbitalTheta>344</orbitalTheta>
            <orbitalPhi>41</orbitalPhi>
            <retrograde>false</retrograde>
            <avgTemperature>22</avgTemperature>
            <rotationalPeriod>10923</rotationalPeriod>
            <atmosphereDensity>56</atmosphereDensity>
            <generateCraters>true</generateCraters>
            <generateCaves>false</generateCaves>
            <generateVolcanos>false</generateVolcanos>
            <generateStructures>false</generateStructures>
            <generateGeodes>false</generateGeodes>
            <seaLevel>68</seaLevel>
            <biomeIds>nuclearcraft:nuclear_wasteland;5,minecraft:mutated_roofed_forest;30,minecraft:mutated_desert;30,minecraft:mutated_forest;30,minecraft:plains;10</biomeIds>
        </planet>
        <planet DIMID="31" name="Wolf 12 31">
            <isKnown>false</isKnown>
            <fogColor>1.0,1.0,1.0</fogColor>
            <skyColor>0.3274312,0.5271017,1.0</skyColor>
            <gravitationalMultiplier>130</gravitationalMultiplier>
            <orbitalDistance>118</orbitalDistance>
            <orbitalTheta>328</orbitalTheta>
            <orbitalPhi>32</orbitalPhi>
            <retrograde>false</retrograde>
            <avgTemperature>32</avgTemperature>
            <rotationalPeriod>10923</rotationalPeriod>
            <atmosphereDensity>218</atmosphereDensity>
            <generateCraters>false</generateCraters>
            <generateCaves>false</generateCaves>
            <generateVolcanos>false</generateVolcanos>
            <generateStructures>false</generateStructures>
            <generateGeodes>true</generateGeodes>
            <biomeIds>minecraft:jungle;30,minecraft:birch_forest;10,minecraft:mutated_birch_forest_hills;30,minecraft:mutated_redwood_taiga;30,minecraft:mutated_mesa_rock;30</biomeIds>
            <planet DIMID="32" name="Wolf 12 31: 0">
                <isKnown>false</isKnown>
                <fogColor>1.0,1.0,1.0</fogColor>
                <skyColor>0.28123927,0.90430564,1.0</skyColor>
                <gravitationalMultiplier>76</gravitationalMultiplier>
                <orbitalDistance>131</orbitalDistance>
                <orbitalTheta>72</orbitalTheta>
                <orbitalPhi>-240</orbitalPhi>
                <retrograde>false</retrograde>
                <avgTemperature>22</avgTemperature>
                <rotationalPeriod>54672</rotationalPeriod>
                <atmosphereDensity>30</atmosphereDensity>
                <generateCraters>true</generateCraters>
                <generateCaves>false</generateCaves>
                <generateVolcanos>false</generateVolcanos>
                <generateStructures>false</generateStructures>
                <generateGeodes>false</generateGeodes>
                <biomeIds>minecraft:mutated_redwood_taiga;30,advancedrocketry:volcanicbarren;30,minecraft:mutated_jungle_edge;30,minecraft:mesa_clear_rock;30,minecraft:mutated_savanna_rock;30</biomeIds>
            </planet>
            <planet DIMID="33" name="Wolf 12 31: 1">
                <isKnown>false</isKnown>
                <fogColor>1.0,1.0,1.0</fogColor>
                <skyColor>0.32394528,0.6368915,1.0</skyColor>
                <gravitationalMultiplier>50</gravitationalMultiplier>
                <orbitalDistance>112</orbitalDistance>
                <orbitalTheta>194</orbitalTheta>
                <orbitalPhi>-83</orbitalPhi>
                <retrograde>false</retrograde>
                <avgTemperature>24</avgTemperature>
                <rotationalPeriod>192000</rotationalPeriod>
                <atmosphereDensity>27</atmosphereDensity>
                <generateCraters>true</generateCraters>
                <generateCaves>false</generateCaves>
                <generateVolcanos>false</generateVolcanos>
                <generateStructures>false</generateStructures>
                <generateGeodes>false</generateGeodes>
                <biomeIds>minecraft:roofed_forest;10,minecraft:mutated_plains;30,wastelands:wasteland;30,minecraft:mutated_birch_forest;30,minecraft:beaches;30</biomeIds>
            </planet>
            <planet DIMID="34" name="Wolf 12 31: 2">
                <isKnown>false</isKnown>
                <fogColor>1.0,1.0,1.0</fogColor>
                <skyColor>0.31519705,0.517629,1.0</skyColor>
                <gravitationalMultiplier>75</gravitationalMultiplier>
                <orbitalDistance>146</orbitalDistance>
                <orbitalTheta>206</orbitalTheta>
                <orbitalPhi>-110</orbitalPhi>
                <retrograde>false</retrograde>
                <avgTemperature>21</avgTemperature>
                <rotationalPeriod>56888</rotationalPeriod>
                <atmosphereDensity>21</atmosphereDensity>
                <generateCraters>true</generateCraters>
                <generateCaves>false</generateCaves>
                <generateVolcanos>false</generateVolcanos>
                <generateStructures>false</generateStructures>
                <generateGeodes>false</generateGeodes>
                <biomeIds>advancedrocketry:moon;30,advancedrocketry:moondark;30</biomeIds>
            </planet>
        </planet>
    </star>
    <star blackHole="false" name="Epsilon ire" numGasGiants="0" numPlanets="0" size="1.0" temp="170" x="-200" y="80">
        <planet DIMID="48" name="Epsilon ire 48">
            <isKnown>false</isKnown>
            <fogColor>1.0,1.0,1.0</fogColor>
            <skyColor>0.8,0.8546485,0.0</skyColor>
            <gravitationalMultiplier>87</gravitationalMultiplier>
            <orbitalDistance>30</orbitalDistance>
            <orbitalTheta>179</orbitalTheta>
            <orbitalPhi>-73</orbitalPhi>
            <retrograde>false</retrograde>
            <avgTemperature>820</avgTemperature>
            <rotationalPeriod>35825</rotationalPeriod>
            <atmosphereDensity>71</atmosphereDensity>
            <generateCraters>true</generateCraters>
            <generateCaves>false</generateCaves>
            <generateVolcanos>true</generateVolcanos>
            <generateStructures>false</generateStructures>
            <generateGeodes>false</generateGeodes>
            <biomeIds>minecraft:desert_hills;30,minecraft:desert;30,minecraft:mutated_mesa;30,minecraft:ocean;30,minecraft:jungle;30</biomeIds>
            <oceanBlock>minecraft:lava</oceanBlock>
        </planet>
        <planet DIMID="49" name="Epsilon ire 49">
            <isKnown>false</isKnown>
            <fogColor>1.0,1.0,1.0</fogColor>
            <skyColor>0.8,0.8958852,0.38975406</skyColor>
            <gravitationalMultiplier>130</gravitationalMultiplier>
            <orbitalDistance>138</orbitalDistance>
            <orbitalTheta>12</orbitalTheta>
            <orbitalPhi>52</orbitalPhi>
            <retrograde>false</retrograde>
            <avgTemperature>370</avgTemperature>
            <rotationalPeriod>10923</rotationalPeriod>
            <atmosphereDensity>19</atmosphereDensity>
            <generateCraters>true</generateCraters>
            <generateCaves>false</generateCaves>
            <generateVolcanos>false</generateVolcanos>
            <generateStructures>false</generateStructures>
            <generateGeodes>false</generateGeodes>
            <biomeIds>advancedrocketry:moon;30,advancedrocketry:moondark;30</biomeIds>
            <planet DIMID="50" name="Epsilon ire 49: 0">
                <isKnown>false</isKnown>
                <fogColor>1.0,1.0,1.0</fogColor>
                <skyColor>0.8,0.6068425,0.5001564</skyColor>
                <gravitationalMultiplier>81</gravitationalMultiplier>
                <orbitalDistance>159</orbitalDistance>
                <orbitalTheta>290</orbitalTheta>
                <orbitalPhi>-345</orbitalPhi>
                <retrograde>false</retrograde>
                <avgTemperature>344</avgTemperature>
                <rotationalPeriod>45160</rotationalPeriod>
                <atmosphereDensity>13</atmosphereDensity>
                <generateCraters>true</generateCraters>
                <generateCaves>false</generateCaves>
                <generateVolcanos>false</generateVolcanos>
                <generateStructures>false</generateStructures>
                <generateGeodes>false</generateGeodes>
                <biomeIds>advancedrocketry:moon;30,advancedrocketry:moondark;30</biomeIds>
            </planet>
        </planet>
        <planet DIMID="51" name="Epsilon ire 51">
            <isKnown>false</isKnown>
            <fogColor>1.0,1.0,1.0</fogColor>
            <skyColor>0.8,0.94889843,0.18456721</skyColor>
            <gravitationalMultiplier>130</gravitationalMultiplier>
            <orbitalDistance>171</orbitalDistance>
            <orbitalTheta>137</orbitalTheta>
            <orbitalPhi>-201</orbitalPhi>
            <retrograde>false</retrograde>
            <avgTemperature>435</avgTemperature>
            <rotationalPeriod>10923</rotationalPeriod>
            <atmosphereDensity>183</atmosphereDensity>
            <generateCraters>false</generateCraters>
            <generateCaves>false</generateCaves>
            <generateVolcanos>false</generateVolcanos>
            <generateStructures>true</generateStructures>
            <generateGeodes>true</generateGeodes>
            <biomeIds>minecraft:frozen_ocean;30,minecraft:mesa_rock;30,minecraft:mutated_jungle_edge;30,minecraft:desert;30,minecraft:mutated_extreme_hills_with_trees;30</biomeIds>
            <planet DIMID="52" name="Epsilon ire 51: 0">
                <isKnown>false</isKnown>
                <fogColor>1.0,1.0,1.0</fogColor>
                <skyColor>0.8,0.6039377,0.46834618</skyColor>
                <gravitationalMultiplier>76</gravitationalMultiplier>
                <orbitalDistance>160</orbitalDistance>
                <orbitalTheta>148</orbitalTheta>
                <orbitalPhi>-40</orbitalPhi>
                <retrograde>false</retrograde>
                <avgTemperature>343</avgTemperature>
                <rotationalPeriod>54672</rotationalPeriod>
                <atmosphereDensity>14</atmosphereDensity>
                <generateCraters>true</generateCraters>
                <generateCaves>false</generateCaves>
                <generateVolcanos>false</generateVolcanos>
                <generateStructures>false</generateStructures>
                <generateGeodes>false</generateGeodes>
                <biomeIds>advancedrocketry:moon;30,advancedrocketry:moondark;30</biomeIds>
            </planet>
        </planet>
        <planet DIMID="38" name="Epsilon ire 38">
            <isKnown>false</isKnown>
            <fogColor>1.0,1.0,1.0</fogColor>
            <skyColor>0.8,0.8251771,0.0</skyColor>
            <gravitationalMultiplier>118</gravitationalMultiplier>
            <orbitalDistance>52</orbitalDistance>
            <orbitalTheta>54</orbitalTheta>
            <orbitalPhi>-329</orbitalPhi>
            <retrograde>false</retrograde>
            <avgTemperature>787</avgTemperature>
            <rotationalPeriod>14423</rotationalPeriod>
            <atmosphereDensity>181</atmosphereDensity>
            <generateCraters>false</generateCraters>
            <generateCaves>false</generateCaves>
            <generateVolcanos>true</generateVolcanos>
            <generateStructures>false</generateStructures>
            <generateGeodes>true</generateGeodes>
            <biomeIds>minecraft:mutated_mesa_rock;30,minecraft:mutated_mesa;30,minecraft:jungle_edge;30,minecraft:savanna_rock;30,minecraft:mutated_savanna;30</biomeIds>
            <planet DIMID="39" name="Epsilon ire 38: 0">
                <isKnown>false</isKnown>
                <fogColor>1.0,1.0,1.0</fogColor>
                <skyColor>0.8,0.63673866,0.3670699</skyColor>
                <gravitationalMultiplier>35</gravitationalMultiplier>
                <orbitalDistance>123</orbitalDistance>
                <orbitalTheta>5</orbitalTheta>
                <orbitalPhi>-184</orbitalPhi>
                <retrograde>false</retrograde>
                <avgTemperature>392</avgTemperature>
                <rotationalPeriod>559766</rotationalPeriod>
                <atmosphereDensity>18</atmosphereDensity>
                <generateCraters>true</generateCraters>
                <generateCaves>false</generateCaves>
                <generateVolcanos>false</generateVolcanos>
                <generateStructures>false</generateStructures>
                <generateGeodes>false</generateGeodes>
                <biomeIds>advancedrocketry:moon;30,advancedrocketry:moondark;30</biomeIds>
            </planet>
            <oceanBlock>minecraft:lava</oceanBlock>
        </planet>
        <planet DIMID="40" name="Epsilon ire 40">
            <isKnown>false</isKnown>
            <fogColor>1.0,1.0,1.0</fogColor>
            <skyColor>0.8,0.72308195,0.0</skyColor>
            <gravitationalMultiplier>130</gravitationalMultiplier>
            <orbitalDistance>75</orbitalDistance>
            <orbitalTheta>270</orbitalTheta>
            <orbitalPhi>-317</orbitalPhi>
            <retrograde>false</retrograde>
            <avgTemperature>502</avgTemperature>
            <rotationalPeriod>10923</rotationalPeriod>
            <atmosphereDensity>53</atmosphereDensity>
            <generateCraters>true</generateCraters>
            <generateCaves>false</generateCaves>
            <generateVolcanos>true</generateVolcanos>
            <generateStructures>false</generateStructures>
            <generateGeodes>false</generateGeodes>
            <biomeIds>advancedrocketry:oceanspires;30,minecraft:mutated_mesa_rock;30,minecraft:mutated_savanna;30,minecraft:deep_ocean;30,minecraft:mutated_mesa_clear_rock;30</biomeIds>
            <planet DIMID="41" name="Epsilon ire 40: 0">
                <isKnown>false</isKnown>
                <fogColor>1.0,1.0,1.0</fogColor>
                <skyColor>0.8,0.91915715,0.48962396</skyColor>
                <gravitationalMultiplier>42</gravitationalMultiplier>
                <orbitalDistance>150</orbitalDistance>
                <orbitalTheta>195</orbitalTheta>
                <orbitalPhi>-128</orbitalPhi>
                <retrograde>false</retrograde>
                <avgTemperature>355</avgTemperature>
                <rotationalPeriod>323939</rotationalPeriod>
                <atmosphereDensity>13</atmosphereDensity>
                <generateCraters>true</generateCraters>
                <generateCaves>false</generateCaves>
                <generateVolcanos>false</generateVolcanos>
                <generateStructures>false</generateStructures>
                <generateGeodes>false</generateGeodes>
                <biomeIds>advancedrocketry:moon;30,advancedrocketry:moondark;30</biomeIds>
            </planet>
            <planet DIMID="42" name="Epsilon ire 40: 1">
                <isKnown>false</isKnown>
                <fogColor>1.0,1.0,1.0</fogColor>
                <skyColor>0.8,0.88829076,0.32183033</skyColor>
                <gravitationalMultiplier>52</gravitationalMultiplier>
                <orbitalDistance>112</orbitalDistance>
                <orbitalTheta>272</orbitalTheta>
                <orbitalPhi>-127</orbitalPhi>
                <retrograde>false</retrograde>
                <avgTemperature>410</avgTemperature>
                <rotationalPeriod>170687</rotationalPeriod>
                <atmosphereDensity>18</atmosphereDensity>
                <generateCraters>true</generateCraters>
                <generateCaves>false</generateCaves>
                <generateVolcanos>false</generateVolcanos>
                <generateStructures>false</generateStructures>
                <generateGeodes>false</generateGeodes>
                <biomeIds>advancedrocketry:moon;30,advancedrocketry:moondark;30</biomeIds>
            </planet>
            <oceanBlock>minecraft:lava</oceanBlock>
        </planet>
        <planet DIMID="43" name="Epsilon ire 43">
            <isKnown>false</isKnown>
            <fogColor>1.0,1.0,1.0</fogColor>
            <skyColor>0.8,0.76250887,0.61156297</skyColor>
            <gravitationalMultiplier>103</gravitationalMultiplier>
            <orbitalDistance>196</orbitalDistance>
            <orbitalTheta>206</orbitalTheta>
            <orbitalPhi>-344</orbitalPhi>
            <retrograde>false</retrograde>
            <avgTemperature>310</avgTemperature>
            <rotationalPeriod>21646</rotationalPeriod>
            <atmosphereDensity>2</atmosphereDensity>
            <generateCraters>true</generateCraters>
            <generateCaves>false</generateCaves>
            <generateVolcanos>false</generateVolcanos>
            <generateStructures>false</generateStructures>
            <generateGeodes>false</generateGeodes>
            <biomeIds>advancedrocketry:moon;30,advancedrocketry:moondark;30</biomeIds>
            <planet DIMID="44" name="Epsilon ire 43: 0">
                <isKnown>false</isKnown>
                <fogColor>1.0,1.0,1.0</fogColor>
                <skyColor>0.8,0.5687827,0.43669134</skyColor>
                <gravitationalMultiplier>52</gravitationalMultiplier>
                <orbitalDistance>138</orbitalDistance>
                <orbitalTheta>226</orbitalTheta>
                <orbitalPhi>69</orbitalPhi>
                <retrograde>false</retrograde>
                <avgTemperature>370</avgTemperature>
                <rotationalPeriod>170687</rotationalPeriod>
                <atmosphereDensity>28</atmosphereDensity>
                <generateCraters>true</generateCraters>
                <generateCaves>false</generateCaves>
                <generateVolcanos>false</generateVolcanos>
                <generateStructures>false</generateStructures>
                <generateGeodes>false</generateGeodes>
                <biomeIds>minecraft:mutated_roofed_forest;30,minecraft:deep_ocean;30,advancedrocketry:oceanspires;30,minecraft:mutated_savanna_rock;30,minecraft:birch_forest;10</biomeIds>
            </planet>
        </planet>
        <planet DIMID="45" name="Epsilon ire 45">
            <isKnown>false</isKnown>
            <fogColor>1.0,1.0,1.0</fogColor>
            <skyColor>0.8,0.66653514,0.025660694</skyColor>
            <gravitationalMultiplier>108</gravitationalMultiplier>
            <orbitalDistance>129</orbitalDistance>
            <orbitalTheta>52</orbitalTheta>
            <orbitalPhi>4</orbitalPhi>
            <retrograde>false</retrograde>
            <avgTemperature>478</avgTemperature>
            <rotationalPeriod>18789</rotationalPeriod>
            <atmosphereDensity>152</atmosphereDensity>
            <generateCraters>false</generateCraters>
            <generateCaves>false</generateCaves>
            <generateVolcanos>true</generateVolcanos>
            <generateStructures>false</generateStructures>
            <generateGeodes>true</generateGeodes>
            <biomeIds>minecraft:jungle_hills;30,buildcraftenergy:oil_ocean;30,minecraft:mutated_jungle_edge;30,minecraft:desert_hills;30,buildcraftenergy:oil_desert;30</biomeIds>
            <planet DIMID="46" name="Epsilon ire 45: 0">
                <isKnown>false</isKnown>
                <fogColor>1.0,1.0,1.0</fogColor>
                <skyColor>0.8,0.61415076,0.5094149</skyColor>
                <gravitationalMultiplier>31</gravitationalMultiplier>
                <orbitalDistance>161</orbitalDistance>
                <orbitalTheta>148</orbitalTheta>
                <orbitalPhi>-172</orbitalPhi>
                <retrograde>false</retrograde>
                <avgTemperature>342</avgTemperature>
                <rotationalPeriod>805612</rotationalPeriod>
                <atmosphereDensity>20</atmosphereDensity>
                <generateCraters>true</generateCraters>
                <generateCaves>false</generateCaves>
                <generateVolcanos>false</generateVolcanos>
                <generateStructures>false</generateStructures>
                <generateGeodes>false</generateGeodes>
                <biomeIds>advancedrocketry:moon;30,advancedrocketry:moondark;30</biomeIds>
            </planet>
            <planet DIMID="47" name="Epsilon ire 45: 1">
                <isKnown>false</isKnown>
                <hasRings>true</hasRings>
                <ringColor>0.8,0.778455,0.6141075</ringColor>
                <fogColor>1.0,1.0,1.0</fogColor>
                <skyColor>0.8,0.778455,0.6141075</skyColor>
                <gravitationalMultiplier>50</gravitationalMultiplier>
                <orbitalDistance>194</orbitalDistance>
                <orbitalTheta>195</orbitalTheta>
                <orbitalPhi>-121</orbitalPhi>
                <retrograde>false</retrograde>
                <avgTemperature>312</avgTemperature>
                <rotationalPeriod>192000</rotationalPeriod>
                <atmosphereDensity>31</atmosphereDensity>
                <generateCraters>true</generateCraters>
                <generateCaves>false</generateCaves>
                <generateVolcanos>false</generateVolcanos>
                <generateStructures>false</generateStructures>
                <generateGeodes>false</generateGeodes>
                <biomeIds>minecraft:mutated_roofed_forest;30,appliedenergistics2:storage_biome;30,advancedrocketry:oceanspires;30,minecraft:deep_ocean;30,minecraft:taiga;10</biomeIds>
            </planet>
            <oceanBlock>minecraft:lava</oceanBlock>
        </planet>
    </star>
    <star blackHole="false" name="Proxima Centaurs" numGasGiants="0" numPlanets="0" size="1.0" temp="200" x="-150" y="250">
        <planet DIMID="53" name="Proxima Centaurs 53">
            <isKnown>false</isKnown>
            <fogColor>1.0,1.0,1.0</fogColor>
            <skyColor>0.8,0.90917706,0.0</skyColor>
            <gravitationalMultiplier>115</gravitationalMultiplier>
            <orbitalDistance>66</orbitalDistance>
            <orbitalTheta>149</orbitalTheta>
            <orbitalPhi>8</orbitalPhi>
            <retrograde>false</retrograde>
            <avgTemperature>852</avgTemperature>
            <rotationalPeriod>15576</rotationalPeriod>
            <atmosphereDensity>210</atmosphereDensity>
            <generateCraters>false</generateCraters>
            <generateCaves>false</generateCaves>
            <generateVolcanos>true</generateVolcanos>
            <generateStructures>false</generateStructures>
            <generateGeodes>true</generateGeodes>
            <seaLevel>48</seaLevel>
            <biomeIds>minecraft:jungle_hills;30,minecraft:savanna;30,advancedrocketry:volcanicbarren;30,minecraft:mutated_desert;30,minecraft:mutated_savanna_rock;30</biomeIds>
            <planet DIMID="54" name="Proxima Centaurs 53: 0">
                <isKnown>false</isKnown>
                <fogColor>1.0,1.0,1.0</fogColor>
                <skyColor>0.8,0.70886314,0.28916395</skyColor>
                <gravitationalMultiplier>52</gravitationalMultiplier>
                <orbitalDistance>146</orbitalDistance>
                <orbitalTheta>308</orbitalTheta>
                <orbitalPhi>-265</orbitalPhi>
                <retrograde>false</retrograde>
                <avgTemperature>423</avgTemperature>
                <rotationalPeriod>170687</rotationalPeriod>
                <atmosphereDensity>15</atmosphereDensity>
                <generateCraters>true</generateCraters>
                <generateCaves>false</generateCaves>
                <generateVolcanos>false</generateVolcanos>
                <generateStructures>false</generateStructures>
                <generateGeodes>false</generateGeodes>
                <biomeIds>advancedrocketry:moon;30,advancedrocketry:moondark;30</biomeIds>
            </planet>
            <oceanBlock>minecraft:lava</oceanBlock>
        </planet>
        <planet DIMID="55" name="Proxima Centaurs 55">
            <isKnown>false</isKnown>
            <fogColor>1.0,1.0,1.0</fogColor>
            <skyColor>0.8,0.7182107,0.14060014</skyColor>
            <gravitationalMultiplier>93</gravitationalMultiplier>
            <orbitalDistance>131</orbitalDistance>
            <orbitalTheta>152</orbitalTheta>
            <orbitalPhi>-71</orbitalPhi>
            <retrograde>false</retrograde>
            <avgTemperature>463</avgTemperature>
            <rotationalPeriod>29361</rotationalPeriod>
            <atmosphereDensity>72</atmosphereDensity>
            <generateCraters>true</generateCraters>
            <generateCaves>false</generateCaves>
            <generateVolcanos>true</generateVolcanos>
            <generateStructures>false</generateStructures>
            <generateGeodes>false</generateGeodes>
            <biomeIds>minecraft:desert_hills;30,minecraft:savanna;30,minecraft:jungle_edge;30,minecraft:mutated_mesa_clear_rock;30,minecraft:mutated_mesa_rock;30</biomeIds>
            <oceanBlock>minecraft:lava</oceanBlock>
        </planet>
        <planet DIMID="56" name="Proxima Centaurs 56">
            <isKnown>false</isKnown>
            <fogColor>1.0,1.0,1.0</fogColor>
            <skyColor>0.8,0.9109553,0.3602509</skyColor>
            <gravitationalMultiplier>118</gravitationalMultiplier>
            <orbitalDistance>179</orbitalDistance>
            <orbitalTheta>124</orbitalTheta>
            <orbitalPhi>-194</orbitalPhi>
            <retrograde>false</retrograde>
            <avgTemperature>382</avgTemperature>
            <rotationalPeriod>14423</rotationalPeriod>
            <atmosphereDensity>0</atmosphereDensity>
            <generateCraters>true</generateCraters>
            <generateCaves>false</generateCaves>
            <generateVolcanos>false</generateVolcanos>
            <generateStructures>false</generateStructures>
            <generateGeodes>false</generateGeodes>
            <biomeIds>advancedrocketry:moon;30,advancedrocketry:moondark;30</biomeIds>
            <planet DIMID="57" name="Proxima Centaurs 56: 0">
                <isKnown>false</isKnown>
                <fogColor>1.0,1.0,1.0</fogColor>
                <skyColor>0.8,0.5711343,0.3912784</skyColor>
                <gravitationalMultiplier>38</gravitationalMultiplier>
                <orbitalDistance>196</orbitalDistance>
                <orbitalTheta>2</orbitalTheta>
                <orbitalPhi>-1</orbitalPhi>
                <retrograde>false</retrograde>
                <avgTemperature>365</avgTemperature>
                <rotationalPeriod>437381</rotationalPeriod>
                <atmosphereDensity>14</atmosphereDensity>
                <generateCraters>true</generateCraters>
                <generateCaves>false</generateCaves>
                <generateVolcanos>false</generateVolcanos>
                <generateStructures>false</generateStructures>
                <generateGeodes>false</generateGeodes>
                <biomeIds>advancedrocketry:moon;30,advancedrocketry:moondark;30</biomeIds>
            </planet>
            <planet DIMID="58" name="Proxima Centaurs 56: 1">
                <isKnown>false</isKnown>
                <fogColor>1.0,1.0,1.0</fogColor>
                <skyColor>0.8,0.5372094,0.2274648</skyColor>
                <gravitationalMultiplier>62</gravitationalMultiplier>
                <orbitalDistance>143</orbitalDistance>
                <orbitalTheta>71</orbitalTheta>
                <orbitalPhi>-222</orbitalPhi>
                <retrograde>false</retrograde>
                <avgTemperature>427</avgTemperature>
                <rotationalPeriod>100701</rotationalPeriod>
                <atmosphereDensity>21</atmosphereDensity>
                <generateCraters>true</generateCraters>
                <generateCaves>false</generateCaves>
                <generateVolcanos>false</generateVolcanos>
                <generateStructures>false</generateStructures>
                <generateGeodes>false</generateGeodes>
                <biomeIds>advancedrocketry:moon;30,advancedrocketry:moondark;30</biomeIds>
            </planet>
        </planet>
    </star>
    <star blackHole="false" name="Magnis Vulpes" numGasGiants="0" numPlanets="0" size="1.0" temp="70" x="-150" y="-250">
        <planet DIMID="59" name="Magnis Vulpes 59">
            <isKnown>false</isKnown>
            <fogColor>1.0,1.0,1.0</fogColor>
            <skyColor>0.8,0.7388109,0.82099235</skyColor>
            <gravitationalMultiplier>130</gravitationalMultiplier>
            <orbitalDistance>78</orbitalDistance>
            <orbitalTheta>139</orbitalTheta>
            <orbitalPhi>-49</orbitalPhi>
            <retrograde>false</retrograde>
            <avgTemperature>257</avgTemperature>
            <rotationalPeriod>10923</rotationalPeriod>
            <atmosphereDensity>163</atmosphereDensity>
            <generateCraters>false</generateCraters>
            <generateCaves>false</generateCaves>
            <generateVolcanos>false</generateVolcanos>
            <generateStructures>true</generateStructures>
            <generateGeodes>true</generateGeodes>
            <biomeIds>minecraft:mushroom_island;30</biomeIds>
            <planet DIMID="60" name="Magnis Vulpes 59: 0">
                <isKnown>false</isKnown>
                <fogColor>1.0,1.0,1.0</fogColor>
                <skyColor>0.68639326,0.87160957,1.0</skyColor>
                <gravitationalMultiplier>60</gravitationalMultiplier>
                <orbitalDistance>179</orbitalDistance>
                <orbitalTheta>229</orbitalTheta>
                <orbitalPhi>-13</orbitalPhi>
                <retrograde>false</retrograde>
                <avgTemperature>133</avgTemperature>
                <rotationalPeriod>111111</rotationalPeriod>
                <atmosphereDensity>17</atmosphereDensity>
                <generateCraters>true</generateCraters>
                <generateCaves>false</generateCaves>
                <generateVolcanos>false</generateVolcanos>
                <generateStructures>false</generateStructures>
                <generateGeodes>false</generateGeodes>
                <biomeIds>advancedrocketry:moon;30,advancedrocketry:moondark;30</biomeIds>
            </planet>
        </planet>
        <planet DIMID="61" name="Magnis Vulpes 61">
            <isKnown>false</isKnown>
            <fogColor>1.0,1.0,1.0</fogColor>
            <skyColor>0.7896437,0.78812516,1.0</skyColor>
            <gravitationalMultiplier>122</gravitationalMultiplier>
            <orbitalDistance>163</orbitalDistance>
            <orbitalTheta>108</orbitalTheta>
            <orbitalPhi>63</orbitalPhi>
            <retrograde>false</retrograde>
            <avgTemperature>165</avgTemperature>
            <rotationalPeriod>13055</rotationalPeriod>
            <atmosphereDensity>121</atmosphereDensity>
            <generateCraters>false</generateCraters>
            <generateCaves>false</generateCaves>
            <generateVolcanos>false</generateVolcanos>
            <generateStructures>false</generateStructures>
            <generateGeodes>false</generateGeodes>
            <biomeIds>minecraft:stone_beach;30,minecraft:extreme_hills_with_trees;30,minecraft:mushroom_island_shore;30,minecraft:mutated_jungle_edge;30,minecraft:swampland;10</biomeIds>
            <planet DIMID="64" name="Magnis Vulpes 61: 2">
                <isKnown>false</isKnown>
                <fogColor>1.0,1.0,1.0</fogColor>
                <skyColor>0.64803123,0.62229276,1.0</skyColor>
                <gravitationalMultiplier>74</gravitationalMultiplier>
                <orbitalDistance>186</orbitalDistance>
                <orbitalTheta>81</orbitalTheta>
                <orbitalPhi>99</orbitalPhi>
                <retrograde>false</retrograde>
                <avgTemperature>131</avgTemperature>
                <rotationalPeriod>59226</rotationalPeriod>
                <atmosphereDensity>20</atmosphereDensity>
                <generateCraters>true</generateCraters>
                <generateCaves>false</generateCaves>
                <generateVolcanos>false</generateVolcanos>
                <generateStructures>false</generateStructures>
                <generateGeodes>false</generateGeodes>
                <biomeIds>advancedrocketry:moon;30,advancedrocketry:moondark;30</biomeIds>
            </planet>
            <planet DIMID="62" name="Magnis Vulpes 61: 0">
                <isKnown>false</isKnown>
                <fogColor>1.0,1.0,1.0</fogColor>
                <skyColor>0.74074256,0.63965213,1.0</skyColor>
                <gravitationalMultiplier>37</gravitationalMultiplier>
                <orbitalDistance>162</orbitalDistance>
                <orbitalTheta>304</orbitalTheta>
                <orbitalPhi>-73</orbitalPhi>
                <retrograde>false</retrograde>
                <avgTemperature>140</avgTemperature>
                <rotationalPeriod>473812</rotationalPeriod>
                <atmosphereDensity>16</atmosphereDensity>
                <generateCraters>true</generateCraters>
                <generateCaves>false</generateCaves>
                <generateVolcanos>false</generateVolcanos>
                <generateStructures>false</generateStructures>
                <generateGeodes>false</generateGeodes>
                <biomeIds>advancedrocketry:moon;30,advancedrocketry:moondark;30</biomeIds>
            </planet>
            <planet DIMID="63" name="Magnis Vulpes 61: 1">
                <isKnown>false</isKnown>
                <fogColor>1.0,1.0,1.0</fogColor>
                <skyColor>0.6732508,0.5237284,1.0</skyColor>
                <gravitationalMultiplier>52</gravitationalMultiplier>
                <orbitalDistance>167</orbitalDistance>
                <orbitalTheta>80</orbitalTheta>
                <orbitalPhi>-261</orbitalPhi>
                <retrograde>false</retrograde>
                <avgTemperature>138</avgTemperature>
                <rotationalPeriod>161206</rotationalPeriod>
                <atmosphereDensity>21</atmosphereDensity>
                <generateCraters>true</generateCraters>
                <generateCaves>false</generateCaves>
                <generateVolcanos>false</generateVolcanos>
                <generateStructures>false</generateStructures>
                <generateGeodes>false</generateGeodes>
                <biomeIds>advancedrocketry:moon;30,advancedrocketry:moondark;30</biomeIds>
            </planet>
        </planet>
    </star>
    <star blackHole="false" name="Ma-Roo" numGasGiants="0" numPlanets="0" size="1.0" temp="200" x="50" y="-250">
        <planet DIMID="65" name="Ma-Roo 65">
            <isKnown>false</isKnown>
            <fogColor>1.0,1.0,1.0</fogColor>
            <skyColor>0.8,0.6957158,0.0</skyColor>
            <gravitationalMultiplier>130</gravitationalMultiplier>
            <orbitalDistance>30</orbitalDistance>
            <orbitalTheta>327</orbitalTheta>
            <orbitalPhi>-88</orbitalPhi>
            <retrograde>false</retrograde>
            <avgTemperature>1191</avgTemperature>
            <rotationalPeriod>10923</rotationalPeriod>
            <atmosphereDensity>165</atmosphereDensity>
            <generateCraters>false</generateCraters>
            <generateCaves>false</generateCaves>
            <generateVolcanos>true</generateVolcanos>
            <generateStructures>false</generateStructures>
            <generateGeodes>true</generateGeodes>
            <biomeIds>minecraft:frozen_ocean;30,nuclearcraft:nuclear_wasteland;5,minecraft:mutated_mesa_rock;30,buildcraftenergy:oil_ocean;30,minecraft:savanna;30</biomeIds>
            <planet DIMID="66" name="Ma-Roo 65: 0">
                <isKnown>false</isKnown>
                <fogColor>1.0,1.0,1.0</fogColor>
                <skyColor>0.8,0.6022855,0.033040226</skyColor>
                <gravitationalMultiplier>76</gravitationalMultiplier>
                <orbitalDistance>108</orbitalDistance>
                <orbitalTheta>103</orbitalTheta>
                <orbitalPhi>164</orbitalPhi>
                <retrograde>false</retrograde>
                <avgTemperature>492</avgTemperature>
                <rotationalPeriod>54672</rotationalPeriod>
                <atmosphereDensity>36</atmosphereDensity>
                <generateCraters>true</generateCraters>
                <generateCaves>false</generateCaves>
                <generateVolcanos>true</generateVolcanos>
                <generateStructures>false</generateStructures>
                <generateGeodes>false</generateGeodes>
                <biomeIds>minecraft:mutated_mesa_clear_rock;30,minecraft:savanna;30,minecraft:mutated_savanna_rock;30,minecraft:desert;30,buildcraftenergy:oil_desert;30</biomeIds>
                <oceanBlock>minecraft:lava</oceanBlock>
            </planet>
            <oceanBlock>minecraft:lava</oceanBlock>
        </planet>
        <planet DIMID="67" name="Ma-Roo 67">
            <isKnown>false</isKnown>
            <fogColor>1.0,1.0,1.0</fogColor>
            <skyColor>0.8,0.90582955,0.18249685</skyColor>
            <gravitationalMultiplier>115</gravitationalMultiplier>
            <orbitalDistance>131</orbitalDistance>
            <orbitalTheta>228</orbitalTheta>
            <orbitalPhi>-43</orbitalPhi>
            <retrograde>false</retrograde>
            <avgTemperature>447</avgTemperature>
            <rotationalPeriod>15576</rotationalPeriod>
            <atmosphereDensity>58</atmosphereDensity>
            <generateCraters>true</generateCraters>
            <generateCaves>false</generateCaves>
            <generateVolcanos>false</generateVolcanos>
            <generateStructures>false</generateStructures>
            <generateGeodes>false</generateGeodes>
            <biomeIds>minecraft:jungle;30,minecraft:mutated_extreme_hills;30,minecraft:mutated_forest;30,minecraft:beaches;30,minecraft:desert;30</biomeIds>
        </planet>
        <planet DIMID="68" name="Ma-Roo 68">
            <isKnown>false</isKnown>
            <fogColor>1.0,1.0,1.0</fogColor>
            <skyColor>0.8,0.6942476,0.2254231</skyColor>
            <gravitationalMultiplier>89</gravitationalMultiplier>
            <orbitalDistance>144</orbitalDistance>
            <orbitalTheta>168</orbitalTheta>
            <orbitalPhi>-178</orbitalPhi>
            <retrograde>false</retrograde>
            <avgTemperature>426</avgTemperature>
            <rotationalPeriod>33476</rotationalPeriod>
            <atmosphereDensity>43</atmosphereDensity>
            <generateCraters>true</generateCraters>
            <generateCaves>false</generateCaves>
            <generateVolcanos>false</generateVolcanos>
            <generateStructures>false</generateStructures>
            <generateGeodes>false</generateGeodes>
            <biomeIds>minecraft:desert_hills;30</biomeIds>
        </planet>
        <planet DIMID="69" name="Ma-Roo 69">
            <isKnown>false</isKnown>
            <fogColor>1.0,1.0,1.0</fogColor>
            <skyColor>0.8,0.6635542,0.0</skyColor>
            <gravitationalMultiplier>130</gravitationalMultiplier>
            <orbitalDistance>146</orbitalDistance>
            <orbitalTheta>351</orbitalTheta>
            <orbitalPhi>-56</orbitalPhi>
            <retrograde>false</retrograde>
            <avgTemperature>576</avgTemperature>
            <rotationalPeriod>10923</rotationalPeriod>
            <atmosphereDensity>214</atmosphereDensity>
            <generateCraters>false</generateCraters>
            <generateCaves>false</generateCaves>
            <generateVolcanos>true</generateVolcanos>
            <generateStructures>false</generateStructures>
            <generateGeodes>true</generateGeodes>
            <biomeIds>minecraft:desert;30,minecraft:desert_hills;30,minecraft:mutated_savanna_rock;30,minecraft:jungle_edge;30,minecraft:savanna;30</biomeIds>
            <planet DIMID="70" name="Ma-Roo 69: 0">
                <isKnown>false</isKnown>
                <fogColor>1.0,1.0,1.0</fogColor>
                <skyColor>0.8,0.83282137,0.113319755</skyColor>
                <gravitationalMultiplier>51</gravitationalMultiplier>
                <orbitalDistance>120</orbitalDistance>
                <orbitalTheta>340</orbitalTheta>
                <orbitalPhi>83</orbitalPhi>
                <retrograde>false</retrograde>
                <avgTemperature>467</avgTemperature>
                <rotationalPeriod>180925</rotationalPeriod>
                <atmosphereDensity>21</atmosphereDensity>
                <generateCraters>true</generateCraters>
                <generateCaves>false</generateCaves>
                <generateVolcanos>true</generateVolcanos>
                <generateStructures>false</generateStructures>
                <generateGeodes>false</generateGeodes>
                <biomeIds>advancedrocketry:moon;30,advancedrocketry:moondark;30</biomeIds>
                <oceanBlock>minecraft:lava</oceanBlock>
            </planet>
            <planet DIMID="71" name="Ma-Roo 69: 1">
                <isKnown>false</isKnown>
                <fogColor>1.0,1.0,1.0</fogColor>
                <skyColor>0.8,0.51804906,0.39885592</skyColor>
                <gravitationalMultiplier>45</gravitationalMultiplier>
                <orbitalDistance>195</orbitalDistance>
                <orbitalTheta>145</orbitalTheta>
                <orbitalPhi>-183</orbitalPhi>
                <retrograde>false</retrograde>
                <avgTemperature>366</avgTemperature>
                <rotationalPeriod>263374</rotationalPeriod>
                <atmosphereDensity>31</atmosphereDensity>
                <generateCraters>true</generateCraters>
                <generateCaves>false</generateCaves>
                <generateVolcanos>false</generateVolcanos>
                <generateStructures>false</generateStructures>
                <generateGeodes>false</generateGeodes>
                <biomeIds>minecraft:jungle_edge;30,nuclearcraft:nuclear_wasteland;5,minecraft:mutated_birch_forest;30,minecraft:mutated_mesa_rock;30,minecraft:smaller_extreme_hills;30</biomeIds>
            </planet>
            <oceanBlock>minecraft:lava</oceanBlock>
        </planet>
        <planet DIMID="72" name="Ma-Roo 72">
            <isKnown>false</isKnown>
            <fogColor>1.0,1.0,1.0</fogColor>
            <skyColor>0.8,0.5318785,0.0</skyColor>
            <gravitationalMultiplier>116</gravitationalMultiplier>
            <orbitalDistance>63</orbitalDistance>
            <orbitalTheta>102</orbitalTheta>
            <orbitalPhi>-126</orbitalPhi>
            <retrograde>false</retrograde>
            <avgTemperature>644</avgTemperature>
            <rotationalPeriod>15178</rotationalPeriod>
            <atmosphereDensity>52</atmosphereDensity>
            <generateCraters>true</generateCraters>
            <generateCaves>false</generateCaves>
            <generateVolcanos>true</generateVolcanos>
            <generateStructures>false</generateStructures>
            <generateGeodes>false</generateGeodes>
            <biomeIds>minecraft:frozen_ocean;30,minecraft:desert_hills;30,minecraft:mutated_mesa;30,minecraft:jungle;30,minecraft:mutated_savanna;30</biomeIds>
            <oceanBlock>minecraft:lava</oceanBlock>
        </planet>
        <planet DIMID="73" name="Ma-Roo 73">
            <isKnown>false</isKnown>
            <fogColor>1.0,1.0,1.0</fogColor>
            <skyColor>0.8,0.5486301,0.16993785</skyColor>
            <gravitationalMultiplier>87</gravitationalMultiplier>
            <orbitalDistance>140</orbitalDistance>
            <orbitalTheta>243</orbitalTheta>
            <orbitalPhi>-56</orbitalPhi>
            <retrograde>false</retrograde>
            <avgTemperature>432</avgTemperature>
            <rotationalPeriod>35825</rotationalPeriod>
            <atmosphereDensity>51</atmosphereDensity>
            <generateCraters>true</generateCraters>
            <generateCaves>false</generateCaves>
            <generateVolcanos>false</generateVolcanos>
            <generateStructures>false</generateStructures>
            <generateGeodes>false</generateGeodes>
            <biomeIds>minecraft:desert_hills;30</biomeIds>
        </planet>
    </star>
    <star blackHole="false" name="Alykitt" numGasGiants="0" numPlanets="0" size="1.0" temp="120" x="75" y="200">
        <planet DIMID="74" name="Alykitt 74">
            <isKnown>false</isKnown>
            <GasGiant>true</GasGiant>
            <gas>nitrogen</gas>
            <gas>oxygen</gas>
            <gas>ammonia</gas>
            <fogColor>1.0,1.0,1.0</fogColor>
            <skyColor>1.0,1.0,1.0</skyColor>
            <gravitationalMultiplier>94</gravitationalMultiplier>
            <orbitalDistance>236</orbitalDistance>
            <orbitalTheta>0</orbitalTheta>
            <orbitalPhi>0</orbitalPhi>
            <retrograde>false</retrograde>
            <avgTemperature>252</avgTemperature>
            <rotationalPeriod>24000</rotationalPeriod>
            <atmosphereDensity>158</atmosphereDensity>
            <generateCraters>false</generateCraters>
            <generateCaves>false</generateCaves>
            <generateVolcanos>false</generateVolcanos>
            <generateStructures>false</generateStructures>
            <generateGeodes>false</generateGeodes>
        </planet>
        <planet DIMID="75" name="Alykitt 75">
            <isKnown>false</isKnown>
            <fogColor>1.0,1.0,1.0</fogColor>
            <skyColor>0.8,0.973345,0.0</skyColor>
            <gravitationalMultiplier>129</gravitationalMultiplier>
            <orbitalDistance>32</orbitalDistance>
            <orbitalTheta>119</orbitalTheta>
            <orbitalPhi>-211</orbitalPhi>
            <retrograde>false</retrograde>
            <avgTemperature>667</avgTemperature>
            <rotationalPeriod>11051</rotationalPeriod>
            <atmosphereDensity>143</atmosphereDensity>
            <generateCraters>false</generateCraters>
            <generateCaves>false</generateCaves>
            <generateVolcanos>true</generateVolcanos>
            <generateStructures>false</generateStructures>
            <generateGeodes>true</generateGeodes>
            <biomeIds>minecraft:jungle_edge;30,minecraft:mutated_mesa;30,minecraft:desert_hills;30,advancedrocketry:marsh;30,advancedrocketry:volcanicbarren;30</biomeIds>
            <planet DIMID="76" name="Alykitt 75: 0">
                <isKnown>false</isKnown>
                <fogColor>1.0,1.0,1.0</fogColor>
                <skyColor>0.8,0.82906955,0.9202996</skyColor>
                <gravitationalMultiplier>73</gravitationalMultiplier>
                <orbitalDistance>195</orbitalDistance>
                <orbitalTheta>100</orbitalTheta>
                <orbitalPhi>38</orbitalPhi>
                <retrograde>false</retrograde>
                <avgTemperature>219</avgTemperature>
                <rotationalPeriod>61693</rotationalPeriod>
                <atmosphereDensity>29</atmosphereDensity>
                <generateCraters>true</generateCraters>
                <generateCaves>false</generateCaves>
                <generateVolcanos>false</generateVolcanos>
                <generateStructures>false</generateStructures>
                <generateGeodes>false</generateGeodes>
                <biomeIds>minecraft:roofed_forest;10,advancedrocketry:volcanicbarren;30,minecraft:deep_ocean;30,minecraft:swampland;10,minecraft:mutated_mesa;30</biomeIds>
            </planet>
            <oceanBlock>minecraft:lava</oceanBlock>
        </planet>
        <planet DIMID="77" name="Alykitt 77">
            <isKnown>false</isKnown>
            <fogColor>1.0,1.0,1.0</fogColor>
            <skyColor>0.8,0.5998914,0.73832464</skyColor>
            <gravitationalMultiplier>92</gravitationalMultiplier>
            <orbitalDistance>133</orbitalDistance>
            <orbitalTheta>114</orbitalTheta>
            <orbitalPhi>-274</orbitalPhi>
            <retrograde>false</retrograde>
            <avgTemperature>274</avgTemperature>
            <rotationalPeriod>30323</rotationalPeriod>
            <atmosphereDensity>71</atmosphereDensity>
            <generateCraters>true</generateCraters>
            <generateCaves>false</generateCaves>
            <generateVolcanos>false</generateVolcanos>
            <generateStructures>false</generateStructures>
            <generateGeodes>false</generateGeodes>
            <biomeIds>minecraft:desert;30,minecraft:forest_hills;30,minecraft:mutated_birch_forest_hills;30,minecraft:savanna;30,minecraft:mutated_redwood_taiga;30</biomeIds>
        </planet>
        <planet DIMID="78" name="Alykitt 78">
            <isKnown>false</isKnown>
            <fogColor>1.0,1.0,1.0</fogColor>
            <skyColor>0.8,0.5771833,0.8616239</skyColor>
            <gravitationalMultiplier>130</gravitationalMultiplier>
            <orbitalDistance>151</orbitalDistance>
            <orbitalTheta>222</orbitalTheta>
            <orbitalPhi>-409</orbitalPhi>
            <retrograde>false</retrograde>
            <avgTemperature>249</avgTemperature>
            <rotationalPeriod>10923</rotationalPeriod>
            <atmosphereDensity>24</atmosphereDensity>
            <generateCraters>true</generateCraters>
            <generateCaves>false</generateCaves>
            <generateVolcanos>false</generateVolcanos>
            <generateStructures>false</generateStructures>
            <generateGeodes>false</generateGeodes>
            <biomeIds>advancedrocketry:moon;30,advancedrocketry:moondark;30</biomeIds>
            <planet DIMID="80" name="Alykitt 78: 1">
                <isKnown>false</isKnown>
                <fogColor>1.0,1.0,1.0</fogColor>
                <skyColor>0.8,0.99104893,0.737685</skyColor>
                <gravitationalMultiplier>48</gravitationalMultiplier>
                <orbitalDistance>113</orbitalDistance>
                <orbitalTheta>355</orbitalTheta>
                <orbitalPhi>-271</orbitalPhi>
                <retrograde>false</retrograde>
                <avgTemperature>288</avgTemperature>
                <rotationalPeriod>217013</rotationalPeriod>
                <atmosphereDensity>18</atmosphereDensity>
                <generateCraters>true</generateCraters>
                <generateCaves>false</generateCaves>
                <generateVolcanos>false</generateVolcanos>
                <generateStructures>false</generateStructures>
                <generateGeodes>false</generateGeodes>
                <biomeIds>advancedrocketry:moon;30,advancedrocketry:moondark;30</biomeIds>
            </planet>
            <planet DIMID="81" name="Alykitt 78: 2">
                <isKnown>false</isKnown>
                <fogColor>1.0,1.0,1.0</fogColor>
                <skyColor>0.8,0.9168985,0.8969077</skyColor>
                <gravitationalMultiplier>78</gravitationalMultiplier>
                <orbitalDistance>199</orbitalDistance>
                <orbitalTheta>213</orbitalTheta>
                <orbitalPhi>-133</orbitalPhi>
                <retrograde>false</retrograde>
                <avgTemperature>217</avgTemperature>
                <rotationalPeriod>50574</rotationalPeriod>
                <atmosphereDensity>27</atmosphereDensity>
                <generateCraters>true</generateCraters>
                <generateCaves>false</generateCaves>
                <generateVolcanos>false</generateVolcanos>
                <generateStructures>false</generateStructures>
                <generateGeodes>false</generateGeodes>
                <biomeIds>minecraft:ice_flats;30</biomeIds>
            </planet>
            <planet DIMID="79" name="Alykitt 78: 0">
                <isKnown>false</isKnown>
                <hasRings>true</hasRings>
                <ringColor>0.8,0.90681463,0.66801226</ringColor>
                <fogColor>1.0,1.0,1.0</fogColor>
                <skyColor>0.8,0.90681463,0.66801226</skyColor>
                <gravitationalMultiplier>61</gravitationalMultiplier>
                <orbitalDistance>108</orbitalDistance>
                <orbitalTheta>94</orbitalTheta>
                <orbitalPhi>27</orbitalPhi>
                <retrograde>false</retrograde>
                <avgTemperature>295</avgTemperature>
                <rotationalPeriod>105735</rotationalPeriod>
                <atmosphereDensity>21</atmosphereDensity>
                <generateCraters>true</generateCraters>
                <generateCaves>false</generateCaves>
                <generateVolcanos>false</generateVolcanos>
                <generateStructures>false</generateStructures>
                <generateGeodes>false</generateGeodes>
                <biomeIds>advancedrocketry:moon;30,advancedrocketry:moondark;30</biomeIds>
            </planet>
        </planet>
    </star>
</galaxy>
