{"stat.drop.minecraft.potion":1,"stat.pickup.minecraft.sand":83,"stat.walkOneCm":13816,"stat.pickup.notreepunching.rock/sandstone":1,"stat.drop.extrautils2.decorativebedrock":448,"stat.drop.extrautils2.compressedcobblestone":595,"stat.leaveGame":2,"stat.damageTaken":30,"stat.pickup.notreepunching.rock/stone":4,"stat.pickup.extrautils2.compressedcobblestone":65,"stat.mobKills":4,"stat.drop.notreepunching.rock/stone":10,"stat.aviateOneCm":31950,"stat.flyOneCm":165726,"stat.useItem.notreepunching.rock/stone":24,"stat.drop":61,"stat.jump":87,"stat.playOneMinute":41278,"stat.fallOneCm":836,"stat.drop.minecraft.sand":84,"stat.sneakTime":551,"stat.damageDealt":80,"stat.crouchOneCm":458,"stat.timeSinceDeath":41278,"stat.pickup.extrautils2.decorativebedrock":64,"stat.sprintOneCm":20009,"stat.useItem.minecraft.stone_slab2":9,"stat.mineBlock.terraqueous.doodads":3,"stat.craftItem.minecraft.cobblestone":1}