{"stat.chestOpened":1,"stat.pickup.techguns.itemshared":4,"stat.walkOneCm":12801,"stat.drop.minecraft.paper":2,"stat.leaveGame":1,"stat.pickup.thermalfoundation.material":1,"stat.drop.minecraft.redstone":12,"stat.pickup.minecraft.cobblestone":1,"stat.mobKills":34,"stat.pickup.techguns.lamp0":2,"stat.drop.thermalfoundation.material":1,"stat.killEntity.CaveSpider":14,"stat.flyOneCm":509542,"stat.pickup.minecraft.clay":42,"stat.pickup.minecraft.diamond":39,"stat.drop":9,"stat.jump":62,"stat.swimOneCm":577,"stat.playOneMinute":17166,"stat.climbOneCm":782,"stat.pickup.minecraft.iron_ingot":2,"stat.pickup.flansmod.humvee":2,"stat.sneakTime":374,"stat.damageDealt":46498,"stat.pickup.minecraft.gunpowder":1,"stat.pickup.minecraft.redstone":24,"stat.crouchOneCm":452,"stat.killEntity.Zombie":2,"stat.timeSinceDeath":17166,"stat.sprintOneCm":9243,"stat.pickup.minecraft.paper":3,"stat.drop.minecraft.diamond":27,"stat.useItem.minecraft.stone_slab2":2,"stat.diveOneCm":160,"stat.drop.minecraft.clay":24}