{
  "simplyjetpacks:vanilla/root_vanilla": {
    "criteria": {
      "code_trigger": "2021-02-17 09:39:51 +0100"
    },
    "done": true
  },
  "nuclearcraft:root": {
    "criteria": {
      "location": "2021-02-17 09:39:55 +0100"
    },
    "done": true
  },
  "simplyjetpacks:eio/root_eio": {
    "criteria": {
      "code_trigger": "2021-02-17 09:39:51 +0100"
    },
    "done": true
  },
  "simplyjetpacks:ie/root_ie": {
    "criteria": {
      "code_trigger": "2021-02-17 09:39:51 +0100"
    },
    "done": true
  },
  "simplyjetpacks:te/root_te": {
    "criteria": {
      "code_trigger": "2021-02-17 09:39:51 +0100"
    },
    "done": true
  },
  "simplyjetpacks:mek/root_mek": {
    "criteria": {
      "code_trigger": "2021-02-17 09:39:51 +0100"
    },
    "done": true
  },
  "minecraft:adventure/adventuring_time": {
    "criteria": {
      "forest_hills": "2021-02-17 09:39:55 +0100",
      "plains": "2021-02-17 09:41:29 +0100",
      "extreme_hills": "2021-02-17 09:41:31 +0100"
    },
    "done": false
  },
  "simplyjetpacks:root": {
    "criteria": {
      "location": "2021-02-17 09:39:55 +0100"
    },
    "done": true
  }
}