{"stat.chestOpened":1,"stat.pickup.minecraft.rotten_flesh":5,"stat.walkOneCm":26791,"stat.drop.extrautils2.compressedcobblestone":259,"stat.killEntity.techguns.ZombieMiner":1,"stat.mobKills":6,"stat.pickup.minecraft.iron_hoe":1,"stat.killEntity.Creeper":1,"stat.flyOneCm":462333,"stat.pickup.minecraft.wheat_seeds":1,"stat.drop":7,"stat.jump":119,"stat.swimOneCm":488,"stat.playOneMinute":33515,"stat.pickup.minecraft.coal":58,"stat.pickup.minecraft.iron_pickaxe":1,"stat.killEntity.Sheep":1,"stat.sneakTime":985,"stat.pickup.minecraft.wool":1,"stat.killEntity.techguns.ZombieFarmer":1,"stat.damageDealt":1010,"stat.pickup.minecraft.porkchop":1,"stat.pickup.minecraft.gunpowder":1,"stat.crouchOneCm":1980,"stat.killEntity.Zombie":1,"stat.timeSinceDeath":33515,"stat.sprintOneCm":41796,"stat.useItem.minecraft.iron_pickaxe":4,"stat.useItem.minecraft.stone_slab2":143,"stat.killEntity.Pig":1,"stat.pickup.minecraft.apple":2,"stat.pickup.minecraft.mutton":2,"stat.diveOneCm":529}