{"stat.chestOpened":8,"stat.drop.ftbquests.book":1,"stat.pickup.immersiveengineering.ore":6,"stat.useItem.immersiveengineering.ore":15,"stat.leaveGame":5,"stat.pickup.extrautils2.compressedcobblestone":65,"stat.pickup.nuclearcraft.fertile_isotope":64,"stat.useItem.notreepunching.rock/stone":24,"stat.jump":226,"stat.fallOneCm":836,"stat.pickup.nuclearcraft.ore":6,"stat.drop.techguns.orecluster":7,"stat.pickup.modularforcefieldsystem.monazit_ore":1,"stat.crouchOneCm":2152,"stat.pickup.extrautils2.decorativebedrock":64,"stat.useItem.minecraft.stone_slab2":172,"stat.pickup.techreborn.ore2":2,"stat.pickup.minecraft.sand":83,"stat.drop.immersiveengineering.ore":6,"stat.pickup.techreborn.ore":4,"stat.pickup.notreepunching.rock/sandstone":1,"stat.drop.extrautils2.decorativebedrock":448,"stat.drop.extrautils2.compressedcobblestone":2899,"stat.damageTaken":30,"stat.pickup.notreepunching.rock/stone":4,"stat.killEntity.techguns.ZombieMiner":1,"stat.aviateOneCm":31950,"stat.flyOneCm":636872,"stat.drop.minecraft.sand":84,"stat.drop.nuclearcraft.ore":6,"stat.killEntity.techguns.ZombieFarmer":2,"stat.damageDealt":540,"stat.timeSinceDeath":197648,"stat.mineBlock.terraqueous.doodads":3,"stat.killEntity.techguns.SkeletonSoldier":1,"stat.walkOneCm":64083,"stat.pickup.techguns.basicore":7,"stat.pickup.mekanism.oreblock":2,"stat.drop.mekanism.oreblock":2,"stat.killEntity.Creeper":1,"stat.craftItem.thermalfoundation.material":128,"stat.drop.ic2.resource":4,"stat.drop.chisel.marble2":1,"stat.craftItem.minecraft.stone_slab2":0,"stat.sprintOneCm":45986,"stat.drop.techguns.basicore":4,"stat.drop.minecraft.potion":1,"stat.pickup.ic2.resource":4,"stat.killEntity.Skeleton":2,"stat.killEntity.Husk":1,"stat.mobKills":53,"stat.drop.notreepunching.rock/stone":10,"stat.pickup.techguns.orecluster":7,"stat.drop":130,"stat.playOneMinute":197648,"stat.drop.modularforcefieldsystem.monazit_ore":1,"stat.sneakTime":1833,"stat.killEntity.Zombie":7,"stat.drop.minecraft.chest":1,"stat.craftItem.minecraft.cobblestone":1}