<?xml version="1.0" encoding="UTF-8" standalone="no"?>
<galaxy>
    <star blackHole="false" name="Sol" numGasGiants="0" numPlanets="0" size="1.0" temp="100" x="0" y="0">
        <planet DIMID="0" dimMapping="" name="Earth">
            <isKnown>true</isKnown>
            <fogColor>1.0,1.0,1.0</fogColor>
            <skyColor>1.0,1.0,1.0</skyColor>
            <gravitationalMultiplier>100</gravitationalMultiplier>
            <orbitalDistance>100</orbitalDistance>
            <orbitalTheta>0</orbitalTheta>
            <orbitalPhi>0</orbitalPhi>
            <retrograde>false</retrograde>
            <avgTemperature>287</avgTemperature>
            <rotationalPeriod>24000</rotationalPeriod>
            <atmosphereDensity>100</atmosphereDensity>
            <generateCraters>false</generateCraters>
            <generateCaves>false</generateCaves>
            <generateVolcanos>false</generateVolcanos>
            <generateStructures>false</generateStructures>
            <generateGeodes>false</generateGeodes>
            <planet DIMID="3" name="Luna">
                <isKnown>false</isKnown>
                <fogColor>1.0,1.0,1.0</fogColor>
                <skyColor>1.0,1.0,1.0</skyColor>
                <gravitationalMultiplier>16</gravitationalMultiplier>
                <orbitalDistance>150</orbitalDistance>
                <orbitalTheta>0</orbitalTheta>
                <orbitalPhi>0</orbitalPhi>
                <retrograde>false</retrograde>
                <avgTemperature>208</avgTemperature>
                <rotationalPeriod>128000</rotationalPeriod>
                <atmosphereDensity>0</atmosphereDensity>
                <generateCraters>true</generateCraters>
                <generateCaves>false</generateCaves>
                <generateVolcanos>false</generateVolcanos>
                <generateStructures>false</generateStructures>
                <generateGeodes>false</generateGeodes>
                <biomeIds>advancedrocketry:moon;30,advancedrocketry:moondark;30</biomeIds>
            </planet>
        </planet>
        <planet DIMID="17" name="Sol 17">
            <isKnown>false</isKnown>
            <fogColor>1.0,1.0,1.0</fogColor>
            <skyColor>0.8,0.5077367,0.0</skyColor>
            <gravitationalMultiplier>130</gravitationalMultiplier>
            <orbitalDistance>18</orbitalDistance>
            <orbitalTheta>321</orbitalTheta>
            <orbitalPhi>-250</orbitalPhi>
            <retrograde>false</retrograde>
            <avgTemperature>629</avgTemperature>
            <rotationalPeriod>10923</rotationalPeriod>
            <atmosphereDensity>74</atmosphereDensity>
            <generateCraters>true</generateCraters>
            <generateCaves>false</generateCaves>
            <generateVolcanos>true</generateVolcanos>
            <generateStructures>false</generateStructures>
            <generateGeodes>false</generateGeodes>
            <biomeIds>minecraft:jungle_hills;0,nuclearcraft:nuclear_wasteland;5,minecraft:mutated_jungle;0,minecraft:desert;2000,minecraft:savanna_rock;0</biomeIds>
            <planet DIMID="18" name="Sol 17: 0">
                <isKnown>false</isKnown>
                <fogColor>1.0,1.0,1.0</fogColor>
                <skyColor>0.8,0.7237425,0.8644018</skyColor>
                <gravitationalMultiplier>75</gravitationalMultiplier>
                <orbitalDistance>119</orbitalDistance>
                <orbitalTheta>180</orbitalTheta>
                <orbitalPhi>-11</orbitalPhi>
                <retrograde>false</retrograde>
                <avgTemperature>234</avgTemperature>
                <rotationalPeriod>56888</rotationalPeriod>
                <atmosphereDensity>29</atmosphereDensity>
                <generateCraters>true</generateCraters>
                <generateCaves>false</generateCaves>
                <generateVolcanos>false</generateVolcanos>
                <generateStructures>false</generateStructures>
                <generateGeodes>false</generateGeodes>
                <biomeIds>minecraft:forest;30,minecraft:mutated_extreme_hills;2000,minecraft:forest_hills;30,minecraft:mutated_desert;2000,wastelands:wasteland forest;2000</biomeIds>
            </planet>
            <oceanBlock>minecraft:lava</oceanBlock>
        </planet>
        <planet DIMID="19" name="Sol 19">
            <isKnown>false</isKnown>
            <fogColor>1.0,1.0,1.0</fogColor>
            <skyColor>0.8,0.9932072,0.921075</skyColor>
            <gravitationalMultiplier>115</gravitationalMultiplier>
            <orbitalDistance>144</orbitalDistance>
            <orbitalTheta>232</orbitalTheta>
            <orbitalPhi>-238</orbitalPhi>
            <retrograde>false</retrograde>
            <avgTemperature>213</avgTemperature>
            <rotationalPeriod>15576</rotationalPeriod>
            <atmosphereDensity>25</atmosphereDensity>
            <generateCraters>true</generateCraters>
            <generateCaves>false</generateCaves>
            <generateVolcanos>false</generateVolcanos>
            <generateStructures>false</generateStructures>
            <generateGeodes>false</generateGeodes>
            <biomeIds>advancedrocketry:moon;0,advancedrocketry:moondark;0</biomeIds>
            <planet DIMID="20" name="Sol 19: 0">
                <isKnown>false</isKnown>
                <fogColor>1.0,1.0,1.0</fogColor>
                <skyColor>0.8,0.9975698,0.894589</skyColor>
                <gravitationalMultiplier>70</gravitationalMultiplier>
                <orbitalDistance>122</orbitalDistance>
                <orbitalTheta>247</orbitalTheta>
                <orbitalPhi>79</orbitalPhi>
                <retrograde>false</retrograde>
                <avgTemperature>231</avgTemperature>
                <rotationalPeriod>69970</rotationalPeriod>
                <atmosphereDensity>14</atmosphereDensity>
                <generateCraters>true</generateCraters>
                <generateCaves>false</generateCaves>
                <generateVolcanos>false</generateVolcanos>
                <generateStructures>false</generateStructures>
                <generateGeodes>false</generateGeodes>
                <seaLevel>61</seaLevel>
                <biomeIds>advancedrocketry:moon;30,advancedrocketry:moondark;30</biomeIds>
            </planet>
            <planet DIMID="21" name="Sol 19: 1">
                <isKnown>false</isKnown>
                <fogColor>1.0,1.0,1.0</fogColor>
                <skyColor>0.8,0.636086,0.8576745</skyColor>
                <gravitationalMultiplier>33</gravitationalMultiplier>
                <orbitalDistance>127</orbitalDistance>
                <orbitalTheta>189</orbitalTheta>
                <orbitalPhi>114</orbitalPhi>
                <retrograde>false</retrograde>
                <avgTemperature>227</avgTemperature>
                <rotationalPeriod>667835</rotationalPeriod>
                <atmosphereDensity>18</atmosphereDensity>
                <generateCraters>true</generateCraters>
                <generateCaves>false</generateCaves>
                <generateVolcanos>false</generateVolcanos>
                <generateStructures>false</generateStructures>
                <generateGeodes>false</generateGeodes>
                <biomeIds>advancedrocketry:moon;30,advancedrocketry:moondark;30</biomeIds>
            </planet>
        </planet>
        <planet DIMID="4" name="Sol 4">
            <isKnown>false</isKnown>
            <GasGiant>true</GasGiant>
            <gas>hydrogen</gas>
            <gas>helium</gas>
            <fogColor>1.0,1.0,1.0</fogColor>
            <skyColor>1.0,1.0,1.0</skyColor>
            <gravitationalMultiplier>130</gravitationalMultiplier>
            <orbitalDistance>243</orbitalDistance>
            <orbitalTheta>0</orbitalTheta>
            <orbitalPhi>0</orbitalPhi>
            <retrograde>false</retrograde>
            <avgTemperature>202</avgTemperature>
            <rotationalPeriod>24000</rotationalPeriod>
            <atmosphereDensity>146</atmosphereDensity>
            <generateCraters>false</generateCraters>
            <generateCaves>false</generateCaves>
            <generateVolcanos>false</generateVolcanos>
            <generateStructures>false</generateStructures>
            <generateGeodes>false</generateGeodes>
            <planet DIMID="5" name="Sol 4: 0">
                <isKnown>false</isKnown>
                <fogColor>1.0,1.0,1.0</fogColor>
                <skyColor>0.8,0.7647167,0.94829285</skyColor>
                <gravitationalMultiplier>68</gravitationalMultiplier>
                <orbitalDistance>146</orbitalDistance>
                <orbitalTheta>79</orbitalTheta>
                <orbitalPhi>-54</orbitalPhi>
                <retrograde>false</retrograde>
                <avgTemperature>211</avgTemperature>
                <rotationalPeriod>76328</rotationalPeriod>
                <atmosphereDensity>27</atmosphereDensity>
                <generateCraters>true</generateCraters>
                <generateCaves>false</generateCaves>
                <generateVolcanos>false</generateVolcanos>
                <generateStructures>false</generateStructures>
                <generateGeodes>false</generateGeodes>
                <biomeIds>minecraft:mutated_redwood_taiga;30,advancedrocketry:marsh;30,wastelands:wasteland forest;2000,minecraft:mutated_roofed_forest;30,minecraft:extreme_hills_with_trees;30</biomeIds>
            </planet>
            <planet DIMID="6" name="Sol 4: 1">
                <isKnown>false</isKnown>
                <fogColor>1.0,1.0,1.0</fogColor>
                <skyColor>0.8,0.8414129,0.90527624</skyColor>
                <gravitationalMultiplier>42</gravitationalMultiplier>
                <orbitalDistance>138</orbitalDistance>
                <orbitalTheta>273</orbitalTheta>
                <orbitalPhi>-207</orbitalPhi>
                <retrograde>false</retrograde>
                <avgTemperature>217</avgTemperature>
                <rotationalPeriod>323939</rotationalPeriod>
                <atmosphereDensity>13</atmosphereDensity>
                <generateCraters>true</generateCraters>
                <generateCaves>false</generateCaves>
                <generateVolcanos>false</generateVolcanos>
                <generateStructures>false</generateStructures>
                <generateGeodes>false</generateGeodes>
                <biomeIds>advancedrocketry:moon;30,advancedrocketry:moondark;30</biomeIds>
            </planet>
        </planet>
        <planet DIMID="22" name="Sol 22">
            <isKnown>false</isKnown>
            <fogColor>1.0,1.0,1.0</fogColor>
            <skyColor>0.8,0.8081935,0.8306504</skyColor>
            <gravitationalMultiplier>130</gravitationalMultiplier>
            <orbitalDistance>155</orbitalDistance>
            <orbitalTheta>208</orbitalTheta>
            <orbitalPhi>16</orbitalPhi>
            <retrograde>false</retrograde>
            <avgTemperature>260</avgTemperature>
            <rotationalPeriod>10923</rotationalPeriod>
            <atmosphereDensity>162</atmosphereDensity>
            <generateCraters>false</generateCraters>
            <generateCaves>false</generateCaves>
            <generateVolcanos>false</generateVolcanos>
            <generateStructures>true</generateStructures>
            <generateGeodes>true</generateGeodes>
            <biomeIds>advancedrocketry:volcanicbarren;0,minecraft:mesa_clear_rock;2000,minecraft:desert_hills;2000,minecraft:extreme_hills_with_trees;0,minecraft:mutated_jungle;0</biomeIds>
        </planet>
        <planet DIMID="7" name="Sol 7">
            <isKnown>false</isKnown>
            <fogColor>1.0,1.0,1.0</fogColor>
            <skyColor>0.8,0.62651324,0.36132288</skyColor>
            <gravitationalMultiplier>125</gravitationalMultiplier>
            <orbitalDistance>85</orbitalDistance>
            <orbitalTheta>227</orbitalTheta>
            <orbitalPhi>41</orbitalPhi>
            <retrograde>false</retrograde>
            <avgTemperature>378</avgTemperature>
            <rotationalPeriod>12141</rotationalPeriod>
            <atmosphereDensity>217</atmosphereDensity>
            <generateCraters>false</generateCraters>
            <generateCaves>false</generateCaves>
            <generateVolcanos>false</generateVolcanos>
            <generateStructures>false</generateStructures>
            <generateGeodes>true</generateGeodes>
            <biomeIds>minecraft:extreme_hills;2000</biomeIds>
            <planet DIMID="8" name="Sol 7: 0">
                <isKnown>false</isKnown>
                <fogColor>1.0,1.0,1.0</fogColor>
                <skyColor>0.8,0.5433786,0.8477108</skyColor>
                <gravitationalMultiplier>78</gravitationalMultiplier>
                <orbitalDistance>126</orbitalDistance>
                <orbitalTheta>114</orbitalTheta>
                <orbitalPhi>-347</orbitalPhi>
                <retrograde>false</retrograde>
                <avgTemperature>227</avgTemperature>
                <rotationalPeriod>50574</rotationalPeriod>
                <atmosphereDensity>19</atmosphereDensity>
                <generateCraters>true</generateCraters>
                <generateCaves>false</generateCaves>
                <generateVolcanos>false</generateVolcanos>
                <generateStructures>false</generateStructures>
                <generateGeodes>false</generateGeodes>
                <biomeIds>advancedrocketry:moon;30,advancedrocketry:moondark;30</biomeIds>
            </planet>
        </planet>
        <planet DIMID="23" name="Sol 23">
            <isKnown>false</isKnown>
            <fogColor>1.0,1.0,1.0</fogColor>
            <skyColor>0.8,0.7695041,0.6768685</skyColor>
            <gravitationalMultiplier>129</gravitationalMultiplier>
            <orbitalDistance>98</orbitalDistance>
            <orbitalTheta>284</orbitalTheta>
            <orbitalPhi>38</orbitalPhi>
            <retrograde>false</retrograde>
            <avgTemperature>293</avgTemperature>
            <rotationalPeriod>11051</rotationalPeriod>
            <atmosphereDensity>104</atmosphereDensity>
            <generateCraters>false</generateCraters>
            <generateCaves>false</generateCaves>
            <generateVolcanos>false</generateVolcanos>
            <generateStructures>true</generateStructures>
            <generateGeodes>false</generateGeodes>
            <seaLevel>53</seaLevel>
            <biomeIds>minecraft:birch_forest_hills;0,minecraft:mutated_extreme_hills;2000,advancedrocketry:alien_forest;0,minecraft:mutated_birch_forest_hills;0,minecraft:mushroom_island;0</biomeIds>
            <planet DIMID="24" name="Sol 23: 0">
                <isKnown>false</isKnown>
                <fogColor>1.0,1.0,1.0</fogColor>
                <skyColor>0.8,0.56959677,1.0</skyColor>
                <gravitationalMultiplier>75</gravitationalMultiplier>
                <orbitalDistance>189</orbitalDistance>
                <orbitalTheta>202</orbitalTheta>
                <orbitalPhi>-149</orbitalPhi>
                <retrograde>false</retrograde>
                <avgTemperature>186</avgTemperature>
                <rotationalPeriod>56888</rotationalPeriod>
                <atmosphereDensity>34</atmosphereDensity>
                <generateCraters>true</generateCraters>
                <generateCaves>false</generateCaves>
                <generateVolcanos>false</generateVolcanos>
                <generateStructures>false</generateStructures>
                <generateGeodes>false</generateGeodes>
                <biomeIds>minecraft:mutated_jungle_edge;30,minecraft:smaller_extreme_hills;2000,wastelands:wasteland desert;2000,advancedrocketry:marsh;30,minecraft:birch_forest;30</biomeIds>
            </planet>
            <planet DIMID="25" name="Sol 23: 1">
                <isKnown>false</isKnown>
                <fogColor>1.0,1.0,1.0</fogColor>
                <skyColor>0.8,0.8419001,0.9870528</skyColor>
                <gravitationalMultiplier>86</gravitationalMultiplier>
                <orbitalDistance>161</orbitalDistance>
                <orbitalTheta>182</orbitalTheta>
                <orbitalPhi>-41</orbitalPhi>
                <retrograde>false</retrograde>
                <avgTemperature>201</avgTemperature>
                <rotationalPeriod>37732</rotationalPeriod>
                <atmosphereDensity>30</atmosphereDensity>
                <generateCraters>true</generateCraters>
                <generateCaves>false</generateCaves>
                <generateVolcanos>false</generateVolcanos>
                <generateStructures>false</generateStructures>
                <generateGeodes>false</generateGeodes>
                <biomeIds>advancedrocketry:crystalchasms;30,minecraft:jungle_edge;30,minecraft:plains;30,minecraft:desert;2000,minecraft:mutated_forest;30</biomeIds>
            </planet>
            <planet DIMID="26" name="Sol 23: 2">
                <isKnown>false</isKnown>
                <fogColor>1.0,1.0,1.0</fogColor>
                <skyColor>0.8,0.73765075,0.86314493</skyColor>
                <gravitationalMultiplier>88</gravitationalMultiplier>
                <orbitalDistance>110</orbitalDistance>
                <orbitalTheta>43</orbitalTheta>
                <orbitalPhi>77</orbitalPhi>
                <retrograde>false</retrograde>
                <avgTemperature>243</avgTemperature>
                <rotationalPeriod>35217</rotationalPeriod>
                <atmosphereDensity>35</atmosphereDensity>
                <generateCraters>true</generateCraters>
                <generateCaves>false</generateCaves>
                <generateVolcanos>false</generateVolcanos>
                <generateStructures>false</generateStructures>
                <generateGeodes>false</generateGeodes>
                <biomeIds>advancedrocketry:crystalchasms;30</biomeIds>
            </planet>
        </planet>
        <planet DIMID="9" name="Sol 9">
            <isKnown>false</isKnown>
            <fogColor>1.0,1.0,1.0</fogColor>
            <skyColor>0.8,0.86565685,0.91588354</skyColor>
            <gravitationalMultiplier>130</gravitationalMultiplier>
            <orbitalDistance>147</orbitalDistance>
            <orbitalTheta>269</orbitalTheta>
            <orbitalPhi>-136</orbitalPhi>
            <retrograde>false</retrograde>
            <avgTemperature>216</avgTemperature>
            <rotationalPeriod>10923</rotationalPeriod>
            <atmosphereDensity>69</atmosphereDensity>
            <generateCraters>true</generateCraters>
            <generateCaves>false</generateCaves>
            <generateVolcanos>false</generateVolcanos>
            <generateStructures>false</generateStructures>
            <generateGeodes>false</generateGeodes>
            <biomeIds>minecraft:desert;2000,minecraft:mutated_mesa_rock;2000,minecraft:extreme_hills_with_trees;0,minecraft:mutated_birch_forest_hills;0,nuclearcraft:nuclear_wasteland;5</biomeIds>
            <planet DIMID="10" name="Sol 9: 0">
                <isKnown>false</isKnown>
                <fogColor>1.0,1.0,1.0</fogColor>
                <skyColor>0.8,0.8485477,0.8145185</skyColor>
                <gravitationalMultiplier>71</gravitationalMultiplier>
                <orbitalDistance>101</orbitalDistance>
                <orbitalTheta>345</orbitalTheta>
                <orbitalPhi>-269</orbitalPhi>
                <retrograde>false</retrograde>
                <avgTemperature>254</avgTemperature>
                <rotationalPeriod>67055</rotationalPeriod>
                <atmosphereDensity>14</atmosphereDensity>
                <generateCraters>true</generateCraters>
                <generateCaves>false</generateCaves>
                <generateVolcanos>false</generateVolcanos>
                <generateStructures>false</generateStructures>
                <generateGeodes>false</generateGeodes>
                <biomeIds>advancedrocketry:moon;30,advancedrocketry:moondark;30</biomeIds>
            </planet>
        </planet>
        <planet DIMID="11" name="Sol 11">
            <isKnown>false</isKnown>
            <fogColor>1.0,1.0,1.0</fogColor>
            <skyColor>0.8,0.77782756,0.9024631</skyColor>
            <gravitationalMultiplier>130</gravitationalMultiplier>
            <orbitalDistance>125</orbitalDistance>
            <orbitalTheta>21</orbitalTheta>
            <orbitalPhi>-8</orbitalPhi>
            <retrograde>false</retrograde>
            <avgTemperature>228</avgTemperature>
            <rotationalPeriod>10923</rotationalPeriod>
            <atmosphereDensity>13</atmosphereDensity>
            <generateCraters>true</generateCraters>
            <generateCaves>false</generateCaves>
            <generateVolcanos>false</generateVolcanos>
            <generateStructures>false</generateStructures>
            <generateGeodes>false</generateGeodes>
            <biomeIds>advancedrocketry:moon;0,advancedrocketry:moondark;0</biomeIds>
            <planet DIMID="12" name="Sol 11: 0">
                <isKnown>false</isKnown>
                <fogColor>1.0,1.0,1.0</fogColor>
                <skyColor>0.8,0.6950427,0.86957824</skyColor>
                <gravitationalMultiplier>69</gravitationalMultiplier>
                <orbitalDistance>112</orbitalDistance>
                <orbitalTheta>146</orbitalTheta>
                <orbitalPhi>56</orbitalPhi>
                <retrograde>false</retrograde>
                <avgTemperature>241</avgTemperature>
                <rotationalPeriod>73057</rotationalPeriod>
                <atmosphereDensity>15</atmosphereDensity>
                <generateCraters>true</generateCraters>
                <generateCaves>false</generateCaves>
                <generateVolcanos>false</generateVolcanos>
                <generateStructures>false</generateStructures>
                <generateGeodes>false</generateGeodes>
                <biomeIds>advancedrocketry:moon;30,advancedrocketry:moondark;30</biomeIds>
            </planet>
        </planet>
        <planet DIMID="27" name="Sol 27">
            <isKnown>false</isKnown>
            <fogColor>1.0,1.0,1.0</fogColor>
            <skyColor>0.8,0.98204076,0.48320717</skyColor>
            <gravitationalMultiplier>100</gravitationalMultiplier>
            <orbitalDistance>57</orbitalDistance>
            <orbitalTheta>198</orbitalTheta>
            <orbitalPhi>-86</orbitalPhi>
            <retrograde>false</retrograde>
            <avgTemperature>338</avgTemperature>
            <rotationalPeriod>23643</rotationalPeriod>
            <atmosphereDensity>33</atmosphereDensity>
            <generateCraters>true</generateCraters>
            <generateCaves>false</generateCaves>
            <generateVolcanos>false</generateVolcanos>
            <generateStructures>false</generateStructures>
            <generateGeodes>false</generateGeodes>
            <biomeIds>minecraft:plains;0,randomthings:spectral;0,minecraft:mesa_clear_rock;2000,nuclearcraft:nuclear_wasteland;5,minecraft:jungle_edge;0</biomeIds>
            <planet DIMID="28" name="Sol 27: 0">
                <isKnown>false</isKnown>
                <fogColor>1.0,1.0,1.0</fogColor>
                <skyColor>0.8,0.9671627,0.9922745</skyColor>
                <gravitationalMultiplier>28</gravitationalMultiplier>
                <orbitalDistance>179</orbitalDistance>
                <orbitalTheta>114</orbitalTheta>
                <orbitalPhi>-71</orbitalPhi>
                <retrograde>false</retrograde>
                <avgTemperature>191</avgTemperature>
                <rotationalPeriod>1093294</rotationalPeriod>
                <atmosphereDensity>17</atmosphereDensity>
                <generateCraters>true</generateCraters>
                <generateCaves>false</generateCaves>
                <generateVolcanos>false</generateVolcanos>
                <generateStructures>false</generateStructures>
                <generateGeodes>false</generateGeodes>
                <biomeIds>advancedrocketry:moon;30,advancedrocketry:moondark;30</biomeIds>
            </planet>
            <planet DIMID="29" name="Sol 27: 1">
                <isKnown>false</isKnown>
                <fogColor>1.0,1.0,1.0</fogColor>
                <skyColor>0.8,0.79766417,1.0</skyColor>
                <gravitationalMultiplier>66</gravitationalMultiplier>
                <orbitalDistance>179</orbitalDistance>
                <orbitalTheta>355</orbitalTheta>
                <orbitalPhi>-112</orbitalPhi>
                <retrograde>false</retrograde>
                <avgTemperature>191</avgTemperature>
                <rotationalPeriod>83479</rotationalPeriod>
                <atmosphereDensity>24</atmosphereDensity>
                <generateCraters>true</generateCraters>
                <generateCaves>false</generateCaves>
                <generateVolcanos>false</generateVolcanos>
                <generateStructures>false</generateStructures>
                <generateGeodes>false</generateGeodes>
                <biomeIds>advancedrocketry:moon;30,advancedrocketry:moondark;30</biomeIds>
            </planet>
            <planet DIMID="30" name="Sol 27: 2">
                <isKnown>false</isKnown>
                <fogColor>1.0,1.0,1.0</fogColor>
                <skyColor>0.8,0.9734426,0.98757136</skyColor>
                <gravitationalMultiplier>55</gravitationalMultiplier>
                <orbitalDistance>144</orbitalDistance>
                <orbitalTheta>146</orbitalTheta>
                <orbitalPhi>-7</orbitalPhi>
                <retrograde>false</retrograde>
                <avgTemperature>213</avgTemperature>
                <rotationalPeriod>144252</rotationalPeriod>
                <atmosphereDensity>30</atmosphereDensity>
                <generateCraters>true</generateCraters>
                <generateCaves>false</generateCaves>
                <generateVolcanos>false</generateVolcanos>
                <generateStructures>false</generateStructures>
                <generateGeodes>false</generateGeodes>
                <biomeIds>minecraft:mutated_roofed_forest;30,minecraft:swampland;30,minecraft:stone_beach;2000,minecraft:mutated_extreme_hills;2000,minecraft:ocean;2000</biomeIds>
            </planet>
        </planet>
        <planet DIMID="13" name="Sol 13">
            <isKnown>false</isKnown>
            <fogColor>1.0,1.0,1.0</fogColor>
            <skyColor>0.8,0.75683296,0.5827937</skyColor>
            <gravitationalMultiplier>130</gravitationalMultiplier>
            <orbitalDistance>111</orbitalDistance>
            <orbitalTheta>68</orbitalTheta>
            <orbitalPhi>-5</orbitalPhi>
            <retrograde>false</retrograde>
            <avgTemperature>319</avgTemperature>
            <rotationalPeriod>10923</rotationalPeriod>
            <atmosphereDensity>187</atmosphereDensity>
            <generateCraters>false</generateCraters>
            <generateCaves>false</generateCaves>
            <generateVolcanos>false</generateVolcanos>
            <generateStructures>true</generateStructures>
            <generateGeodes>true</generateGeodes>
            <biomeIds>appliedenergistics2:storage_biome;0,buildcraftenergy:oil_ocean;0,minecraft:extreme_hills_with_trees;0,minecraft:swampland;0,advancedrocketry:oceanspires;0</biomeIds>
            <planet DIMID="16" name="Sol 13: 2">
                <isKnown>false</isKnown>
                <fogColor>1.0,1.0,1.0</fogColor>
                <skyColor>0.8,0.67799395,0.8501163</skyColor>
                <gravitationalMultiplier>47</gravitationalMultiplier>
                <orbitalDistance>127</orbitalDistance>
                <orbitalTheta>80</orbitalTheta>
                <orbitalPhi>-216</orbitalPhi>
                <retrograde>false</retrograde>
                <avgTemperature>227</avgTemperature>
                <rotationalPeriod>231162</rotationalPeriod>
                <atmosphereDensity>36</atmosphereDensity>
                <generateCraters>true</generateCraters>
                <generateCaves>false</generateCaves>
                <generateVolcanos>false</generateVolcanos>
                <generateStructures>false</generateStructures>
                <generateGeodes>false</generateGeodes>
                <biomeIds>advancedrocketry:crystalchasms;30</biomeIds>
            </planet>
            <planet DIMID="14" name="Sol 13: 0">
                <isKnown>false</isKnown>
                <fogColor>1.0,1.0,1.0</fogColor>
                <skyColor>0.8,0.91885716,0.9210418</skyColor>
                <gravitationalMultiplier>81</gravitationalMultiplier>
                <orbitalDistance>154</orbitalDistance>
                <orbitalTheta>349</orbitalTheta>
                <orbitalPhi>-121</orbitalPhi>
                <retrograde>false</retrograde>
                <avgTemperature>206</avgTemperature>
                <rotationalPeriod>45160</rotationalPeriod>
                <atmosphereDensity>33</atmosphereDensity>
                <generateCraters>true</generateCraters>
                <generateCaves>false</generateCaves>
                <generateVolcanos>false</generateVolcanos>
                <generateStructures>false</generateStructures>
                <generateGeodes>false</generateGeodes>
                <seaLevel>43</seaLevel>
                <biomeIds>nuclearcraft:nuclear_wasteland;5,minecraft:desert_hills;2000,buildcraftenergy:oil_ocean;30,minecraft:desert;2000,minecraft:mesa;2000</biomeIds>
            </planet>
            <planet DIMID="15" name="Sol 13: 1">
                <isKnown>false</isKnown>
                <fogColor>1.0,1.0,1.0</fogColor>
                <skyColor>0.8,0.964756,0.8856384</skyColor>
                <gravitationalMultiplier>88</gravitationalMultiplier>
                <orbitalDistance>122</orbitalDistance>
                <orbitalTheta>5</orbitalTheta>
                <orbitalPhi>133</orbitalPhi>
                <retrograde>false</retrograde>
                <avgTemperature>231</avgTemperature>
                <rotationalPeriod>35217</rotationalPeriod>
                <atmosphereDensity>23</atmosphereDensity>
                <generateCraters>true</generateCraters>
                <generateCaves>false</generateCaves>
                <generateVolcanos>false</generateVolcanos>
                <generateStructures>false</generateStructures>
                <generateGeodes>false</generateGeodes>
                <biomeIds>advancedrocketry:moon;30,advancedrocketry:moondark;30</biomeIds>
            </planet>
        </planet>
    </star>
    <star blackHole="false" name="Wolf 12" numGasGiants="0" numPlanets="0" size="1.0" temp="10" x="300" y="-200">
        <planet DIMID="33" name="Wolf 12 33">
            <isKnown>false</isKnown>
            <fogColor>1.0,1.0,1.0</fogColor>
            <skyColor>0.35148662,0.5528713,1.0</skyColor>
            <gravitationalMultiplier>128</gravitationalMultiplier>
            <orbitalDistance>172</orbitalDistance>
            <orbitalTheta>333</orbitalTheta>
            <orbitalPhi>-208</orbitalPhi>
            <retrograde>false</retrograde>
            <avgTemperature>24</avgTemperature>
            <rotationalPeriod>11311</rotationalPeriod>
            <atmosphereDensity>149</atmosphereDensity>
            <generateCraters>false</generateCraters>
            <generateCaves>false</generateCaves>
            <generateVolcanos>false</generateVolcanos>
            <generateStructures>false</generateStructures>
            <generateGeodes>true</generateGeodes>
            <biomeIds>minecraft:birch_forest;0,randomthings:spectral;0,minecraft:beaches;2000,wastelands:wasteland city;2000,minecraft:mutated_mesa_rock;2000</biomeIds>
        </planet>
        <planet DIMID="34" name="Wolf 12 34">
            <isKnown>false</isKnown>
            <fogColor>1.0,1.0,1.0</fogColor>
            <skyColor>0.31179255,0.88331544,1.0</skyColor>
            <gravitationalMultiplier>130</gravitationalMultiplier>
            <orbitalDistance>133</orbitalDistance>
            <orbitalTheta>235</orbitalTheta>
            <orbitalPhi>-74</orbitalPhi>
            <retrograde>false</retrograde>
            <avgTemperature>22</avgTemperature>
            <rotationalPeriod>10923</rotationalPeriod>
            <atmosphereDensity>67</atmosphereDensity>
            <generateCraters>true</generateCraters>
            <generateCaves>false</generateCaves>
            <generateVolcanos>false</generateVolcanos>
            <generateStructures>false</generateStructures>
            <generateGeodes>false</generateGeodes>
            <biomeIds>minecraft:extreme_hills_with_trees;0,advancedrocketry:oceanspires;0,minecraft:mutated_redwood_taiga_hills;0,minecraft:jungle_hills;0,minecraft:mutated_mesa_clear_rock;2000</biomeIds>
            <planet DIMID="35" name="Wolf 12 34: 0">
                <isKnown>false</isKnown>
                <fogColor>1.0,1.0,1.0</fogColor>
                <skyColor>0.2918865,0.6297565,1.0</skyColor>
                <gravitationalMultiplier>87</gravitationalMultiplier>
                <orbitalDistance>114</orbitalDistance>
                <orbitalTheta>75</orbitalTheta>
                <orbitalPhi>-122</orbitalPhi>
                <retrograde>false</retrograde>
                <avgTemperature>23</avgTemperature>
                <rotationalPeriod>36446</rotationalPeriod>
                <atmosphereDensity>28</atmosphereDensity>
                <generateCraters>true</generateCraters>
                <generateCaves>false</generateCaves>
                <generateVolcanos>false</generateVolcanos>
                <generateStructures>false</generateStructures>
                <generateGeodes>false</generateGeodes>
                <biomeIds>advancedrocketry:marsh;30,minecraft:extreme_hills_with_trees;30,minecraft:stone_beach;2000,minecraft:mutated_jungle;30,minecraft:forest_hills;30</biomeIds>
            </planet>
        </planet>
        <planet DIMID="36" name="Wolf 12 36">
            <isKnown>false</isKnown>
            <fogColor>1.0,1.0,1.0</fogColor>
            <skyColor>0.3604499,0.5768981,1.0</skyColor>
            <gravitationalMultiplier>98</gravitationalMultiplier>
            <orbitalDistance>129</orbitalDistance>
            <orbitalTheta>41</orbitalTheta>
            <orbitalPhi>51</orbitalPhi>
            <retrograde>false</retrograde>
            <avgTemperature>27</avgTemperature>
            <rotationalPeriod>25113</rotationalPeriod>
            <atmosphereDensity>132</atmosphereDensity>
            <generateCraters>false</generateCraters>
            <generateCaves>false</generateCaves>
            <generateVolcanos>false</generateVolcanos>
            <generateStructures>false</generateStructures>
            <generateGeodes>true</generateGeodes>
            <biomeIds>advancedrocketry:oceanspires;0,minecraft:savanna_rock;0,minecraft:mutated_mesa_rock;2000,wastelands:wasteland city;2000,wastelands:wasteland desert;2000</biomeIds>
        </planet>
        <planet DIMID="37" name="Wolf 12 37">
            <isKnown>false</isKnown>
            <fogColor>1.0,1.0,1.0</fogColor>
            <skyColor>0.38106877,0.9106421,1.0</skyColor>
            <gravitationalMultiplier>130</gravitationalMultiplier>
            <orbitalDistance>38</orbitalDistance>
            <orbitalTheta>273</orbitalTheta>
            <orbitalPhi>-100</orbitalPhi>
            <retrograde>false</retrograde>
            <avgTemperature>48</avgTemperature>
            <rotationalPeriod>10923</rotationalPeriod>
            <atmosphereDensity>116</atmosphereDensity>
            <generateCraters>false</generateCraters>
            <generateCaves>false</generateCaves>
            <generateVolcanos>false</generateVolcanos>
            <generateStructures>false</generateStructures>
            <generateGeodes>false</generateGeodes>
            <biomeIds>minecraft:mesa_clear_rock;2000,wastelands:wasteland city;2000,minecraft:mutated_jungle;0,minecraft:jungle;0,minecraft:mushroom_island_shore;0</biomeIds>
            <planet DIMID="38" name="Wolf 12 37: 0">
                <isKnown>false</isKnown>
                <fogColor>1.0,1.0,1.0</fogColor>
                <skyColor>0.31269825,0.84171057,1.0</skyColor>
                <gravitationalMultiplier>82</gravitationalMultiplier>
                <orbitalDistance>118</orbitalDistance>
                <orbitalTheta>302</orbitalTheta>
                <orbitalPhi>-293</orbitalPhi>
                <retrograde>false</retrograde>
                <avgTemperature>23</avgTemperature>
                <rotationalPeriod>43528</rotationalPeriod>
                <atmosphereDensity>20</atmosphereDensity>
                <generateCraters>true</generateCraters>
                <generateCaves>false</generateCaves>
                <generateVolcanos>false</generateVolcanos>
                <generateStructures>false</generateStructures>
                <generateGeodes>false</generateGeodes>
                <biomeIds>advancedrocketry:moon;30,advancedrocketry:moondark;30</biomeIds>
            </planet>
            <planet DIMID="39" name="Wolf 12 37: 1">
                <isKnown>false</isKnown>
                <fogColor>1.0,1.0,1.0</fogColor>
                <skyColor>0.3319124,0.6140746,1.0</skyColor>
                <gravitationalMultiplier>58</gravitationalMultiplier>
                <orbitalDistance>118</orbitalDistance>
                <orbitalTheta>149</orbitalTheta>
                <orbitalPhi>-46</orbitalPhi>
                <retrograde>false</retrograde>
                <avgTemperature>23</avgTemperature>
                <rotationalPeriod>123006</rotationalPeriod>
                <atmosphereDensity>13</atmosphereDensity>
                <generateCraters>true</generateCraters>
                <generateCaves>false</generateCaves>
                <generateVolcanos>false</generateVolcanos>
                <generateStructures>false</generateStructures>
                <generateGeodes>false</generateGeodes>
                <biomeIds>advancedrocketry:moon;30,advancedrocketry:moondark;30</biomeIds>
            </planet>
        </planet>
        <planet DIMID="31" name="Wolf 12 31">
            <isKnown>false</isKnown>
            <fogColor>1.0,1.0,1.0</fogColor>
            <skyColor>0.49951053,0.92861056,1.0</skyColor>
            <gravitationalMultiplier>107</gravitationalMultiplier>
            <orbitalDistance>17</orbitalDistance>
            <orbitalTheta>336</orbitalTheta>
            <orbitalPhi>-43</orbitalPhi>
            <retrograde>false</retrograde>
            <avgTemperature>79</avgTemperature>
            <rotationalPeriod>19319</rotationalPeriod>
            <atmosphereDensity>166</atmosphereDensity>
            <generateCraters>false</generateCraters>
            <generateCaves>false</generateCaves>
            <generateVolcanos>false</generateVolcanos>
            <generateStructures>false</generateStructures>
            <generateGeodes>true</generateGeodes>
            <biomeIds>minecraft:mutated_birch_forest_hills;0,minecraft:birch_forest_hills;0,nuclearcraft:nuclear_wasteland;5,minecraft:mutated_redwood_taiga_hills;0,minecraft:mutated_jungle;0</biomeIds>
            <planet DIMID="32" name="Wolf 12 31: 0">
                <isKnown>false</isKnown>
                <fogColor>1.0,1.0,1.0</fogColor>
                <skyColor>0.312495,0.57455635,1.0</skyColor>
                <gravitationalMultiplier>38</gravitationalMultiplier>
                <orbitalDistance>182</orbitalDistance>
                <orbitalTheta>241</orbitalTheta>
                <orbitalPhi>-359</orbitalPhi>
                <retrograde>false</retrograde>
                <avgTemperature>18</avgTemperature>
                <rotationalPeriod>437381</rotationalPeriod>
                <atmosphereDensity>25</atmosphereDensity>
                <generateCraters>true</generateCraters>
                <generateCaves>false</generateCaves>
                <generateVolcanos>false</generateVolcanos>
                <generateStructures>false</generateStructures>
                <generateGeodes>false</generateGeodes>
                <biomeIds>advancedrocketry:moon;30,advancedrocketry:moondark;30</biomeIds>
            </planet>
        </planet>
    </star>
    <star blackHole="false" name="Epsilon ire" numGasGiants="0" numPlanets="0" size="1.0" temp="170" x="-200" y="80">
        <planet DIMID="49" name="Epsilon ire 49">
            <isKnown>false</isKnown>
            <fogColor>1.0,1.0,1.0</fogColor>
            <skyColor>0.8,0.9729105,0.34376323</skyColor>
            <gravitationalMultiplier>105</gravitationalMultiplier>
            <orbitalDistance>132</orbitalDistance>
            <orbitalTheta>211</orbitalTheta>
            <orbitalPhi>-194</orbitalPhi>
            <retrograde>false</retrograde>
            <avgTemperature>378</avgTemperature>
            <rotationalPeriod>20438</rotationalPeriod>
            <atmosphereDensity>26</atmosphereDensity>
            <generateCraters>true</generateCraters>
            <generateCaves>false</generateCaves>
            <generateVolcanos>false</generateVolcanos>
            <generateStructures>false</generateStructures>
            <generateGeodes>false</generateGeodes>
            <biomeIds>minecraft:frozen_ocean;0,buildcraftenergy:oil_ocean;0,wastelands:wasteland;2000,minecraft:mutated_redwood_taiga_hills;0,minecraft:extreme_hills_with_trees;0</biomeIds>
            <planet DIMID="50" name="Epsilon ire 49: 0">
                <isKnown>false</isKnown>
                <hasRings>true</hasRings>
                <ringColor>0.8,0.50853574,0.56210184</ringColor>
                <fogColor>1.0,1.0,1.0</fogColor>
                <skyColor>0.8,0.50853574,0.56210184</skyColor>
                <gravitationalMultiplier>50</gravitationalMultiplier>
                <orbitalDistance>189</orbitalDistance>
                <orbitalTheta>292</orbitalTheta>
                <orbitalPhi>92</orbitalPhi>
                <retrograde>false</retrograde>
                <avgTemperature>316</avgTemperature>
                <rotationalPeriod>192000</rotationalPeriod>
                <atmosphereDensity>37</atmosphereDensity>
                <generateCraters>true</generateCraters>
                <generateCaves>false</generateCaves>
                <generateVolcanos>false</generateVolcanos>
                <generateStructures>false</generateStructures>
                <generateGeodes>false</generateGeodes>
                <biomeIds>minecraft:extreme_hills;2000</biomeIds>
            </planet>
        </planet>
        <planet DIMID="51" name="Epsilon ire 51">
            <isKnown>false</isKnown>
            <fogColor>1.0,1.0,1.0</fogColor>
            <skyColor>0.8,0.50876683,0.059075534</skyColor>
            <gravitationalMultiplier>130</gravitationalMultiplier>
            <orbitalDistance>130</orbitalDistance>
            <orbitalTheta>87</orbitalTheta>
            <orbitalPhi>-479</orbitalPhi>
            <retrograde>false</retrograde>
            <avgTemperature>477</avgTemperature>
            <rotationalPeriod>10923</rotationalPeriod>
            <atmosphereDensity>153</atmosphereDensity>
            <generateCraters>false</generateCraters>
            <generateCaves>false</generateCaves>
            <generateVolcanos>true</generateVolcanos>
            <generateStructures>false</generateStructures>
            <generateGeodes>true</generateGeodes>
            <biomeIds>minecraft:jungle_edge;0,minecraft:savanna;0,minecraft:mutated_mesa;2000,minecraft:ocean;2000,buildcraftenergy:oil_desert;0</biomeIds>
            <planet DIMID="52" name="Epsilon ire 51: 0">
                <isKnown>false</isKnown>
                <fogColor>1.0,1.0,1.0</fogColor>
                <skyColor>0.8,0.95381504,0.31840253</skyColor>
                <gravitationalMultiplier>47</gravitationalMultiplier>
                <orbitalDistance>120</orbitalDistance>
                <orbitalTheta>150</orbitalTheta>
                <orbitalPhi>-121</orbitalPhi>
                <retrograde>false</retrograde>
                <avgTemperature>397</avgTemperature>
                <rotationalPeriod>231162</rotationalPeriod>
                <atmosphereDensity>18</atmosphereDensity>
                <generateCraters>true</generateCraters>
                <generateCaves>false</generateCaves>
                <generateVolcanos>false</generateVolcanos>
                <generateStructures>false</generateStructures>
                <generateGeodes>false</generateGeodes>
                <biomeIds>advancedrocketry:moon;30,advancedrocketry:moondark;30</biomeIds>
            </planet>
            <oceanBlock>minecraft:lava</oceanBlock>
        </planet>
        <planet DIMID="40" name="Epsilon ire 40">
            <isKnown>false</isKnown>
            <fogColor>1.0,1.0,1.0</fogColor>
            <skyColor>0.8,0.979066,0.0</skyColor>
            <gravitationalMultiplier>96</gravitationalMultiplier>
            <orbitalDistance>5</orbitalDistance>
            <orbitalTheta>33</orbitalTheta>
            <orbitalPhi>-406</orbitalPhi>
            <retrograde>false</retrograde>
            <avgTemperature>2579</avgTemperature>
            <rotationalPeriod>26707</rotationalPeriod>
            <atmosphereDensity>193</atmosphereDensity>
            <generateCraters>false</generateCraters>
            <generateCaves>false</generateCaves>
            <generateVolcanos>true</generateVolcanos>
            <generateStructures>false</generateStructures>
            <generateGeodes>true</generateGeodes>
            <biomeIds>advancedrocketry:marsh;0,minecraft:desert;2000,minecraft:desert_hills;2000,buildcraftenergy:oil_ocean;0,minecraft:savanna_rock;0</biomeIds>
            <oceanBlock>minecraft:lava</oceanBlock>
        </planet>
        <planet DIMID="41" name="Epsilon ire 41">
            <isKnown>false</isKnown>
            <fogColor>1.0,1.0,1.0</fogColor>
            <skyColor>0.8,0.8997536,0.4470353</skyColor>
            <gravitationalMultiplier>112</gravitationalMultiplier>
            <orbitalDistance>150</orbitalDistance>
            <orbitalTheta>223</orbitalTheta>
            <orbitalPhi>87</orbitalPhi>
            <retrograde>false</retrograde>
            <avgTemperature>355</avgTemperature>
            <rotationalPeriod>16855</rotationalPeriod>
            <atmosphereDensity>54</atmosphereDensity>
            <generateCraters>true</generateCraters>
            <generateCaves>false</generateCaves>
            <generateVolcanos>false</generateVolcanos>
            <generateStructures>false</generateStructures>
            <generateGeodes>false</generateGeodes>
            <biomeIds>minecraft:mushroom_island;0</biomeIds>
            <planet DIMID="42" name="Epsilon ire 41: 0">
                <isKnown>false</isKnown>
                <fogColor>1.0,1.0,1.0</fogColor>
                <skyColor>0.8,0.56553894,0.4505039</skyColor>
                <gravitationalMultiplier>66</gravitationalMultiplier>
                <orbitalDistance>156</orbitalDistance>
                <orbitalTheta>251</orbitalTheta>
                <orbitalPhi>97</orbitalPhi>
                <retrograde>false</retrograde>
                <avgTemperature>348</avgTemperature>
                <rotationalPeriod>83479</rotationalPeriod>
                <atmosphereDensity>37</atmosphereDensity>
                <generateCraters>true</generateCraters>
                <generateCaves>false</generateCaves>
                <generateVolcanos>false</generateVolcanos>
                <generateStructures>false</generateStructures>
                <generateGeodes>false</generateGeodes>
                <biomeIds>minecraft:extreme_hills;2000</biomeIds>
            </planet>
        </planet>
        <planet DIMID="43" name="Epsilon ire 43">
            <isKnown>false</isKnown>
            <fogColor>1.0,1.0,1.0</fogColor>
            <skyColor>0.8,0.8225491,0.5957128</skyColor>
            <gravitationalMultiplier>130</gravitationalMultiplier>
            <orbitalDistance>208</orbitalDistance>
            <orbitalTheta>65</orbitalTheta>
            <orbitalPhi>376</orbitalPhi>
            <retrograde>false</retrograde>
            <avgTemperature>308</avgTemperature>
            <rotationalPeriod>10923</rotationalPeriod>
            <atmosphereDensity>68</atmosphereDensity>
            <generateCraters>true</generateCraters>
            <generateCaves>false</generateCaves>
            <generateVolcanos>false</generateVolcanos>
            <generateStructures>false</generateStructures>
            <generateGeodes>false</generateGeodes>
            <biomeIds>buildcraftenergy:oil_ocean;0,minecraft:mutated_extreme_hills;2000,minecraft:extreme_hills;2000,minecraft:mushroom_island_shore;0,minecraft:frozen_river;0</biomeIds>
            <planet DIMID="44" name="Epsilon ire 43: 0">
                <isKnown>false</isKnown>
                <fogColor>1.0,1.0,1.0</fogColor>
                <skyColor>0.8,0.9501606,0.56028175</skyColor>
                <gravitationalMultiplier>77</gravitationalMultiplier>
                <orbitalDistance>162</orbitalDistance>
                <orbitalTheta>36</orbitalTheta>
                <orbitalPhi>-148</orbitalPhi>
                <retrograde>false</retrograde>
                <avgTemperature>341</avgTemperature>
                <rotationalPeriod>52570</rotationalPeriod>
                <atmosphereDensity>16</atmosphereDensity>
                <generateCraters>true</generateCraters>
                <generateCaves>false</generateCaves>
                <generateVolcanos>false</generateVolcanos>
                <generateStructures>false</generateStructures>
                <generateGeodes>false</generateGeodes>
                <seaLevel>60</seaLevel>
                <biomeIds>advancedrocketry:moon;30,advancedrocketry:moondark;30</biomeIds>
            </planet>
        </planet>
        <planet DIMID="45" name="Epsilon ire 45">
            <isKnown>false</isKnown>
            <fogColor>1.0,1.0,1.0</fogColor>
            <skyColor>0.8,0.6389819,0.0</skyColor>
            <gravitationalMultiplier>107</gravitationalMultiplier>
            <orbitalDistance>126</orbitalDistance>
            <orbitalTheta>233</orbitalTheta>
            <orbitalPhi>-82</orbitalPhi>
            <retrograde>false</retrograde>
            <avgTemperature>520</avgTemperature>
            <rotationalPeriod>19319</rotationalPeriod>
            <atmosphereDensity>204</atmosphereDensity>
            <generateCraters>false</generateCraters>
            <generateCaves>false</generateCaves>
            <generateVolcanos>true</generateVolcanos>
            <generateStructures>false</generateStructures>
            <generateGeodes>true</generateGeodes>
            <biomeIds>advancedrocketry:oceanspires;0,minecraft:ocean;2000,minecraft:savanna;0,minecraft:deep_ocean;2000,minecraft:jungle;0</biomeIds>
            <oceanBlock>minecraft:lava</oceanBlock>
        </planet>
        <planet DIMID="46" name="Epsilon ire 46">
            <isKnown>false</isKnown>
            <fogColor>1.0,1.0,1.0</fogColor>
            <skyColor>0.8,0.90948033,0.0</skyColor>
            <gravitationalMultiplier>130</gravitationalMultiplier>
            <orbitalDistance>66</orbitalDistance>
            <orbitalTheta>195</orbitalTheta>
            <orbitalPhi>-296</orbitalPhi>
            <retrograde>false</retrograde>
            <avgTemperature>548</avgTemperature>
            <rotationalPeriod>10923</rotationalPeriod>
            <atmosphereDensity>69</atmosphereDensity>
            <generateCraters>true</generateCraters>
            <generateCaves>false</generateCaves>
            <generateVolcanos>true</generateVolcanos>
            <generateStructures>false</generateStructures>
            <generateGeodes>false</generateGeodes>
            <biomeIds>nuclearcraft:nuclear_wasteland;5,advancedrocketry:marsh;0,minecraft:mutated_desert;2000,minecraft:mutated_jungle_edge;0,minecraft:savanna_rock;0</biomeIds>
            <planet DIMID="48" name="Epsilon ire 46: 1">
                <isKnown>false</isKnown>
                <fogColor>1.0,1.0,1.0</fogColor>
                <skyColor>0.8,0.5415976,0.45609272</skyColor>
                <gravitationalMultiplier>45</gravitationalMultiplier>
                <orbitalDistance>155</orbitalDistance>
                <orbitalTheta>310</orbitalTheta>
                <orbitalPhi>-103</orbitalPhi>
                <retrograde>false</retrograde>
                <avgTemperature>349</avgTemperature>
                <rotationalPeriod>263374</rotationalPeriod>
                <atmosphereDensity>19</atmosphereDensity>
                <generateCraters>true</generateCraters>
                <generateCaves>false</generateCaves>
                <generateVolcanos>false</generateVolcanos>
                <generateStructures>false</generateStructures>
                <generateGeodes>false</generateGeodes>
                <biomeIds>advancedrocketry:moon;30,advancedrocketry:moondark;30</biomeIds>
            </planet>
            <planet DIMID="47" name="Epsilon ire 46: 0">
                <isKnown>false</isKnown>
                <fogColor>1.0,1.0,1.0</fogColor>
                <skyColor>0.8,0.99211454,0.6283387</skyColor>
                <gravitationalMultiplier>45</gravitationalMultiplier>
                <orbitalDistance>192</orbitalDistance>
                <orbitalTheta>137</orbitalTheta>
                <orbitalPhi>105</orbitalPhi>
                <retrograde>false</retrograde>
                <avgTemperature>313</avgTemperature>
                <rotationalPeriod>263374</rotationalPeriod>
                <atmosphereDensity>18</atmosphereDensity>
                <generateCraters>true</generateCraters>
                <generateCaves>false</generateCaves>
                <generateVolcanos>false</generateVolcanos>
                <generateStructures>false</generateStructures>
                <generateGeodes>false</generateGeodes>
                <biomeIds>advancedrocketry:moon;30,advancedrocketry:moondark;30</biomeIds>
            </planet>
            <oceanBlock>minecraft:lava</oceanBlock>
        </planet>
    </star>
    <star blackHole="false" name="Proxima Centaurs" numGasGiants="0" numPlanets="0" size="1.0" temp="200" x="-150" y="250">
        <planet DIMID="53" name="Proxima Centaurs 53">
            <isKnown>false</isKnown>
            <fogColor>1.0,1.0,1.0</fogColor>
            <skyColor>0.8,0.5372757,0.0</skyColor>
            <gravitationalMultiplier>130</gravitationalMultiplier>
            <orbitalDistance>7</orbitalDistance>
            <orbitalTheta>37</orbitalTheta>
            <orbitalPhi>-79</orbitalPhi>
            <retrograde>false</retrograde>
            <avgTemperature>2498</avgTemperature>
            <rotationalPeriod>10923</rotationalPeriod>
            <atmosphereDensity>174</atmosphereDensity>
            <generateCraters>false</generateCraters>
            <generateCaves>false</generateCaves>
            <generateVolcanos>true</generateVolcanos>
            <generateStructures>false</generateStructures>
            <generateGeodes>true</generateGeodes>
            <biomeIds>buildcraftenergy:oil_ocean;0,minecraft:jungle;0,minecraft:mutated_desert;2000,minecraft:desert;2000,minecraft:mutated_savanna;0</biomeIds>
            <planet DIMID="54" name="Proxima Centaurs 53: 0">
                <isKnown>false</isKnown>
                <fogColor>1.0,1.0,1.0</fogColor>
                <skyColor>0.8,0.9297346,0.3510275</skyColor>
                <gravitationalMultiplier>58</gravitationalMultiplier>
                <orbitalDistance>183</orbitalDistance>
                <orbitalTheta>244</orbitalTheta>
                <orbitalPhi>-284</orbitalPhi>
                <retrograde>false</retrograde>
                <avgTemperature>378</avgTemperature>
                <rotationalPeriod>123006</rotationalPeriod>
                <atmosphereDensity>19</atmosphereDensity>
                <generateCraters>true</generateCraters>
                <generateCaves>false</generateCaves>
                <generateVolcanos>false</generateVolcanos>
                <generateStructures>false</generateStructures>
                <generateGeodes>false</generateGeodes>
                <biomeIds>advancedrocketry:moon;30,advancedrocketry:moondark;30</biomeIds>
            </planet>
            <oceanBlock>minecraft:lava</oceanBlock>
        </planet>
        <planet DIMID="55" name="Proxima Centaurs 55">
            <isKnown>false</isKnown>
            <fogColor>1.0,1.0,1.0</fogColor>
            <skyColor>0.8,0.8972795,0.0</skyColor>
            <gravitationalMultiplier>126</gravitationalMultiplier>
            <orbitalDistance>81</orbitalDistance>
            <orbitalTheta>292</orbitalTheta>
            <orbitalPhi>-147</orbitalPhi>
            <retrograde>false</retrograde>
            <avgTemperature>691</avgTemperature>
            <rotationalPeriod>11856</rotationalPeriod>
            <atmosphereDensity>137</atmosphereDensity>
            <generateCraters>false</generateCraters>
            <generateCaves>false</generateCaves>
            <generateVolcanos>true</generateVolcanos>
            <generateStructures>false</generateStructures>
            <generateGeodes>true</generateGeodes>
            <biomeIds>advancedrocketry:marsh;0,minecraft:mutated_mesa;2000,minecraft:jungle;0,minecraft:savanna_rock;0,minecraft:deep_ocean;2000</biomeIds>
            <planet DIMID="56" name="Proxima Centaurs 55: 0">
                <isKnown>false</isKnown>
                <fogColor>1.0,1.0,1.0</fogColor>
                <skyColor>0.8,0.69547784,0.3597502</skyColor>
                <gravitationalMultiplier>46</gravitationalMultiplier>
                <orbitalDistance>180</orbitalDistance>
                <orbitalTheta>223</orbitalTheta>
                <orbitalPhi>-31</orbitalPhi>
                <retrograde>false</retrograde>
                <avgTemperature>381</avgTemperature>
                <rotationalPeriod>246568</rotationalPeriod>
                <atmosphereDensity>18</atmosphereDensity>
                <generateCraters>true</generateCraters>
                <generateCaves>false</generateCaves>
                <generateVolcanos>false</generateVolcanos>
                <generateStructures>false</generateStructures>
                <generateGeodes>false</generateGeodes>
                <biomeIds>advancedrocketry:moon;30,advancedrocketry:moondark;30</biomeIds>
            </planet>
            <planet DIMID="57" name="Proxima Centaurs 55: 1">
                <isKnown>false</isKnown>
                <fogColor>1.0,1.0,1.0</fogColor>
                <skyColor>0.8,0.8947921,0.14688498</skyColor>
                <gravitationalMultiplier>47</gravitationalMultiplier>
                <orbitalDistance>135</orbitalDistance>
                <orbitalTheta>89</orbitalTheta>
                <orbitalPhi>114</orbitalPhi>
                <retrograde>false</retrograde>
                <avgTemperature>440</avgTemperature>
                <rotationalPeriod>231162</rotationalPeriod>
                <atmosphereDensity>26</atmosphereDensity>
                <generateCraters>true</generateCraters>
                <generateCaves>false</generateCaves>
                <generateVolcanos>false</generateVolcanos>
                <generateStructures>false</generateStructures>
                <generateGeodes>false</generateGeodes>
                <biomeIds>minecraft:mutated_savanna;30,minecraft:birch_forest;30,wastelands:wasteland;2000,buildcraftenergy:oil_ocean;30,minecraft:forest_hills;30</biomeIds>
            </planet>
            <oceanBlock>minecraft:lava</oceanBlock>
        </planet>
        <planet DIMID="58" name="Proxima Centaurs 58">
            <isKnown>false</isKnown>
            <fogColor>1.0,1.0,1.0</fogColor>
            <skyColor>0.8,0.8437202,0.30674565</skyColor>
            <gravitationalMultiplier>103</gravitationalMultiplier>
            <orbitalDistance>155</orbitalDistance>
            <orbitalTheta>94</orbitalTheta>
            <orbitalPhi>198</orbitalPhi>
            <retrograde>false</retrograde>
            <avgTemperature>410</avgTemperature>
            <rotationalPeriod>21646</rotationalPeriod>
            <atmosphereDensity>0</atmosphereDensity>
            <generateCraters>true</generateCraters>
            <generateCaves>false</generateCaves>
            <generateVolcanos>false</generateVolcanos>
            <generateStructures>false</generateStructures>
            <generateGeodes>false</generateGeodes>
            <biomeIds>advancedrocketry:moon;0,advancedrocketry:moondark;0</biomeIds>
            <planet DIMID="59" name="Proxima Centaurs 58: 0">
                <isKnown>false</isKnown>
                <fogColor>1.0,1.0,1.0</fogColor>
                <skyColor>0.8,0.50458205,0.1757791</skyColor>
                <gravitationalMultiplier>37</gravitationalMultiplier>
                <orbitalDistance>135</orbitalDistance>
                <orbitalTheta>319</orbitalTheta>
                <orbitalPhi>-117</orbitalPhi>
                <retrograde>false</retrograde>
                <avgTemperature>440</avgTemperature>
                <rotationalPeriod>473812</rotationalPeriod>
                <atmosphereDensity>21</atmosphereDensity>
                <generateCraters>true</generateCraters>
                <generateCaves>false</generateCaves>
                <generateVolcanos>false</generateVolcanos>
                <generateStructures>false</generateStructures>
                <generateGeodes>false</generateGeodes>
                <biomeIds>advancedrocketry:moon;30,advancedrocketry:moondark;30</biomeIds>
            </planet>
        </planet>
    </star>
    <star blackHole="false" name="Magnis Vulpes" numGasGiants="0" numPlanets="0" size="1.0" temp="70" x="-150" y="-250">
        <planet DIMID="60" name="Magnis Vulpes 60">
            <isKnown>false</isKnown>
            <fogColor>1.0,1.0,1.0</fogColor>
            <skyColor>0.8,0.7246913,0.8832754</skyColor>
            <gravitationalMultiplier>130</gravitationalMultiplier>
            <orbitalDistance>98</orbitalDistance>
            <orbitalTheta>21</orbitalTheta>
            <orbitalPhi>-535</orbitalPhi>
            <retrograde>false</retrograde>
            <avgTemperature>231</avgTemperature>
            <rotationalPeriod>10923</rotationalPeriod>
            <atmosphereDensity>168</atmosphereDensity>
            <generateCraters>false</generateCraters>
            <generateCaves>false</generateCaves>
            <generateVolcanos>false</generateVolcanos>
            <generateStructures>false</generateStructures>
            <generateGeodes>true</generateGeodes>
            <biomeIds>minecraft:swampland;0,advancedrocketry:alien_forest;0,minecraft:mutated_plains;0,advancedrocketry:crystalchasms;0,advancedrocketry:oceanspires;0</biomeIds>
            <planet DIMID="61" name="Magnis Vulpes 60: 0">
                <isKnown>false</isKnown>
                <fogColor>1.0,1.0,1.0</fogColor>
                <skyColor>0.6726052,0.6011654,1.0</skyColor>
                <gravitationalMultiplier>88</gravitationalMultiplier>
                <orbitalDistance>186</orbitalDistance>
                <orbitalTheta>63</orbitalTheta>
                <orbitalPhi>-316</orbitalPhi>
                <retrograde>false</retrograde>
                <avgTemperature>131</avgTemperature>
                <rotationalPeriod>35217</rotationalPeriod>
                <atmosphereDensity>32</atmosphereDensity>
                <generateCraters>true</generateCraters>
                <generateCaves>false</generateCaves>
                <generateVolcanos>false</generateVolcanos>
                <generateStructures>false</generateStructures>
                <generateGeodes>false</generateGeodes>
                <biomeIds>minecraft:mutated_mesa_rock;2000,minecraft:birch_forest;30,nuclearcraft:nuclear_wasteland;5,minecraft:mesa_clear_rock;2000,minecraft:plains;30</biomeIds>
            </planet>
        </planet>
        <planet DIMID="62" name="Magnis Vulpes 62">
            <isKnown>false</isKnown>
            <fogColor>1.0,1.0,1.0</fogColor>
            <skyColor>0.73528355,0.75390184,1.0</skyColor>
            <gravitationalMultiplier>121</gravitationalMultiplier>
            <orbitalDistance>173</orbitalDistance>
            <orbitalTheta>184</orbitalTheta>
            <orbitalPhi>232</orbitalPhi>
            <retrograde>false</retrograde>
            <avgTemperature>136</avgTemperature>
            <rotationalPeriod>13380</rotationalPeriod>
            <atmosphereDensity>55</atmosphereDensity>
            <generateCraters>true</generateCraters>
            <generateCaves>false</generateCaves>
            <generateVolcanos>false</generateVolcanos>
            <generateStructures>false</generateStructures>
            <generateGeodes>false</generateGeodes>
            <biomeIds>advancedrocketry:alien_forest;0,minecraft:deep_ocean;2000,minecraft:jungle_hills;0,minecraft:mushroom_island;0,minecraft:desert;2000</biomeIds>
            <planet DIMID="64" name="Magnis Vulpes 62: 1">
                <isKnown>false</isKnown>
                <fogColor>1.0,1.0,1.0</fogColor>
                <skyColor>0.8,0.91139853,1.0</skyColor>
                <gravitationalMultiplier>46</gravitationalMultiplier>
                <orbitalDistance>114</orbitalDistance>
                <orbitalTheta>121</orbitalTheta>
                <orbitalPhi>-124</orbitalPhi>
                <retrograde>false</retrograde>
                <avgTemperature>167</avgTemperature>
                <rotationalPeriod>246568</rotationalPeriod>
                <atmosphereDensity>17</atmosphereDensity>
                <generateCraters>true</generateCraters>
                <generateCaves>false</generateCaves>
                <generateVolcanos>false</generateVolcanos>
                <generateStructures>false</generateStructures>
                <generateGeodes>false</generateGeodes>
                <biomeIds>advancedrocketry:moon;30,advancedrocketry:moondark;30</biomeIds>
            </planet>
            <planet DIMID="65" name="Magnis Vulpes 62: 2">
                <isKnown>false</isKnown>
                <fogColor>1.0,1.0,1.0</fogColor>
                <skyColor>0.8,0.78848565,1.0</skyColor>
                <gravitationalMultiplier>40</gravitationalMultiplier>
                <orbitalDistance>104</orbitalDistance>
                <orbitalTheta>264</orbitalTheta>
                <orbitalPhi>172</orbitalPhi>
                <retrograde>false</retrograde>
                <avgTemperature>175</avgTemperature>
                <rotationalPeriod>375000</rotationalPeriod>
                <atmosphereDensity>25</atmosphereDensity>
                <generateCraters>true</generateCraters>
                <generateCaves>false</generateCaves>
                <generateVolcanos>false</generateVolcanos>
                <generateStructures>false</generateStructures>
                <generateGeodes>false</generateGeodes>
                <biomeIds>advancedrocketry:moon;30,advancedrocketry:moondark;30</biomeIds>
            </planet>
            <planet DIMID="63" name="Magnis Vulpes 62: 0">
                <isKnown>false</isKnown>
                <fogColor>1.0,1.0,1.0</fogColor>
                <skyColor>0.76971614,0.6608746,1.0</skyColor>
                <gravitationalMultiplier>42</gravitationalMultiplier>
                <orbitalDistance>154</orbitalDistance>
                <orbitalTheta>237</orbitalTheta>
                <orbitalPhi>-47</orbitalPhi>
                <retrograde>false</retrograde>
                <avgTemperature>144</avgTemperature>
                <rotationalPeriod>323939</rotationalPeriod>
                <atmosphereDensity>24</atmosphereDensity>
                <generateCraters>true</generateCraters>
                <generateCaves>false</generateCaves>
                <generateVolcanos>false</generateVolcanos>
                <generateStructures>false</generateStructures>
                <generateGeodes>false</generateGeodes>
                <biomeIds>advancedrocketry:moon;30,advancedrocketry:moondark;30</biomeIds>
            </planet>
        </planet>
    </star>
    <star blackHole="false" name="Ma-Roo" numGasGiants="0" numPlanets="0" size="1.0" temp="200" x="50" y="-250">
        <planet DIMID="66" name="Ma-Roo 66">
            <isKnown>false</isKnown>
            <fogColor>1.0,1.0,1.0</fogColor>
            <skyColor>0.8,0.60157263,0.0</skyColor>
            <gravitationalMultiplier>109</gravitationalMultiplier>
            <orbitalDistance>58</orbitalDistance>
            <orbitalTheta>233</orbitalTheta>
            <orbitalPhi>-135</orbitalPhi>
            <retrograde>false</retrograde>
            <avgTemperature>883</avgTemperature>
            <rotationalPeriod>18279</rotationalPeriod>
            <atmosphereDensity>187</atmosphereDensity>
            <generateCraters>false</generateCraters>
            <generateCaves>false</generateCaves>
            <generateVolcanos>true</generateVolcanos>
            <generateStructures>false</generateStructures>
            <generateGeodes>true</generateGeodes>
            <biomeIds>minecraft:mutated_mesa_clear_rock;2000,advancedrocketry:oceanspires;0,minecraft:mutated_mesa_rock;2000,minecraft:savanna;0,minecraft:jungle_edge;0</biomeIds>
            <planet DIMID="67" name="Ma-Roo 66: 0">
                <isKnown>false</isKnown>
                <fogColor>1.0,1.0,1.0</fogColor>
                <skyColor>0.8,0.59620917,0.38362038</skyColor>
                <gravitationalMultiplier>69</gravitationalMultiplier>
                <orbitalDistance>187</orbitalDistance>
                <orbitalTheta>104</orbitalTheta>
                <orbitalPhi>-157</orbitalPhi>
                <retrograde>false</retrograde>
                <avgTemperature>374</avgTemperature>
                <rotationalPeriod>73057</rotationalPeriod>
                <atmosphereDensity>24</atmosphereDensity>
                <generateCraters>true</generateCraters>
                <generateCaves>false</generateCaves>
                <generateVolcanos>false</generateVolcanos>
                <generateStructures>false</generateStructures>
                <generateGeodes>false</generateGeodes>
                <biomeIds>advancedrocketry:moon;30,advancedrocketry:moondark;30</biomeIds>
            </planet>
            <oceanBlock>minecraft:lava</oceanBlock>
        </planet>
        <planet DIMID="68" name="Ma-Roo 68">
            <isKnown>false</isKnown>
            <fogColor>1.0,1.0,1.0</fogColor>
            <skyColor>0.8,0.66028535,0.0</skyColor>
            <gravitationalMultiplier>130</gravitationalMultiplier>
            <orbitalDistance>107</orbitalDistance>
            <orbitalTheta>206</orbitalTheta>
            <orbitalPhi>-22</orbitalPhi>
            <retrograde>false</retrograde>
            <avgTemperature>559</avgTemperature>
            <rotationalPeriod>10923</rotationalPeriod>
            <atmosphereDensity>102</atmosphereDensity>
            <generateCraters>false</generateCraters>
            <generateCaves>false</generateCaves>
            <generateVolcanos>true</generateVolcanos>
            <generateStructures>false</generateStructures>
            <generateGeodes>false</generateGeodes>
            <biomeIds>minecraft:desert;2000,minecraft:mutated_mesa_clear_rock;2000,minecraft:mutated_desert;2000,advancedrocketry:oceanspires;0,minecraft:savanna;0</biomeIds>
            <planet DIMID="69" name="Ma-Roo 68: 0">
                <isKnown>false</isKnown>
                <fogColor>1.0,1.0,1.0</fogColor>
                <skyColor>0.8,0.968699,0.13189948</skyColor>
                <gravitationalMultiplier>40</gravitationalMultiplier>
                <orbitalDistance>122</orbitalDistance>
                <orbitalTheta>98</orbitalTheta>
                <orbitalPhi>0</orbitalPhi>
                <retrograde>false</retrograde>
                <avgTemperature>463</avgTemperature>
                <rotationalPeriod>375000</rotationalPeriod>
                <atmosphereDensity>32</atmosphereDensity>
                <generateCraters>true</generateCraters>
                <generateCaves>false</generateCaves>
                <generateVolcanos>true</generateVolcanos>
                <generateStructures>false</generateStructures>
                <generateGeodes>false</generateGeodes>
                <seaLevel>66</seaLevel>
                <biomeIds>buildcraftenergy:oil_ocean;30,buildcraftenergy:oil_desert;30,advancedrocketry:volcanicbarren;30,minecraft:mutated_mesa;2000,minecraft:savanna_rock;30</biomeIds>
                <oceanBlock>minecraft:lava</oceanBlock>
            </planet>
            <planet DIMID="70" name="Ma-Roo 68: 1">
                <isKnown>false</isKnown>
                <fogColor>1.0,1.0,1.0</fogColor>
                <skyColor>0.8,0.95407844,0.3399393</skyColor>
                <gravitationalMultiplier>89</gravitationalMultiplier>
                <orbitalDistance>179</orbitalDistance>
                <orbitalTheta>76</orbitalTheta>
                <orbitalPhi>-59</orbitalPhi>
                <retrograde>false</retrograde>
                <avgTemperature>382</avgTemperature>
                <rotationalPeriod>34044</rotationalPeriod>
                <atmosphereDensity>33</atmosphereDensity>
                <generateCraters>true</generateCraters>
                <generateCaves>false</generateCaves>
                <generateVolcanos>false</generateVolcanos>
                <generateStructures>false</generateStructures>
                <generateGeodes>false</generateGeodes>
                <biomeIds>advancedrocketry:volcanicbarren;30</biomeIds>
            </planet>
            <planet DIMID="71" name="Ma-Roo 68: 2">
                <isKnown>false</isKnown>
                <fogColor>1.0,1.0,1.0</fogColor>
                <skyColor>0.8,0.9618753,0.109549284</skyColor>
                <gravitationalMultiplier>48</gravitationalMultiplier>
                <orbitalDistance>124</orbitalDistance>
                <orbitalTheta>354</orbitalTheta>
                <orbitalPhi>-258</orbitalPhi>
                <retrograde>false</retrograde>
                <avgTemperature>459</avgTemperature>
                <rotationalPeriod>217013</rotationalPeriod>
                <atmosphereDensity>18</atmosphereDensity>
                <generateCraters>true</generateCraters>
                <generateCaves>false</generateCaves>
                <generateVolcanos>true</generateVolcanos>
                <generateStructures>false</generateStructures>
                <generateGeodes>false</generateGeodes>
                <biomeIds>advancedrocketry:moon;30,advancedrocketry:moondark;30</biomeIds>
                <oceanBlock>minecraft:lava</oceanBlock>
            </planet>
            <oceanBlock>minecraft:lava</oceanBlock>
        </planet>
        <planet DIMID="72" name="Ma-Roo 72">
            <isKnown>false</isKnown>
            <fogColor>1.0,1.0,1.0</fogColor>
            <skyColor>0.8,0.81459516,0.44425064</skyColor>
            <gravitationalMultiplier>90</gravitationalMultiplier>
            <orbitalDistance>214</orbitalDistance>
            <orbitalTheta>50</orbitalTheta>
            <orbitalPhi>-36</orbitalPhi>
            <retrograde>false</retrograde>
            <avgTemperature>349</avgTemperature>
            <rotationalPeriod>32379</rotationalPeriod>
            <atmosphereDensity>31</atmosphereDensity>
            <generateCraters>true</generateCraters>
            <generateCaves>false</generateCaves>
            <generateVolcanos>false</generateVolcanos>
            <generateStructures>false</generateStructures>
            <generateGeodes>false</generateGeodes>
            <biomeIds>minecraft:mutated_swampland;0,minecraft:mutated_jungle_edge;0,randomthings:spectral;0,minecraft:jungle_hills;0,advancedrocketry:oceanspires;0</biomeIds>
        </planet>
        <planet DIMID="73" name="Ma-Roo 73">
            <isKnown>false</isKnown>
            <fogColor>1.0,1.0,1.0</fogColor>
            <skyColor>0.8,0.8817806,0.0</skyColor>
            <gravitationalMultiplier>130</gravitationalMultiplier>
            <orbitalDistance>95</orbitalDistance>
            <orbitalTheta>118</orbitalTheta>
            <orbitalPhi>89</orbitalPhi>
            <retrograde>false</retrograde>
            <avgTemperature>625</avgTemperature>
            <rotationalPeriod>10923</rotationalPeriod>
            <atmosphereDensity>126</atmosphereDensity>
            <generateCraters>false</generateCraters>
            <generateCaves>false</generateCaves>
            <generateVolcanos>true</generateVolcanos>
            <generateStructures>false</generateStructures>
            <generateGeodes>true</generateGeodes>
            <biomeIds>minecraft:mutated_mesa_clear_rock;2000,minecraft:mutated_mesa;2000,minecraft:frozen_ocean;0,minecraft:jungle;0,minecraft:deep_ocean;2000</biomeIds>
            <planet DIMID="74" name="Ma-Roo 73: 0">
                <isKnown>false</isKnown>
                <fogColor>1.0,1.0,1.0</fogColor>
                <skyColor>0.8,0.84173334,0.087567866</skyColor>
                <gravitationalMultiplier>55</gravitationalMultiplier>
                <orbitalDistance>119</orbitalDistance>
                <orbitalTheta>274</orbitalTheta>
                <orbitalPhi>-169</orbitalPhi>
                <retrograde>false</retrograde>
                <avgTemperature>469</avgTemperature>
                <rotationalPeriod>144252</rotationalPeriod>
                <atmosphereDensity>23</atmosphereDensity>
                <generateCraters>true</generateCraters>
                <generateCaves>false</generateCaves>
                <generateVolcanos>true</generateVolcanos>
                <generateStructures>false</generateStructures>
                <generateGeodes>false</generateGeodes>
                <biomeIds>advancedrocketry:moon;30,advancedrocketry:moondark;30</biomeIds>
                <oceanBlock>minecraft:lava</oceanBlock>
            </planet>
            <oceanBlock>minecraft:lava</oceanBlock>
        </planet>
        <planet DIMID="75" name="Ma-Roo 75">
            <isKnown>false</isKnown>
            <fogColor>1.0,1.0,1.0</fogColor>
            <skyColor>0.8,0.70754635,0.0</skyColor>
            <gravitationalMultiplier>98</gravitationalMultiplier>
            <orbitalDistance>42</orbitalDistance>
            <orbitalTheta>169</orbitalTheta>
            <orbitalPhi>-107</orbitalPhi>
            <retrograde>false</retrograde>
            <avgTemperature>913</avgTemperature>
            <rotationalPeriod>25113</rotationalPeriod>
            <atmosphereDensity>112</atmosphereDensity>
            <generateCraters>false</generateCraters>
            <generateCaves>false</generateCaves>
            <generateVolcanos>true</generateVolcanos>
            <generateStructures>false</generateStructures>
            <generateGeodes>false</generateGeodes>
            <biomeIds>advancedrocketry:marsh;0,minecraft:jungle;0,minecraft:mutated_mesa_rock;2000,advancedrocketry:oceanspires;0,minecraft:frozen_ocean;0</biomeIds>
            <oceanBlock>minecraft:lava</oceanBlock>
        </planet>
        <planet DIMID="76" name="Ma-Roo 76">
            <isKnown>false</isKnown>
            <fogColor>1.0,1.0,1.0</fogColor>
            <skyColor>0.8,0.7633934,0.2503277</skyColor>
            <gravitationalMultiplier>130</gravitationalMultiplier>
            <orbitalDistance>155</orbitalDistance>
            <orbitalTheta>273</orbitalTheta>
            <orbitalPhi>7</orbitalPhi>
            <retrograde>false</retrograde>
            <avgTemperature>410</avgTemperature>
            <rotationalPeriod>10923</rotationalPeriod>
            <atmosphereDensity>41</atmosphereDensity>
            <generateCraters>true</generateCraters>
            <generateCaves>false</generateCaves>
            <generateVolcanos>false</generateVolcanos>
            <generateStructures>false</generateStructures>
            <generateGeodes>false</generateGeodes>
            <biomeIds>minecraft:roofed_forest;0,minecraft:mutated_jungle;0,minecraft:forest_hills;0,minecraft:mutated_plains;0,wastelands:wasteland mountains;2000</biomeIds>
        </planet>
    </star>
    <star blackHole="false" name="Alykitt" numGasGiants="0" numPlanets="0" size="1.0" temp="120" x="75" y="200">
        <planet DIMID="80" name="Alykitt 80">
            <isKnown>false</isKnown>
            <fogColor>1.0,1.0,1.0</fogColor>
            <skyColor>0.8,0.63359,0.0</skyColor>
            <gravitationalMultiplier>107</gravitationalMultiplier>
            <orbitalDistance>14</orbitalDistance>
            <orbitalTheta>31</orbitalTheta>
            <orbitalPhi>-150</orbitalPhi>
            <retrograde>false</retrograde>
            <avgTemperature>1075</avgTemperature>
            <rotationalPeriod>19319</rotationalPeriod>
            <atmosphereDensity>184</atmosphereDensity>
            <generateCraters>false</generateCraters>
            <generateCaves>false</generateCaves>
            <generateVolcanos>true</generateVolcanos>
            <generateStructures>false</generateStructures>
            <generateGeodes>true</generateGeodes>
            <biomeIds>minecraft:jungle_edge;0,minecraft:jungle_hills;0,minecraft:mutated_jungle;0,minecraft:mutated_mesa_clear_rock;2000,minecraft:mutated_savanna;0</biomeIds>
            <planet DIMID="81" name="Alykitt 80: 0">
                <isKnown>false</isKnown>
                <fogColor>1.0,1.0,1.0</fogColor>
                <skyColor>0.8,0.8916242,0.7981372</skyColor>
                <gravitationalMultiplier>45</gravitationalMultiplier>
                <orbitalDistance>129</orbitalDistance>
                <orbitalTheta>258</orbitalTheta>
                <orbitalPhi>-333</orbitalPhi>
                <retrograde>false</retrograde>
                <avgTemperature>270</avgTemperature>
                <rotationalPeriod>263374</rotationalPeriod>
                <atmosphereDensity>19</atmosphereDensity>
                <generateCraters>true</generateCraters>
                <generateCaves>false</generateCaves>
                <generateVolcanos>false</generateVolcanos>
                <generateStructures>false</generateStructures>
                <generateGeodes>false</generateGeodes>
                <biomeIds>advancedrocketry:moon;30,advancedrocketry:moondark;30</biomeIds>
            </planet>
            <oceanBlock>minecraft:lava</oceanBlock>
        </planet>
        <planet DIMID="82" name="Alykitt 82">
            <isKnown>false</isKnown>
            <fogColor>1.0,1.0,1.0</fogColor>
            <skyColor>0.8,0.9879123,0.6236782</skyColor>
            <gravitationalMultiplier>130</gravitationalMultiplier>
            <orbitalDistance>110</orbitalDistance>
            <orbitalTheta>108</orbitalTheta>
            <orbitalPhi>-59</orbitalPhi>
            <retrograde>false</retrograde>
            <avgTemperature>318</avgTemperature>
            <rotationalPeriod>10923</rotationalPeriod>
            <atmosphereDensity>88</atmosphereDensity>
            <generateCraters>false</generateCraters>
            <generateCaves>false</generateCaves>
            <generateVolcanos>false</generateVolcanos>
            <generateStructures>true</generateStructures>
            <generateGeodes>false</generateGeodes>
            <biomeIds>minecraft:mutated_redwood_taiga;0,minecraft:roofed_forest;0,minecraft:extreme_hills;2000,minecraft:smaller_extreme_hills;2000,minecraft:mutated_taiga;0</biomeIds>
            <planet DIMID="83" name="Alykitt 82: 0">
                <isKnown>false</isKnown>
                <fogColor>1.0,1.0,1.0</fogColor>
                <skyColor>0.8,0.6281128,0.83158255</skyColor>
                <gravitationalMultiplier>65</gravitationalMultiplier>
                <orbitalDistance>173</orbitalDistance>
                <orbitalTheta>231</orbitalTheta>
                <orbitalPhi>-270</orbitalPhi>
                <retrograde>false</retrograde>
                <avgTemperature>233</avgTemperature>
                <rotationalPeriod>87391</rotationalPeriod>
                <atmosphereDensity>36</atmosphereDensity>
                <generateCraters>true</generateCraters>
                <generateCaves>false</generateCaves>
                <generateVolcanos>false</generateVolcanos>
                <generateStructures>false</generateStructures>
                <generateGeodes>false</generateGeodes>
                <biomeIds>advancedrocketry:crystalchasms;30</biomeIds>
            </planet>
            <planet DIMID="84" name="Alykitt 82: 1">
                <isKnown>false</isKnown>
                <fogColor>1.0,1.0,1.0</fogColor>
                <skyColor>0.8,0.8932687,0.64938223</skyColor>
                <gravitationalMultiplier>56</gravitationalMultiplier>
                <orbitalDistance>100</orbitalDistance>
                <orbitalTheta>190</orbitalTheta>
                <orbitalPhi>-285</orbitalPhi>
                <retrograde>false</retrograde>
                <avgTemperature>307</avgTemperature>
                <rotationalPeriod>136661</rotationalPeriod>
                <atmosphereDensity>33</atmosphereDensity>
                <generateCraters>true</generateCraters>
                <generateCaves>false</generateCaves>
                <generateVolcanos>false</generateVolcanos>
                <generateStructures>false</generateStructures>
                <generateGeodes>false</generateGeodes>
                <seaLevel>54</seaLevel>
                <biomeIds>minecraft:mutated_plains;30,minecraft:redwood_taiga_hills;30,wastelands:wasteland mountains;2000,wastelands:wasteland desert;2000,minecraft:deep_ocean;2000</biomeIds>
            </planet>
        </planet>
        <planet DIMID="85" name="Alykitt 85">
            <isKnown>false</isKnown>
            <fogColor>1.0,1.0,1.0</fogColor>
            <skyColor>0.8,0.94247735,0.7913421</skyColor>
            <gravitationalMultiplier>130</gravitationalMultiplier>
            <orbitalDistance>133</orbitalDistance>
            <orbitalTheta>167</orbitalTheta>
            <orbitalPhi>-121</orbitalPhi>
            <retrograde>false</retrograde>
            <avgTemperature>266</avgTemperature>
            <rotationalPeriod>10923</rotationalPeriod>
            <atmosphereDensity>61</atmosphereDensity>
            <generateCraters>true</generateCraters>
            <generateCaves>false</generateCaves>
            <generateVolcanos>false</generateVolcanos>
            <generateStructures>false</generateStructures>
            <generateGeodes>false</generateGeodes>
            <biomeIds>minecraft:ice_flats;2000</biomeIds>
            <planet DIMID="86" name="Alykitt 85: 0">
                <isKnown>false</isKnown>
                <fogColor>1.0,1.0,1.0</fogColor>
                <skyColor>0.8,0.8554872,0.79817265</skyColor>
                <gravitationalMultiplier>82</gravitationalMultiplier>
                <orbitalDistance>155</orbitalDistance>
                <orbitalTheta>156</orbitalTheta>
                <orbitalPhi>-124</orbitalPhi>
                <retrograde>false</retrograde>
                <avgTemperature>246</avgTemperature>
                <rotationalPeriod>43528</rotationalPeriod>
                <atmosphereDensity>24</atmosphereDensity>
                <generateCraters>true</generateCraters>
                <generateCaves>false</generateCaves>
                <generateVolcanos>false</generateVolcanos>
                <generateStructures>false</generateStructures>
                <generateGeodes>false</generateGeodes>
                <biomeIds>advancedrocketry:moon;30,advancedrocketry:moondark;30</biomeIds>
            </planet>
            <planet DIMID="87" name="Alykitt 85: 1">
                <isKnown>false</isKnown>
                <fogColor>1.0,1.0,1.0</fogColor>
                <skyColor>0.8,0.6907073,0.82278633</skyColor>
                <gravitationalMultiplier>57</gravitationalMultiplier>
                <orbitalDistance>142</orbitalDistance>
                <orbitalTheta>327</orbitalTheta>
                <orbitalPhi>-127</orbitalPhi>
                <retrograde>false</retrograde>
                <avgTemperature>257</avgTemperature>
                <rotationalPeriod>129594</rotationalPeriod>
                <atmosphereDensity>27</atmosphereDensity>
                <generateCraters>true</generateCraters>
                <generateCaves>false</generateCaves>
                <generateVolcanos>false</generateVolcanos>
                <generateStructures>false</generateStructures>
                <generateGeodes>false</generateGeodes>
                <biomeIds>minecraft:extreme_hills;2000</biomeIds>
            </planet>
            <planet DIMID="88" name="Alykitt 85: 2">
                <isKnown>false</isKnown>
                <fogColor>1.0,1.0,1.0</fogColor>
                <skyColor>0.8,0.74247587,0.6784145</skyColor>
                <gravitationalMultiplier>41</gravitationalMultiplier>
                <orbitalDistance>108</orbitalDistance>
                <orbitalTheta>97</orbitalTheta>
                <orbitalPhi>-219</orbitalPhi>
                <retrograde>false</retrograde>
                <avgTemperature>295</avgTemperature>
                <rotationalPeriod>348224</rotationalPeriod>
                <atmosphereDensity>15</atmosphereDensity>
                <generateCraters>true</generateCraters>
                <generateCaves>false</generateCaves>
                <generateVolcanos>false</generateVolcanos>
                <generateStructures>false</generateStructures>
                <generateGeodes>false</generateGeodes>
                <biomeIds>advancedrocketry:moon;30,advancedrocketry:moondark;30</biomeIds>
            </planet>
        </planet>
        <planet DIMID="77" name="Alykitt 77">
            <isKnown>false</isKnown>
            <GasGiant>true</GasGiant>
            <gas>hydrogen</gas>
            <gas>helium</gas>
            <fogColor>1.0,1.0,1.0</fogColor>
            <skyColor>1.0,1.0,1.0</skyColor>
            <gravitationalMultiplier>130</gravitationalMultiplier>
            <orbitalDistance>223</orbitalDistance>
            <orbitalTheta>0</orbitalTheta>
            <orbitalPhi>0</orbitalPhi>
            <retrograde>false</retrograde>
            <avgTemperature>260</avgTemperature>
            <rotationalPeriod>24000</rotationalPeriod>
            <atmosphereDensity>161</atmosphereDensity>
            <generateCraters>false</generateCraters>
            <generateCaves>false</generateCaves>
            <generateVolcanos>false</generateVolcanos>
            <generateStructures>false</generateStructures>
            <generateGeodes>false</generateGeodes>
            <planet DIMID="78" name="Alykitt 77: 0">
                <isKnown>false</isKnown>
                <fogColor>1.0,1.0,1.0</fogColor>
                <skyColor>0.8,0.6419679,0.6502826</skyColor>
                <gravitationalMultiplier>63</gravitationalMultiplier>
                <orbitalDistance>106</orbitalDistance>
                <orbitalTheta>137</orbitalTheta>
                <orbitalPhi>-202</orbitalPhi>
                <retrograde>false</retrograde>
                <avgTemperature>298</avgTemperature>
                <rotationalPeriod>95981</rotationalPeriod>
                <atmosphereDensity>24</atmosphereDensity>
                <generateCraters>true</generateCraters>
                <generateCaves>false</generateCaves>
                <generateVolcanos>false</generateVolcanos>
                <generateStructures>false</generateStructures>
                <generateGeodes>false</generateGeodes>
                <seaLevel>54</seaLevel>
                <biomeIds>advancedrocketry:moon;30,advancedrocketry:moondark;30</biomeIds>
            </planet>
            <planet DIMID="79" name="Alykitt 77: 1">
                <isKnown>false</isKnown>
                <fogColor>1.0,1.0,1.0</fogColor>
                <skyColor>0.8,0.5142803,0.8693885</skyColor>
                <gravitationalMultiplier>50</gravitationalMultiplier>
                <orbitalDistance>185</orbitalDistance>
                <orbitalTheta>327</orbitalTheta>
                <orbitalPhi>-224</orbitalPhi>
                <retrograde>false</retrograde>
                <avgTemperature>225</avgTemperature>
                <rotationalPeriod>192000</rotationalPeriod>
                <atmosphereDensity>26</atmosphereDensity>
                <generateCraters>true</generateCraters>
                <generateCaves>false</generateCaves>
                <generateVolcanos>false</generateVolcanos>
                <generateStructures>false</generateStructures>
                <generateGeodes>false</generateGeodes>
                <biomeIds>advancedrocketry:crystalchasms;30</biomeIds>
            </planet>
        </planet>
    </star>
</galaxy>
