{"stat.chestOpened":2,"stat.pickup.techguns.itemshared":4,"stat.walkOneCm":436926,"stat.useItem.minecraft.torch":48,"stat.useItem.minecraft.potato":1,"stat.useItem.malisisdoors.rustyhatch":3,"stat.leaveGame":6,"stat.furnaceInteraction":1,"stat.pickup.techguns.lamp0":6,"stat.useItem.malisisdoors.forcefielditem":6,"stat.jump":366,"stat.swimOneCm":737,"stat.useItem.techguns.lamp0":51,"stat.pickup.minecraft.iron_ingot":1,"stat.climbOneCm":2461,"stat.pickup.minecraft.carrot":10,"stat.pickup.minecraft.gunpowder":2,"stat.crouchOneCm":13901,"stat.useItem.techguns.item_bunkerdoor":4,"stat.sprintOneCm":158562,"stat.useItem.minecraft.stone_slab2":4694,"stat.useItem.minecraft.water_bucket":4,"stat.pickup.techguns.item_bunkerdoor":4,"stat.useItem.minecraft.wheat_seeds":3,"stat.killEntity.techguns.ZombieMiner":3,"stat.useItem.minecraft.carrot":2,"stat.mobKills":3,"stat.flyOneCm":661003,"stat.pickup.minecraft.wheat_seeds":10,"stat.pickup.minecraft.potato":7,"stat.playOneMinute":118907,"stat.pickup.minecraft.torch":5,"stat.sneakTime":3327,"stat.damageDealt":635,"stat.pickup.minecraft.redstone":1,"stat.timeSinceDeath":118907,"stat.useItem.secretroomsmod.secret_redstone":3}