<?xml version="1.0" encoding="UTF-8" standalone="no"?>
<galaxy>
    <star blackHole="false" name="Sol" numGasGiants="0" numPlanets="0" size="1.0" temp="100" x="0" y="0">
        <planet DIMID="0" dimMapping="" name="Earth">
            <isKnown>true</isKnown>
            <fogColor>1.0,1.0,1.0</fogColor>
            <skyColor>1.0,1.0,1.0</skyColor>
            <gravitationalMultiplier>100</gravitationalMultiplier>
            <orbitalDistance>100</orbitalDistance>
            <orbitalTheta>0</orbitalTheta>
            <orbitalPhi>0</orbitalPhi>
            <retrograde>false</retrograde>
            <avgTemperature>287</avgTemperature>
            <rotationalPeriod>24000</rotationalPeriod>
            <atmosphereDensity>100</atmosphereDensity>
            <generateCraters>false</generateCraters>
            <generateCaves>false</generateCaves>
            <generateVolcanos>false</generateVolcanos>
            <generateStructures>false</generateStructures>
            <generateGeodes>false</generateGeodes>
            <planet DIMID="3" name="Luna">
                <isKnown>false</isKnown>
                <fogColor>1.0,1.0,1.0</fogColor>
                <skyColor>1.0,1.0,1.0</skyColor>
                <gravitationalMultiplier>16</gravitationalMultiplier>
                <orbitalDistance>150</orbitalDistance>
                <orbitalTheta>0</orbitalTheta>
                <orbitalPhi>0</orbitalPhi>
                <retrograde>false</retrograde>
                <avgTemperature>20</avgTemperature>
                <rotationalPeriod>128000</rotationalPeriod>
                <atmosphereDensity>0</atmosphereDensity>
                <generateCraters>true</generateCraters>
                <generateCaves>false</generateCaves>
                <generateVolcanos>false</generateVolcanos>
                <generateStructures>false</generateStructures>
                <generateGeodes>false</generateGeodes>
                <biomeIds>advancedrocketry:moon;30,advancedrocketry:moondark;30</biomeIds>
            </planet>
        </planet>
        <planet DIMID="19" name="Sol 19">
            <isKnown>false</isKnown>
            <fogColor>1.0,1.0,1.0</fogColor>
            <skyColor>0.8,0.7267082,0.79589176</skyColor>
            <gravitationalMultiplier>130</gravitationalMultiplier>
            <orbitalDistance>138</orbitalDistance>
            <orbitalTheta>124</orbitalTheta>
            <orbitalPhi>-39</orbitalPhi>
            <retrograde>false</retrograde>
            <avgTemperature>260</avgTemperature>
            <rotationalPeriod>10923</rotationalPeriod>
            <atmosphereDensity>128</atmosphereDensity>
            <generateCraters>false</generateCraters>
            <generateCaves>false</generateCaves>
            <generateVolcanos>false</generateVolcanos>
            <generateStructures>true</generateStructures>
            <generateGeodes>true</generateGeodes>
            <biomeIds>minecraft:jungle_edge;30,advancedrocketry:oceanspires;30,wastelands:wasteland forest;10,randomthings:spectral;30,minecraft:mutated_redwood_taiga;30</biomeIds>
            <planet DIMID="20" name="Sol 19: 0">
                <isKnown>false</isKnown>
                <fogColor>1.0,1.0,1.0</fogColor>
                <skyColor>0.8,0.65742517,0.9639444</skyColor>
                <gravitationalMultiplier>50</gravitationalMultiplier>
                <orbitalDistance>135</orbitalDistance>
                <orbitalTheta>293</orbitalTheta>
                <orbitalPhi>-42</orbitalPhi>
                <retrograde>false</retrograde>
                <avgTemperature>220</avgTemperature>
                <rotationalPeriod>192000</rotationalPeriod>
                <atmosphereDensity>13</atmosphereDensity>
                <generateCraters>true</generateCraters>
                <generateCaves>false</generateCaves>
                <generateVolcanos>false</generateVolcanos>
                <generateStructures>false</generateStructures>
                <generateGeodes>false</generateGeodes>
                <biomeIds>advancedrocketry:moon;30,advancedrocketry:moondark;30</biomeIds>
            </planet>
        </planet>
        <planet DIMID="4" name="Sol 4">
            <isKnown>false</isKnown>
            <GasGiant>true</GasGiant>
            <gas>hydrogen</gas>
            <gas>helium</gas>
            <fogColor>1.0,1.0,1.0</fogColor>
            <skyColor>1.0,1.0,1.0</skyColor>
            <gravitationalMultiplier>125</gravitationalMultiplier>
            <orbitalDistance>246</orbitalDistance>
            <orbitalTheta>0</orbitalTheta>
            <orbitalPhi>0</orbitalPhi>
            <retrograde>false</retrograde>
            <avgTemperature>204</avgTemperature>
            <rotationalPeriod>24000</rotationalPeriod>
            <atmosphereDensity>154</atmosphereDensity>
            <generateCraters>false</generateCraters>
            <generateCaves>false</generateCaves>
            <generateVolcanos>false</generateVolcanos>
            <generateStructures>false</generateStructures>
            <generateGeodes>false</generateGeodes>
            <planet DIMID="5" name="Sol 4: 0">
                <isKnown>false</isKnown>
                <fogColor>1.0,1.0,1.0</fogColor>
                <skyColor>0.8,0.7269564,0.81443584</skyColor>
                <gravitationalMultiplier>65</gravitationalMultiplier>
                <orbitalDistance>109</orbitalDistance>
                <orbitalTheta>158</orbitalTheta>
                <orbitalPhi>-333</orbitalPhi>
                <retrograde>false</retrograde>
                <avgTemperature>245</avgTemperature>
                <rotationalPeriod>87391</rotationalPeriod>
                <atmosphereDensity>22</atmosphereDensity>
                <generateCraters>true</generateCraters>
                <generateCaves>false</generateCaves>
                <generateVolcanos>false</generateVolcanos>
                <generateStructures>false</generateStructures>
                <generateGeodes>false</generateGeodes>
                <biomeIds>advancedrocketry:moon;30,advancedrocketry:moondark;30</biomeIds>
            </planet>
        </planet>
        <planet DIMID="21" name="Sol 21">
            <isKnown>false</isKnown>
            <fogColor>1.0,1.0,1.0</fogColor>
            <skyColor>0.8,0.7449225,0.500001</skyColor>
            <gravitationalMultiplier>92</gravitationalMultiplier>
            <orbitalDistance>54</orbitalDistance>
            <orbitalTheta>31</orbitalTheta>
            <orbitalPhi>-173</orbitalPhi>
            <retrograde>false</retrograde>
            <avgTemperature>348</avgTemperature>
            <rotationalPeriod>30323</rotationalPeriod>
            <atmosphereDensity>54</atmosphereDensity>
            <generateCraters>true</generateCraters>
            <generateCaves>false</generateCaves>
            <generateVolcanos>false</generateVolcanos>
            <generateStructures>false</generateStructures>
            <generateGeodes>false</generateGeodes>
            <biomeIds>minecraft:extreme_hills;10</biomeIds>
        </planet>
        <planet DIMID="6" name="Sol 6">
            <isKnown>false</isKnown>
            <fogColor>1.0,1.0,1.0</fogColor>
            <skyColor>0.8,0.9349134,0.0</skyColor>
            <gravitationalMultiplier>93</gravitationalMultiplier>
            <orbitalDistance>13</orbitalDistance>
            <orbitalTheta>106</orbitalTheta>
            <orbitalPhi>-195</orbitalPhi>
            <retrograde>false</retrograde>
            <avgTemperature>959</avgTemperature>
            <rotationalPeriod>29361</rotationalPeriod>
            <atmosphereDensity>209</atmosphereDensity>
            <generateCraters>false</generateCraters>
            <generateCaves>false</generateCaves>
            <generateVolcanos>true</generateVolcanos>
            <generateStructures>false</generateStructures>
            <generateGeodes>true</generateGeodes>
            <biomeIds>minecraft:jungle;30,minecraft:mutated_jungle_edge;30,minecraft:mutated_desert;30,advancedrocketry:marsh;30,minecraft:savanna_rock;30</biomeIds>
            <oceanBlock>minecraft:lava</oceanBlock>
        </planet>
        <planet DIMID="7" name="Sol 7">
            <isKnown>false</isKnown>
            <fogColor>1.0,1.0,1.0</fogColor>
            <skyColor>0.8,0.8607501,0.7123742</skyColor>
            <gravitationalMultiplier>87</gravitationalMultiplier>
            <orbitalDistance>118</orbitalDistance>
            <orbitalTheta>215</orbitalTheta>
            <orbitalPhi>-222</orbitalPhi>
            <retrograde>false</retrograde>
            <avgTemperature>285</avgTemperature>
            <rotationalPeriod>35825</rotationalPeriod>
            <atmosphereDensity>135</atmosphereDensity>
            <generateCraters>false</generateCraters>
            <generateCaves>false</generateCaves>
            <generateVolcanos>false</generateVolcanos>
            <generateStructures>true</generateStructures>
            <generateGeodes>true</generateGeodes>
            <biomeIds>wastelands:wasteland;10,minecraft:mutated_redwood_taiga;30,minecraft:roofed_forest;10,minecraft:mutated_redwood_taiga_hills;30,minecraft:mesa_clear_rock;30</biomeIds>
        </planet>
        <planet DIMID="8" name="Sol 8">
            <isKnown>false</isKnown>
            <fogColor>1.0,1.0,1.0</fogColor>
            <skyColor>0.8,0.7315997,1.0</skyColor>
            <gravitationalMultiplier>93</gravitationalMultiplier>
            <orbitalDistance>165</orbitalDistance>
            <orbitalTheta>86</orbitalTheta>
            <orbitalPhi>15</orbitalPhi>
            <retrograde>false</retrograde>
            <avgTemperature>199</avgTemperature>
            <rotationalPeriod>29361</rotationalPeriod>
            <atmosphereDensity>11</atmosphereDensity>
            <generateCraters>true</generateCraters>
            <generateCaves>false</generateCaves>
            <generateVolcanos>false</generateVolcanos>
            <generateStructures>false</generateStructures>
            <generateGeodes>false</generateGeodes>
            <biomeIds>advancedrocketry:moon;30,advancedrocketry:moondark;30</biomeIds>
        </planet>
        <planet DIMID="9" name="Sol 9">
            <isKnown>false</isKnown>
            <fogColor>1.0,1.0,1.0</fogColor>
            <skyColor>0.8,0.78048146,0.58240044</skyColor>
            <gravitationalMultiplier>130</gravitationalMultiplier>
            <orbitalDistance>92</orbitalDistance>
            <orbitalTheta>101</orbitalTheta>
            <orbitalPhi>-112</orbitalPhi>
            <retrograde>false</retrograde>
            <avgTemperature>325</avgTemperature>
            <rotationalPeriod>10923</rotationalPeriod>
            <atmosphereDensity>139</atmosphereDensity>
            <generateCraters>false</generateCraters>
            <generateCaves>false</generateCaves>
            <generateVolcanos>false</generateVolcanos>
            <generateStructures>true</generateStructures>
            <generateGeodes>true</generateGeodes>
            <biomeIds>minecraft:extreme_hills;10</biomeIds>
        </planet>
        <planet DIMID="10" name="Sol 10">
            <isKnown>false</isKnown>
            <fogColor>1.0,1.0,1.0</fogColor>
            <skyColor>0.8,0.7348067,0.7089789</skyColor>
            <gravitationalMultiplier>100</gravitationalMultiplier>
            <orbitalDistance>83</orbitalDistance>
            <orbitalTheta>182</orbitalTheta>
            <orbitalPhi>-66</orbitalPhi>
            <retrograde>false</retrograde>
            <avgTemperature>297</avgTemperature>
            <rotationalPeriod>23643</rotationalPeriod>
            <atmosphereDensity>79</atmosphereDensity>
            <generateCraters>false</generateCraters>
            <generateCaves>false</generateCaves>
            <generateVolcanos>false</generateVolcanos>
            <generateStructures>true</generateStructures>
            <generateGeodes>false</generateGeodes>
            <biomeIds>advancedrocketry:volcanicbarren;30</biomeIds>
            <planet DIMID="11" name="Sol 10: 0">
                <isKnown>false</isKnown>
                <fogColor>1.0,1.0,1.0</fogColor>
                <skyColor>0.8,0.8715561,0.9724533</skyColor>
                <gravitationalMultiplier>27</gravitationalMultiplier>
                <orbitalDistance>142</orbitalDistance>
                <orbitalTheta>221</orbitalTheta>
                <orbitalPhi>-145</orbitalPhi>
                <retrograde>false</retrograde>
                <avgTemperature>214</avgTemperature>
                <rotationalPeriod>1219326</rotationalPeriod>
                <atmosphereDensity>18</atmosphereDensity>
                <generateCraters>true</generateCraters>
                <generateCaves>false</generateCaves>
                <generateVolcanos>false</generateVolcanos>
                <generateStructures>false</generateStructures>
                <generateGeodes>false</generateGeodes>
                <seaLevel>54</seaLevel>
                <biomeIds>advancedrocketry:moon;30,advancedrocketry:moondark;30</biomeIds>
            </planet>
            <planet DIMID="12" name="Sol 10: 1">
                <isKnown>false</isKnown>
                <fogColor>1.0,1.0,1.0</fogColor>
                <skyColor>0.8,0.6588512,0.9933571</skyColor>
                <gravitationalMultiplier>60</gravitationalMultiplier>
                <orbitalDistance>184</orbitalDistance>
                <orbitalTheta>32</orbitalTheta>
                <orbitalPhi>-43</orbitalPhi>
                <retrograde>false</retrograde>
                <avgTemperature>188</avgTemperature>
                <rotationalPeriod>111111</rotationalPeriod>
                <atmosphereDensity>36</atmosphereDensity>
                <generateCraters>true</generateCraters>
                <generateCaves>false</generateCaves>
                <generateVolcanos>false</generateVolcanos>
                <generateStructures>false</generateStructures>
                <generateGeodes>false</generateGeodes>
                <biomeIds>minecraft:jungle_hills;30,advancedrocketry:volcanicbarren;30,minecraft:mesa_clear_rock;30,minecraft:mutated_mesa;30,minecraft:mutated_birch_forest_hills;30</biomeIds>
            </planet>
            <planet DIMID="13" name="Sol 10: 2">
                <isKnown>false</isKnown>
                <fogColor>1.0,1.0,1.0</fogColor>
                <skyColor>0.8,0.5669905,0.86393344</skyColor>
                <gravitationalMultiplier>52</gravitationalMultiplier>
                <orbitalDistance>115</orbitalDistance>
                <orbitalTheta>190</orbitalTheta>
                <orbitalPhi>-322</orbitalPhi>
                <retrograde>false</retrograde>
                <avgTemperature>238</avgTemperature>
                <rotationalPeriod>170687</rotationalPeriod>
                <atmosphereDensity>13</atmosphereDensity>
                <generateCraters>true</generateCraters>
                <generateCaves>false</generateCaves>
                <generateVolcanos>false</generateVolcanos>
                <generateStructures>false</generateStructures>
                <generateGeodes>false</generateGeodes>
                <biomeIds>advancedrocketry:moon;30,advancedrocketry:moondark;30</biomeIds>
            </planet>
        </planet>
        <planet DIMID="14" name="Sol 14">
            <isKnown>false</isKnown>
            <fogColor>1.0,1.0,1.0</fogColor>
            <skyColor>0.8,0.8327619,0.8620497</skyColor>
            <gravitationalMultiplier>88</gravitationalMultiplier>
            <orbitalDistance>107</orbitalDistance>
            <orbitalTheta>203</orbitalTheta>
            <orbitalPhi>-8</orbitalPhi>
            <retrograde>false</retrograde>
            <avgTemperature>247</avgTemperature>
            <rotationalPeriod>34624</rotationalPeriod>
            <atmosphereDensity>50</atmosphereDensity>
            <generateCraters>true</generateCraters>
            <generateCaves>false</generateCaves>
            <generateVolcanos>false</generateVolcanos>
            <generateStructures>false</generateStructures>
            <generateGeodes>false</generateGeodes>
            <biomeIds>minecraft:ice_flats;30</biomeIds>
        </planet>
        <planet DIMID="15" name="Sol 15">
            <isKnown>false</isKnown>
            <fogColor>1.0,1.0,1.0</fogColor>
            <skyColor>0.8,0.76647866,0.50996614</skyColor>
            <gravitationalMultiplier>130</gravitationalMultiplier>
            <orbitalDistance>87</orbitalDistance>
            <orbitalTheta>85</orbitalTheta>
            <orbitalPhi>260</orbitalPhi>
            <retrograde>false</retrograde>
            <avgTemperature>338</avgTemperature>
            <rotationalPeriod>10923</rotationalPeriod>
            <atmosphereDensity>144</atmosphereDensity>
            <generateCraters>false</generateCraters>
            <generateCaves>false</generateCaves>
            <generateVolcanos>false</generateVolcanos>
            <generateStructures>true</generateStructures>
            <generateGeodes>true</generateGeodes>
            <biomeIds>minecraft:extreme_hills;10,minecraft:beaches;30,minecraft:desert_hills;30,minecraft:mushroom_island_shore;30,advancedrocketry:alien_forest;30</biomeIds>
            <planet DIMID="16" name="Sol 15: 0">
                <isKnown>false</isKnown>
                <fogColor>1.0,1.0,1.0</fogColor>
                <skyColor>0.8,0.64602757,0.9370651</skyColor>
                <gravitationalMultiplier>46</gravitationalMultiplier>
                <orbitalDistance>136</orbitalDistance>
                <orbitalTheta>140</orbitalTheta>
                <orbitalPhi>-48</orbitalPhi>
                <retrograde>false</retrograde>
                <avgTemperature>219</avgTemperature>
                <rotationalPeriod>246568</rotationalPeriod>
                <atmosphereDensity>22</atmosphereDensity>
                <generateCraters>true</generateCraters>
                <generateCaves>false</generateCaves>
                <generateVolcanos>false</generateVolcanos>
                <generateStructures>false</generateStructures>
                <generateGeodes>false</generateGeodes>
                <biomeIds>advancedrocketry:moon;30,advancedrocketry:moondark;30</biomeIds>
            </planet>
            <planet DIMID="17" name="Sol 15: 1">
                <isKnown>false</isKnown>
                <fogColor>1.0,1.0,1.0</fogColor>
                <skyColor>0.8,0.55066735,0.93649316</skyColor>
                <gravitationalMultiplier>52</gravitationalMultiplier>
                <orbitalDistance>151</orbitalDistance>
                <orbitalTheta>346</orbitalTheta>
                <orbitalPhi>-158</orbitalPhi>
                <retrograde>false</retrograde>
                <avgTemperature>208</avgTemperature>
                <rotationalPeriod>170687</rotationalPeriod>
                <atmosphereDensity>18</atmosphereDensity>
                <generateCraters>true</generateCraters>
                <generateCaves>false</generateCaves>
                <generateVolcanos>false</generateVolcanos>
                <generateStructures>false</generateStructures>
                <generateGeodes>false</generateGeodes>
                <biomeIds>advancedrocketry:moon;30,advancedrocketry:moondark;30</biomeIds>
            </planet>
            <planet DIMID="18" name="Sol 15: 2">
                <isKnown>false</isKnown>
                <fogColor>1.0,1.0,1.0</fogColor>
                <skyColor>0.8,0.93758094,0.85465217</skyColor>
                <gravitationalMultiplier>85</gravitationalMultiplier>
                <orbitalDistance>124</orbitalDistance>
                <orbitalTheta>208</orbitalTheta>
                <orbitalPhi>129</orbitalPhi>
                <retrograde>false</retrograde>
                <avgTemperature>229</avgTemperature>
                <rotationalPeriod>39079</rotationalPeriod>
                <atmosphereDensity>32</atmosphereDensity>
                <generateCraters>true</generateCraters>
                <generateCaves>false</generateCaves>
                <generateVolcanos>false</generateVolcanos>
                <generateStructures>false</generateStructures>
                <generateGeodes>false</generateGeodes>
                <biomeIds>advancedrocketry:crystalchasms;30</biomeIds>
            </planet>
        </planet>
    </star>
    <star blackHole="false" name="Wolf 12" numGasGiants="0" numPlanets="0" size="1.0" temp="10" x="300" y="-200">
        <planet DIMID="22" name="Wolf 12 22">
            <isKnown>false</isKnown>
            <fogColor>1.0,1.0,1.0</fogColor>
            <skyColor>0.3748805,0.8753288,1.0</skyColor>
            <gravitationalMultiplier>122</gravitationalMultiplier>
            <orbitalDistance>55</orbitalDistance>
            <orbitalTheta>206</orbitalTheta>
            <orbitalPhi>229</orbitalPhi>
            <retrograde>false</retrograde>
            <avgTemperature>41</avgTemperature>
            <rotationalPeriod>13055</rotationalPeriod>
            <atmosphereDensity>133</atmosphereDensity>
            <generateCraters>false</generateCraters>
            <generateCaves>false</generateCaves>
            <generateVolcanos>false</generateVolcanos>
            <generateStructures>false</generateStructures>
            <generateGeodes>true</generateGeodes>
            <biomeIds>minecraft:extreme_hills;10,minecraft:mutated_jungle;30,advancedrocketry:volcanicbarren;30,minecraft:savanna;30,randomthings:spectral;30</biomeIds>
        </planet>
        <planet DIMID="23" name="Wolf 12 23">
            <isKnown>false</isKnown>
            <fogColor>1.0,1.0,1.0</fogColor>
            <skyColor>0.34392852,0.78908914,1.0</skyColor>
            <gravitationalMultiplier>101</gravitationalMultiplier>
            <orbitalDistance>174</orbitalDistance>
            <orbitalTheta>84</orbitalTheta>
            <orbitalPhi>29</orbitalPhi>
            <retrograde>false</retrograde>
            <avgTemperature>23</avgTemperature>
            <rotationalPeriod>22951</rotationalPeriod>
            <atmosphereDensity>144</atmosphereDensity>
            <generateCraters>false</generateCraters>
            <generateCaves>false</generateCaves>
            <generateVolcanos>false</generateVolcanos>
            <generateStructures>false</generateStructures>
            <generateGeodes>true</generateGeodes>
            <seaLevel>67</seaLevel>
            <biomeIds>minecraft:jungle_hills;30,advancedrocketry:alien_forest;30,minecraft:desert;30,minecraft:mesa_clear_rock;30,randomthings:spectral;30</biomeIds>
            <planet DIMID="24" name="Wolf 12 23: 0">
                <isKnown>false</isKnown>
                <fogColor>1.0,1.0,1.0</fogColor>
                <skyColor>0.34102,0.80306494,1.0</skyColor>
                <gravitationalMultiplier>26</gravitationalMultiplier>
                <orbitalDistance>120</orbitalDistance>
                <orbitalTheta>295</orbitalTheta>
                <orbitalPhi>-124</orbitalPhi>
                <retrograde>false</retrograde>
                <avgTemperature>23</avgTemperature>
                <rotationalPeriod>1365498</rotationalPeriod>
                <atmosphereDensity>18</atmosphereDensity>
                <generateCraters>true</generateCraters>
                <generateCaves>false</generateCaves>
                <generateVolcanos>false</generateVolcanos>
                <generateStructures>false</generateStructures>
                <generateGeodes>false</generateGeodes>
                <biomeIds>advancedrocketry:moon;30,advancedrocketry:moondark;30</biomeIds>
            </planet>
            <planet DIMID="25" name="Wolf 12 23: 1">
                <isKnown>false</isKnown>
                <fogColor>1.0,1.0,1.0</fogColor>
                <skyColor>0.3117258,0.5457564,1.0</skyColor>
                <gravitationalMultiplier>72</gravitationalMultiplier>
                <orbitalDistance>162</orbitalDistance>
                <orbitalTheta>21</orbitalTheta>
                <orbitalPhi>114</orbitalPhi>
                <retrograde>false</retrograde>
                <avgTemperature>20</avgTemperature>
                <rotationalPeriod>64300</rotationalPeriod>
                <atmosphereDensity>35</atmosphereDensity>
                <generateCraters>true</generateCraters>
                <generateCaves>false</generateCaves>
                <generateVolcanos>false</generateVolcanos>
                <generateStructures>false</generateStructures>
                <generateGeodes>false</generateGeodes>
                <biomeIds>minecraft:mushroom_island_shore;30,minecraft:mutated_savanna;30,advancedrocketry:alien_forest;30,minecraft:roofed_forest;10,minecraft:mesa;30</biomeIds>
            </planet>
            <planet DIMID="26" name="Wolf 12 23: 2">
                <isKnown>false</isKnown>
                <fogColor>1.0,1.0,1.0</fogColor>
                <skyColor>0.3228479,0.567383,1.0</skyColor>
                <gravitationalMultiplier>52</gravitationalMultiplier>
                <orbitalDistance>116</orbitalDistance>
                <orbitalTheta>331</orbitalTheta>
                <orbitalPhi>-208</orbitalPhi>
                <retrograde>false</retrograde>
                <avgTemperature>23</avgTemperature>
                <rotationalPeriod>170687</rotationalPeriod>
                <atmosphereDensity>32</atmosphereDensity>
                <generateCraters>true</generateCraters>
                <generateCaves>false</generateCaves>
                <generateVolcanos>false</generateVolcanos>
                <generateStructures>false</generateStructures>
                <generateGeodes>false</generateGeodes>
                <biomeIds>minecraft:mutated_jungle;30,minecraft:extreme_hills;10,nuclearcraft:nuclear_wasteland;5,randomthings:spectral;30,minecraft:mutated_plains;30</biomeIds>
            </planet>
        </planet>
        <planet DIMID="27" name="Wolf 12 27">
            <isKnown>false</isKnown>
            <fogColor>1.0,1.0,1.0</fogColor>
            <skyColor>0.34136653,0.75911295,1.0</skyColor>
            <gravitationalMultiplier>98</gravitationalMultiplier>
            <orbitalDistance>167</orbitalDistance>
            <orbitalTheta>359</orbitalTheta>
            <orbitalPhi>-14</orbitalPhi>
            <retrograde>false</retrograde>
            <avgTemperature>19</avgTemperature>
            <rotationalPeriod>25113</rotationalPeriod>
            <atmosphereDensity>29</atmosphereDensity>
            <generateCraters>true</generateCraters>
            <generateCaves>false</generateCaves>
            <generateVolcanos>false</generateVolcanos>
            <generateStructures>false</generateStructures>
            <generateGeodes>false</generateGeodes>
            <biomeIds>minecraft:mutated_redwood_taiga;30,minecraft:jungle_hills;30,minecraft:mutated_savanna_rock;30,minecraft:stone_beach;30,wastelands:wasteland;10</biomeIds>
        </planet>
        <planet DIMID="28" name="Wolf 12 28">
            <isKnown>false</isKnown>
            <fogColor>1.0,1.0,1.0</fogColor>
            <skyColor>0.34799993,0.9596456,1.0</skyColor>
            <gravitationalMultiplier>105</gravitationalMultiplier>
            <orbitalDistance>82</orbitalDistance>
            <orbitalTheta>179</orbitalTheta>
            <orbitalPhi>66</orbitalPhi>
            <retrograde>false</retrograde>
            <avgTemperature>34</avgTemperature>
            <rotationalPeriod>20438</rotationalPeriod>
            <atmosphereDensity>134</atmosphereDensity>
            <generateCraters>false</generateCraters>
            <generateCaves>false</generateCaves>
            <generateVolcanos>false</generateVolcanos>
            <generateStructures>false</generateStructures>
            <generateGeodes>true</generateGeodes>
            <biomeIds>minecraft:deep_ocean;30,minecraft:extreme_hills_with_trees;30,minecraft:mutated_forest;30,minecraft:mutated_desert;30,advancedrocketry:marsh;30</biomeIds>
            <planet DIMID="29" name="Wolf 12 28: 0">
                <isKnown>false</isKnown>
                <fogColor>1.0,1.0,1.0</fogColor>
                <skyColor>0.26801938,0.9913521,1.0</skyColor>
                <gravitationalMultiplier>51</gravitationalMultiplier>
                <orbitalDistance>184</orbitalDistance>
                <orbitalTheta>328</orbitalTheta>
                <orbitalPhi>-4</orbitalPhi>
                <retrograde>false</retrograde>
                <avgTemperature>18</avgTemperature>
                <rotationalPeriod>180925</rotationalPeriod>
                <atmosphereDensity>27</atmosphereDensity>
                <generateCraters>true</generateCraters>
                <generateCaves>false</generateCaves>
                <generateVolcanos>false</generateVolcanos>
                <generateStructures>false</generateStructures>
                <generateGeodes>false</generateGeodes>
                <seaLevel>66</seaLevel>
                <biomeIds>minecraft:roofed_forest;10,minecraft:mushroom_island;30,wastelands:wasteland;10,minecraft:mutated_forest;30,wastelands:wasteland forest;10</biomeIds>
            </planet>
        </planet>
        <planet DIMID="30" name="Wolf 12 30">
            <isKnown>false</isKnown>
            <fogColor>1.0,1.0,1.0</fogColor>
            <skyColor>0.3531841,0.6434469,1.0</skyColor>
            <gravitationalMultiplier>104</gravitationalMultiplier>
            <orbitalDistance>98</orbitalDistance>
            <orbitalTheta>8</orbitalTheta>
            <orbitalPhi>6</orbitalPhi>
            <retrograde>false</retrograde>
            <avgTemperature>28</avgTemperature>
            <rotationalPeriod>21031</rotationalPeriod>
            <atmosphereDensity>88</atmosphereDensity>
            <generateCraters>false</generateCraters>
            <generateCaves>false</generateCaves>
            <generateVolcanos>false</generateVolcanos>
            <generateStructures>false</generateStructures>
            <generateGeodes>false</generateGeodes>
            <biomeIds>advancedrocketry:volcanicbarren;30,advancedrocketry:crystalchasms;30,minecraft:mutated_forest;30,minecraft:mutated_savanna_rock;30,minecraft:savanna;30</biomeIds>
            <planet DIMID="32" name="Wolf 12 30: 1">
                <isKnown>false</isKnown>
                <fogColor>1.0,1.0,1.0</fogColor>
                <skyColor>0.3327813,0.8883529,1.0</skyColor>
                <gravitationalMultiplier>51</gravitationalMultiplier>
                <orbitalDistance>165</orbitalDistance>
                <orbitalTheta>267</orbitalTheta>
                <orbitalPhi>127</orbitalPhi>
                <retrograde>false</retrograde>
                <avgTemperature>19</avgTemperature>
                <rotationalPeriod>180925</rotationalPeriod>
                <atmosphereDensity>37</atmosphereDensity>
                <generateCraters>true</generateCraters>
                <generateCaves>false</generateCaves>
                <generateVolcanos>false</generateVolcanos>
                <generateStructures>false</generateStructures>
                <generateGeodes>false</generateGeodes>
                <biomeIds>minecraft:forest_hills;30,minecraft:plains;10,minecraft:mutated_redwood_taiga_hills;30,minecraft:birch_forest_hills;30,advancedrocketry:oceanspires;30</biomeIds>
            </planet>
            <planet DIMID="31" name="Wolf 12 30: 0">
                <isKnown>false</isKnown>
                <fogColor>1.0,1.0,1.0</fogColor>
                <skyColor>0.38097024,0.5013268,1.0</skyColor>
                <gravitationalMultiplier>67</gravitationalMultiplier>
                <orbitalDistance>102</orbitalDistance>
                <orbitalTheta>156</orbitalTheta>
                <orbitalPhi>-69</orbitalPhi>
                <retrograde>false</retrograde>
                <avgTemperature>25</avgTemperature>
                <rotationalPeriod>79797</rotationalPeriod>
                <atmosphereDensity>34</atmosphereDensity>
                <generateCraters>true</generateCraters>
                <generateCaves>false</generateCaves>
                <generateVolcanos>false</generateVolcanos>
                <generateStructures>false</generateStructures>
                <generateGeodes>false</generateGeodes>
                <biomeIds>minecraft:savanna_rock;30,minecraft:mesa_clear_rock;30,advancedrocketry:crystalchasms;30,minecraft:mutated_desert;30,wastelands:wasteland forest;10</biomeIds>
            </planet>
        </planet>
    </star>
    <star blackHole="false" name="Epsilon ire" numGasGiants="0" numPlanets="0" size="1.0" temp="170" x="-200" y="80">
        <planet DIMID="33" name="Epsilon ire 33">
            <isKnown>false</isKnown>
            <fogColor>1.0,1.0,1.0</fogColor>
            <skyColor>0.8,0.50635326,0.0</skyColor>
            <gravitationalMultiplier>129</gravitationalMultiplier>
            <orbitalDistance>25</orbitalDistance>
            <orbitalTheta>8</orbitalTheta>
            <orbitalPhi>-192</orbitalPhi>
            <retrograde>false</retrograde>
            <avgTemperature>1165</avgTemperature>
            <rotationalPeriod>11051</rotationalPeriod>
            <atmosphereDensity>201</atmosphereDensity>
            <generateCraters>false</generateCraters>
            <generateCaves>false</generateCaves>
            <generateVolcanos>true</generateVolcanos>
            <generateStructures>false</generateStructures>
            <generateGeodes>true</generateGeodes>
            <biomeIds>minecraft:frozen_ocean;30,minecraft:jungle_hills;30,minecraft:mutated_savanna_rock;30,minecraft:jungle;30,minecraft:savanna;30</biomeIds>
            <oceanBlock>minecraft:lava</oceanBlock>
        </planet>
        <planet DIMID="34" name="Epsilon ire 34">
            <isKnown>false</isKnown>
            <fogColor>1.0,1.0,1.0</fogColor>
            <skyColor>0.8,0.90794086,0.39286363</skyColor>
            <gravitationalMultiplier>129</gravitationalMultiplier>
            <orbitalDistance>159</orbitalDistance>
            <orbitalTheta>273</orbitalTheta>
            <orbitalPhi>-198</orbitalPhi>
            <retrograde>false</retrograde>
            <avgTemperature>390</avgTemperature>
            <rotationalPeriod>11051</rotationalPeriod>
            <atmosphereDensity>103</atmosphereDensity>
            <generateCraters>false</generateCraters>
            <generateCaves>false</generateCaves>
            <generateVolcanos>false</generateVolcanos>
            <generateStructures>true</generateStructures>
            <generateGeodes>false</generateGeodes>
            <biomeIds>wastelands:wasteland desert;10,minecraft:mutated_forest;30,nuclearcraft:nuclear_wasteland;5,minecraft:mutated_extreme_hills;30,minecraft:mesa_rock;30</biomeIds>
        </planet>
        <planet DIMID="35" name="Epsilon ire 35">
            <isKnown>false</isKnown>
            <fogColor>1.0,1.0,1.0</fogColor>
            <skyColor>0.8,0.9890963,0.41470677</skyColor>
            <gravitationalMultiplier>118</gravitationalMultiplier>
            <orbitalDistance>144</orbitalDistance>
            <orbitalTheta>279</orbitalTheta>
            <orbitalPhi>47</orbitalPhi>
            <retrograde>false</retrograde>
            <avgTemperature>362</avgTemperature>
            <rotationalPeriod>14423</rotationalPeriod>
            <atmosphereDensity>19</atmosphereDensity>
            <generateCraters>true</generateCraters>
            <generateCaves>false</generateCaves>
            <generateVolcanos>false</generateVolcanos>
            <generateStructures>false</generateStructures>
            <generateGeodes>false</generateGeodes>
            <biomeIds>advancedrocketry:moon;30,advancedrocketry:moondark;30</biomeIds>
        </planet>
        <planet DIMID="36" name="Epsilon ire 36">
            <isKnown>false</isKnown>
            <fogColor>1.0,1.0,1.0</fogColor>
            <skyColor>0.8,0.68092096,0.0</skyColor>
            <gravitationalMultiplier>130</gravitationalMultiplier>
            <orbitalDistance>106</orbitalDistance>
            <orbitalTheta>181</orbitalTheta>
            <orbitalPhi>-131</orbitalPhi>
            <retrograde>false</retrograde>
            <avgTemperature>522</avgTemperature>
            <rotationalPeriod>10923</rotationalPeriod>
            <atmosphereDensity>146</atmosphereDensity>
            <generateCraters>false</generateCraters>
            <generateCaves>false</generateCaves>
            <generateVolcanos>true</generateVolcanos>
            <generateStructures>false</generateStructures>
            <generateGeodes>true</generateGeodes>
            <biomeIds>nuclearcraft:nuclear_wasteland;5,minecraft:ocean;30,minecraft:mutated_desert;30,minecraft:mutated_mesa_clear_rock;30,minecraft:mutated_jungle_edge;30</biomeIds>
            <planet DIMID="37" name="Epsilon ire 36: 0">
                <isKnown>false</isKnown>
                <fogColor>1.0,1.0,1.0</fogColor>
                <skyColor>0.8,0.5128881,0.62632453</skyColor>
                <gravitationalMultiplier>66</gravitationalMultiplier>
                <orbitalDistance>183</orbitalDistance>
                <orbitalTheta>329</orbitalTheta>
                <orbitalPhi>-20</orbitalPhi>
                <retrograde>false</retrograde>
                <avgTemperature>321</avgTemperature>
                <rotationalPeriod>83479</rotationalPeriod>
                <atmosphereDensity>33</atmosphereDensity>
                <generateCraters>true</generateCraters>
                <generateCaves>false</generateCaves>
                <generateVolcanos>false</generateVolcanos>
                <generateStructures>false</generateStructures>
                <generateGeodes>false</generateGeodes>
                <biomeIds>minecraft:forest;10,wastelands:wasteland mountains;10,wastelands:wasteland city;10,minecraft:mutated_extreme_hills;30,wastelands:wasteland desert;10</biomeIds>
            </planet>
            <planet DIMID="38" name="Epsilon ire 36: 1">
                <isKnown>false</isKnown>
                <fogColor>1.0,1.0,1.0</fogColor>
                <skyColor>0.8,0.97059375,0.34920555</skyColor>
                <gravitationalMultiplier>46</gravitationalMultiplier>
                <orbitalDistance>126</orbitalDistance>
                <orbitalTheta>124</orbitalTheta>
                <orbitalPhi>-76</orbitalPhi>
                <retrograde>false</retrograde>
                <avgTemperature>387</avgTemperature>
                <rotationalPeriod>246568</rotationalPeriod>
                <atmosphereDensity>21</atmosphereDensity>
                <generateCraters>true</generateCraters>
                <generateCaves>false</generateCaves>
                <generateVolcanos>false</generateVolcanos>
                <generateStructures>false</generateStructures>
                <generateGeodes>false</generateGeodes>
                <biomeIds>advancedrocketry:moon;30,advancedrocketry:moondark;30</biomeIds>
            </planet>
            <planet DIMID="39" name="Epsilon ire 36: 2">
                <isKnown>false</isKnown>
                <fogColor>1.0,1.0,1.0</fogColor>
                <skyColor>0.8,0.5075489,0.16069472</skyColor>
                <gravitationalMultiplier>63</gravitationalMultiplier>
                <orbitalDistance>101</orbitalDistance>
                <orbitalTheta>206</orbitalTheta>
                <orbitalPhi>-64</orbitalPhi>
                <retrograde>false</retrograde>
                <avgTemperature>432</avgTemperature>
                <rotationalPeriod>95981</rotationalPeriod>
                <atmosphereDensity>31</atmosphereDensity>
                <generateCraters>true</generateCraters>
                <generateCaves>false</generateCaves>
                <generateVolcanos>false</generateVolcanos>
                <generateStructures>false</generateStructures>
                <generateGeodes>false</generateGeodes>
                <biomeIds>advancedrocketry:volcanicbarren;30</biomeIds>
            </planet>
            <oceanBlock>minecraft:lava</oceanBlock>
        </planet>
        <planet DIMID="40" name="Epsilon ire 40">
            <isKnown>false</isKnown>
            <fogColor>1.0,1.0,1.0</fogColor>
            <skyColor>0.8,0.60335004,0.0</skyColor>
            <gravitationalMultiplier>130</gravitationalMultiplier>
            <orbitalDistance>38</orbitalDistance>
            <orbitalTheta>73</orbitalTheta>
            <orbitalPhi>-25</orbitalPhi>
            <retrograde>false</retrograde>
            <avgTemperature>736</avgTemperature>
            <rotationalPeriod>10923</rotationalPeriod>
            <atmosphereDensity>74</atmosphereDensity>
            <generateCraters>true</generateCraters>
            <generateCaves>false</generateCaves>
            <generateVolcanos>true</generateVolcanos>
            <generateStructures>false</generateStructures>
            <generateGeodes>false</generateGeodes>
            <biomeIds>advancedrocketry:oceanspires;30,minecraft:deep_ocean;30,minecraft:mutated_mesa_clear_rock;30,minecraft:desert;30,minecraft:mutated_jungle_edge;30</biomeIds>
            <oceanBlock>minecraft:lava</oceanBlock>
        </planet>
        <planet DIMID="41" name="Epsilon ire 41">
            <isKnown>false</isKnown>
            <fogColor>1.0,1.0,1.0</fogColor>
            <skyColor>0.8,0.7269227,0.14895797</skyColor>
            <gravitationalMultiplier>111</gravitationalMultiplier>
            <orbitalDistance>99</orbitalDistance>
            <orbitalTheta>20</orbitalTheta>
            <orbitalPhi>-104</orbitalPhi>
            <retrograde>false</retrograde>
            <avgTemperature>437</avgTemperature>
            <rotationalPeriod>17313</rotationalPeriod>
            <atmosphereDensity>11</atmosphereDensity>
            <generateCraters>true</generateCraters>
            <generateCaves>false</generateCaves>
            <generateVolcanos>false</generateVolcanos>
            <generateStructures>false</generateStructures>
            <generateGeodes>false</generateGeodes>
            <biomeIds>advancedrocketry:moon;30,advancedrocketry:moondark;30</biomeIds>
            <planet DIMID="42" name="Epsilon ire 41: 0">
                <isKnown>false</isKnown>
                <fogColor>1.0,1.0,1.0</fogColor>
                <skyColor>0.8,0.6723385,0.49222922</skyColor>
                <gravitationalMultiplier>76</gravitationalMultiplier>
                <orbitalDistance>146</orbitalDistance>
                <orbitalTheta>277</orbitalTheta>
                <orbitalPhi>-266</orbitalPhi>
                <retrograde>false</retrograde>
                <avgTemperature>359</avgTemperature>
                <rotationalPeriod>54672</rotationalPeriod>
                <atmosphereDensity>16</atmosphereDensity>
                <generateCraters>true</generateCraters>
                <generateCaves>false</generateCaves>
                <generateVolcanos>false</generateVolcanos>
                <generateStructures>false</generateStructures>
                <generateGeodes>false</generateGeodes>
                <biomeIds>advancedrocketry:moon;30,advancedrocketry:moondark;30</biomeIds>
            </planet>
            <planet DIMID="43" name="Epsilon ire 41: 1">
                <isKnown>false</isKnown>
                <fogColor>1.0,1.0,1.0</fogColor>
                <skyColor>0.8,0.5779786,0.4912982</skyColor>
                <gravitationalMultiplier>49</gravitationalMultiplier>
                <orbitalDistance>163</orbitalDistance>
                <orbitalTheta>217</orbitalTheta>
                <orbitalPhi>-196</orbitalPhi>
                <retrograde>false</retrograde>
                <avgTemperature>340</avgTemperature>
                <rotationalPeriod>203996</rotationalPeriod>
                <atmosphereDensity>19</atmosphereDensity>
                <generateCraters>true</generateCraters>
                <generateCaves>false</generateCaves>
                <generateVolcanos>false</generateVolcanos>
                <generateStructures>false</generateStructures>
                <generateGeodes>false</generateGeodes>
                <biomeIds>advancedrocketry:moon;30,advancedrocketry:moondark;30</biomeIds>
            </planet>
        </planet>
        <planet DIMID="44" name="Epsilon ire 44">
            <isKnown>false</isKnown>
            <fogColor>1.0,1.0,1.0</fogColor>
            <skyColor>0.8,0.7575418,0.0</skyColor>
            <gravitationalMultiplier>130</gravitationalMultiplier>
            <orbitalDistance>121</orbitalDistance>
            <orbitalTheta>46</orbitalTheta>
            <orbitalPhi>215</orbitalPhi>
            <retrograde>false</retrograde>
            <avgTemperature>537</avgTemperature>
            <rotationalPeriod>10923</rotationalPeriod>
            <atmosphereDensity>214</atmosphereDensity>
            <generateCraters>false</generateCraters>
            <generateCaves>false</generateCaves>
            <generateVolcanos>true</generateVolcanos>
            <generateStructures>false</generateStructures>
            <generateGeodes>true</generateGeodes>
            <biomeIds>minecraft:mutated_mesa_clear_rock;30,minecraft:desert;30,minecraft:mutated_jungle;30,minecraft:desert_hills;30,minecraft:mutated_mesa;30</biomeIds>
            <oceanBlock>minecraft:lava</oceanBlock>
        </planet>
    </star>
    <star blackHole="false" name="Proxima Centaurs" numGasGiants="0" numPlanets="0" size="1.0" temp="200" x="-150" y="250">
        <planet DIMID="45" name="Proxima Centaurs 45">
            <isKnown>false</isKnown>
            <fogColor>1.0,1.0,1.0</fogColor>
            <skyColor>0.8,0.6139605,0.0</skyColor>
            <gravitationalMultiplier>130</gravitationalMultiplier>
            <orbitalDistance>46</orbitalDistance>
            <orbitalTheta>233</orbitalTheta>
            <orbitalPhi>-177</orbitalPhi>
            <retrograde>false</retrograde>
            <avgTemperature>987</avgTemperature>
            <rotationalPeriod>10923</rotationalPeriod>
            <atmosphereDensity>183</atmosphereDensity>
            <generateCraters>false</generateCraters>
            <generateCaves>false</generateCaves>
            <generateVolcanos>true</generateVolcanos>
            <generateStructures>false</generateStructures>
            <generateGeodes>true</generateGeodes>
            <seaLevel>59</seaLevel>
            <biomeIds>minecraft:mutated_jungle;30,minecraft:mutated_mesa_rock;30,minecraft:desert_hills;30,minecraft:mutated_jungle_edge;30,minecraft:jungle_edge;30</biomeIds>
            <oceanBlock>minecraft:lava</oceanBlock>
        </planet>
        <planet DIMID="46" name="Proxima Centaurs 46">
            <isKnown>false</isKnown>
            <fogColor>1.0,1.0,1.0</fogColor>
            <skyColor>0.8,0.76703465,0.11312199</skyColor>
            <gravitationalMultiplier>130</gravitationalMultiplier>
            <orbitalDistance>161</orbitalDistance>
            <orbitalTheta>50</orbitalTheta>
            <orbitalPhi>-129</orbitalPhi>
            <retrograde>false</retrograde>
            <avgTemperature>462</avgTemperature>
            <rotationalPeriod>10923</rotationalPeriod>
            <atmosphereDensity>108</atmosphereDensity>
            <generateCraters>false</generateCraters>
            <generateCaves>false</generateCaves>
            <generateVolcanos>true</generateVolcanos>
            <generateStructures>false</generateStructures>
            <generateGeodes>false</generateGeodes>
            <biomeIds>minecraft:desert;30,minecraft:frozen_ocean;30,minecraft:mutated_desert;30,minecraft:savanna;30,minecraft:mutated_savanna_rock;30</biomeIds>
            <oceanBlock>minecraft:lava</oceanBlock>
        </planet>
        <planet DIMID="47" name="Proxima Centaurs 47">
            <isKnown>false</isKnown>
            <fogColor>1.0,1.0,1.0</fogColor>
            <skyColor>0.8,0.52804065,0.24783623</skyColor>
            <gravitationalMultiplier>89</gravitationalMultiplier>
            <orbitalDistance>174</orbitalDistance>
            <orbitalTheta>297</orbitalTheta>
            <orbitalPhi>-206</orbitalPhi>
            <retrograde>false</retrograde>
            <avgTemperature>408</avgTemperature>
            <rotationalPeriod>33476</rotationalPeriod>
            <atmosphereDensity>77</atmosphereDensity>
            <generateCraters>false</generateCraters>
            <generateCaves>false</generateCaves>
            <generateVolcanos>false</generateVolcanos>
            <generateStructures>true</generateStructures>
            <generateGeodes>false</generateGeodes>
            <biomeIds>minecraft:deep_ocean;30,minecraft:mutated_extreme_hills;30,minecraft:jungle;30,advancedrocketry:crystalchasms;30,minecraft:stone_beach;30</biomeIds>
        </planet>
    </star>
    <star blackHole="false" name="Magnis Vulpes" numGasGiants="0" numPlanets="0" size="1.0" temp="70" x="-150" y="-250">
        <planet DIMID="48" name="Magnis Vulpes 48">
            <isKnown>false</isKnown>
            <fogColor>1.0,1.0,1.0</fogColor>
            <skyColor>0.8,0.8288398,0.51480824</skyColor>
            <gravitationalMultiplier>123</gravitationalMultiplier>
            <orbitalDistance>42</orbitalDistance>
            <orbitalTheta>91</orbitalTheta>
            <orbitalPhi>-203</orbitalPhi>
            <retrograde>false</retrograde>
            <avgTemperature>338</avgTemperature>
            <rotationalPeriod>12741</rotationalPeriod>
            <atmosphereDensity>140</atmosphereDensity>
            <generateCraters>false</generateCraters>
            <generateCaves>false</generateCaves>
            <generateVolcanos>false</generateVolcanos>
            <generateStructures>true</generateStructures>
            <generateGeodes>true</generateGeodes>
            <biomeIds>minecraft:jungle_edge;30,minecraft:stone_beach;30,minecraft:mutated_jungle_edge;30,minecraft:mutated_plains;30,minecraft:smaller_extreme_hills;30</biomeIds>
        </planet>
        <planet DIMID="49" name="Magnis Vulpes 49">
            <isKnown>false</isKnown>
            <fogColor>1.0,1.0,1.0</fogColor>
            <skyColor>0.8,0.9857558,1.0</skyColor>
            <gravitationalMultiplier>96</gravitationalMultiplier>
            <orbitalDistance>135</orbitalDistance>
            <orbitalTheta>297</orbitalTheta>
            <orbitalPhi>-156</orbitalPhi>
            <retrograde>false</retrograde>
            <avgTemperature>182</avgTemperature>
            <rotationalPeriod>26707</rotationalPeriod>
            <atmosphereDensity>124</atmosphereDensity>
            <generateCraters>false</generateCraters>
            <generateCaves>false</generateCaves>
            <generateVolcanos>false</generateVolcanos>
            <generateStructures>false</generateStructures>
            <generateGeodes>false</generateGeodes>
            <biomeIds>advancedrocketry:crystalchasms;30</biomeIds>
        </planet>
    </star>
    <star blackHole="false" name="Ma-Roo" numGasGiants="0" numPlanets="0" size="1.0" temp="200" x="50" y="-250">
        <planet DIMID="50" name="Ma-Roo 50">
            <isKnown>false</isKnown>
            <fogColor>1.0,1.0,1.0</fogColor>
            <skyColor>0.8,0.79571974,0.0</skyColor>
            <gravitationalMultiplier>113</gravitationalMultiplier>
            <orbitalDistance>94</orbitalDistance>
            <orbitalTheta>282</orbitalTheta>
            <orbitalPhi>-22</orbitalPhi>
            <retrograde>false</retrograde>
            <avgTemperature>668</avgTemperature>
            <rotationalPeriod>16414</rotationalPeriod>
            <atmosphereDensity>161</atmosphereDensity>
            <generateCraters>false</generateCraters>
            <generateCaves>false</generateCaves>
            <generateVolcanos>true</generateVolcanos>
            <generateStructures>false</generateStructures>
            <generateGeodes>true</generateGeodes>
            <biomeIds>minecraft:desert_hills;30,minecraft:mutated_jungle;30,minecraft:jungle_hills;30,minecraft:desert;30,advancedrocketry:volcanicbarren;30</biomeIds>
            <oceanBlock>minecraft:lava</oceanBlock>
        </planet>
        <planet DIMID="51" name="Ma-Roo 51">
            <isKnown>false</isKnown>
            <fogColor>1.0,1.0,1.0</fogColor>
            <skyColor>0.8,0.748209,0.15009236</skyColor>
            <gravitationalMultiplier>130</gravitationalMultiplier>
            <orbitalDistance>142</orbitalDistance>
            <orbitalTheta>116</orbitalTheta>
            <orbitalPhi>-96</orbitalPhi>
            <retrograde>false</retrograde>
            <avgTemperature>438</avgTemperature>
            <rotationalPeriod>10923</rotationalPeriod>
            <atmosphereDensity>68</atmosphereDensity>
            <generateCraters>true</generateCraters>
            <generateCaves>false</generateCaves>
            <generateVolcanos>false</generateVolcanos>
            <generateStructures>false</generateStructures>
            <generateGeodes>false</generateGeodes>
            <biomeIds>minecraft:birch_forest_hills;30,minecraft:jungle_hills;30,advancedrocketry:alien_forest;30,minecraft:mutated_birch_forest_hills;30,wastelands:wasteland mountains;10</biomeIds>
            <planet DIMID="52" name="Ma-Roo 51: 0">
                <isKnown>false</isKnown>
                <fogColor>1.0,1.0,1.0</fogColor>
                <skyColor>0.8,0.8543666,0.34263843</skyColor>
                <gravitationalMultiplier>48</gravitationalMultiplier>
                <orbitalDistance>177</orbitalDistance>
                <orbitalTheta>212</orbitalTheta>
                <orbitalPhi>-106</orbitalPhi>
                <retrograde>false</retrograde>
                <avgTemperature>384</avgTemperature>
                <rotationalPeriod>217013</rotationalPeriod>
                <atmosphereDensity>20</atmosphereDensity>
                <generateCraters>true</generateCraters>
                <generateCaves>false</generateCaves>
                <generateVolcanos>false</generateVolcanos>
                <generateStructures>false</generateStructures>
                <generateGeodes>false</generateGeodes>
                <biomeIds>advancedrocketry:moon;30,advancedrocketry:moondark;30</biomeIds>
            </planet>
            <planet DIMID="53" name="Ma-Roo 51: 1">
                <isKnown>false</isKnown>
                <fogColor>1.0,1.0,1.0</fogColor>
                <skyColor>0.8,0.5062101,0.32347065</skyColor>
                <gravitationalMultiplier>52</gravitationalMultiplier>
                <orbitalDistance>158</orbitalDistance>
                <orbitalTheta>199</orbitalTheta>
                <orbitalPhi>101</orbitalPhi>
                <retrograde>false</retrograde>
                <avgTemperature>407</avgTemperature>
                <rotationalPeriod>170687</rotationalPeriod>
                <atmosphereDensity>31</atmosphereDensity>
                <generateCraters>true</generateCraters>
                <generateCaves>false</generateCaves>
                <generateVolcanos>false</generateVolcanos>
                <generateStructures>false</generateStructures>
                <generateGeodes>false</generateGeodes>
                <seaLevel>73</seaLevel>
                <biomeIds>minecraft:mutated_mesa_rock;30,minecraft:ocean;30,advancedrocketry:crystalchasms;30,minecraft:mesa;30,minecraft:mutated_savanna_rock;30</biomeIds>
            </planet>
        </planet>
        <planet DIMID="54" name="Ma-Roo 54">
            <isKnown>false</isKnown>
            <fogColor>1.0,1.0,1.0</fogColor>
            <skyColor>0.8,0.76841235,0.4655342</skyColor>
            <gravitationalMultiplier>118</gravitationalMultiplier>
            <orbitalDistance>193</orbitalDistance>
            <orbitalTheta>353</orbitalTheta>
            <orbitalPhi>-233</orbitalPhi>
            <retrograde>false</retrograde>
            <avgTemperature>368</avgTemperature>
            <rotationalPeriod>14423</rotationalPeriod>
            <atmosphereDensity>0</atmosphereDensity>
            <generateCraters>true</generateCraters>
            <generateCaves>false</generateCaves>
            <generateVolcanos>false</generateVolcanos>
            <generateStructures>false</generateStructures>
            <generateGeodes>false</generateGeodes>
            <biomeIds>advancedrocketry:moon;30,advancedrocketry:moondark;30</biomeIds>
            <planet DIMID="55" name="Ma-Roo 54: 0">
                <isKnown>false</isKnown>
                <fogColor>1.0,1.0,1.0</fogColor>
                <skyColor>0.8,0.61748505,0.16207588</skyColor>
                <gravitationalMultiplier>70</gravitationalMultiplier>
                <orbitalDistance>132</orbitalDistance>
                <orbitalTheta>335</orbitalTheta>
                <orbitalPhi>-12</orbitalPhi>
                <retrograde>false</retrograde>
                <avgTemperature>445</avgTemperature>
                <rotationalPeriod>69970</rotationalPeriod>
                <atmosphereDensity>27</atmosphereDensity>
                <generateCraters>true</generateCraters>
                <generateCaves>false</generateCaves>
                <generateVolcanos>false</generateVolcanos>
                <generateStructures>false</generateStructures>
                <generateGeodes>false</generateGeodes>
                <biomeIds>advancedrocketry:crystalchasms;30,minecraft:mutated_forest;30,minecraft:ocean;30,wastelands:wasteland forest;10,minecraft:mesa_rock;30</biomeIds>
            </planet>
            <planet DIMID="56" name="Ma-Roo 54: 1">
                <isKnown>false</isKnown>
                <fogColor>1.0,1.0,1.0</fogColor>
                <skyColor>0.8,0.802828,0.3404851</skyColor>
                <gravitationalMultiplier>39</gravitationalMultiplier>
                <orbitalDistance>162</orbitalDistance>
                <orbitalTheta>105</orbitalTheta>
                <orbitalPhi>188</orbitalPhi>
                <retrograde>false</retrograde>
                <avgTemperature>402</avgTemperature>
                <rotationalPeriod>404592</rotationalPeriod>
                <atmosphereDensity>37</atmosphereDensity>
                <generateCraters>true</generateCraters>
                <generateCaves>false</generateCaves>
                <generateVolcanos>false</generateVolcanos>
                <generateStructures>false</generateStructures>
                <generateGeodes>false</generateGeodes>
                <biomeIds>minecraft:frozen_ocean;30,minecraft:mutated_birch_forest_hills;30,advancedrocketry:crystalchasms;30,wastelands:wasteland mountains;10,wastelands:wasteland;10</biomeIds>
            </planet>
        </planet>
        <planet DIMID="57" name="Ma-Roo 57">
            <isKnown>false</isKnown>
            <fogColor>1.0,1.0,1.0</fogColor>
            <skyColor>0.8,0.67304265,0.0</skyColor>
            <gravitationalMultiplier>99</gravitationalMultiplier>
            <orbitalDistance>146</orbitalDistance>
            <orbitalTheta>258</orbitalTheta>
            <orbitalPhi>1</orbitalPhi>
            <retrograde>false</retrograde>
            <avgTemperature>498</avgTemperature>
            <rotationalPeriod>24363</rotationalPeriod>
            <atmosphereDensity>120</atmosphereDensity>
            <generateCraters>false</generateCraters>
            <generateCaves>false</generateCaves>
            <generateVolcanos>true</generateVolcanos>
            <generateStructures>false</generateStructures>
            <generateGeodes>false</generateGeodes>
            <biomeIds>minecraft:mutated_savanna;30,nuclearcraft:nuclear_wasteland;5,minecraft:mutated_savanna_rock;30,minecraft:savanna;30,minecraft:jungle;30</biomeIds>
            <oceanBlock>minecraft:lava</oceanBlock>
        </planet>
        <planet DIMID="58" name="Ma-Roo 58">
            <isKnown>false</isKnown>
            <fogColor>1.0,1.0,1.0</fogColor>
            <skyColor>0.8,0.9870104,0.0</skyColor>
            <gravitationalMultiplier>124</gravitationalMultiplier>
            <orbitalDistance>45</orbitalDistance>
            <orbitalTheta>273</orbitalTheta>
            <orbitalPhi>-16</orbitalPhi>
            <retrograde>false</retrograde>
            <avgTemperature>888</avgTemperature>
            <rotationalPeriod>12436</rotationalPeriod>
            <atmosphereDensity>115</atmosphereDensity>
            <generateCraters>false</generateCraters>
            <generateCaves>false</generateCaves>
            <generateVolcanos>true</generateVolcanos>
            <generateStructures>false</generateStructures>
            <generateGeodes>false</generateGeodes>
            <biomeIds>advancedrocketry:volcanicbarren;30,minecraft:deep_ocean;30,minecraft:savanna_rock;30,minecraft:mutated_savanna_rock;30,minecraft:frozen_ocean;30</biomeIds>
            <oceanBlock>minecraft:lava</oceanBlock>
        </planet>
        <planet DIMID="59" name="Ma-Roo 59">
            <isKnown>false</isKnown>
            <fogColor>1.0,1.0,1.0</fogColor>
            <skyColor>0.8,0.9754875,0.0</skyColor>
            <gravitationalMultiplier>130</gravitationalMultiplier>
            <orbitalDistance>86</orbitalDistance>
            <orbitalTheta>10</orbitalTheta>
            <orbitalPhi>-66</orbitalPhi>
            <retrograde>false</retrograde>
            <avgTemperature>555</avgTemperature>
            <rotationalPeriod>10923</rotationalPeriod>
            <atmosphereDensity>64</atmosphereDensity>
            <generateCraters>true</generateCraters>
            <generateCaves>false</generateCaves>
            <generateVolcanos>true</generateVolcanos>
            <generateStructures>false</generateStructures>
            <generateGeodes>false</generateGeodes>
            <biomeIds>minecraft:jungle_edge;30,minecraft:mutated_mesa_rock;30,nuclearcraft:nuclear_wasteland;5,advancedrocketry:marsh;30,minecraft:mutated_desert;30</biomeIds>
            <oceanBlock>minecraft:lava</oceanBlock>
        </planet>
    </star>
    <star blackHole="false" name="Alykitt" numGasGiants="0" numPlanets="0" size="1.0" temp="120" x="75" y="200">
        <planet DIMID="66" name="Alykitt 66">
            <isKnown>false</isKnown>
            <fogColor>1.0,1.0,1.0</fogColor>
            <skyColor>0.8,0.622617,0.554163</skyColor>
            <gravitationalMultiplier>130</gravitationalMultiplier>
            <orbitalDistance>122</orbitalDistance>
            <orbitalTheta>99</orbitalTheta>
            <orbitalPhi>-202</orbitalPhi>
            <retrograde>false</retrograde>
            <avgTemperature>321</avgTemperature>
            <rotationalPeriod>10923</rotationalPeriod>
            <atmosphereDensity>112</atmosphereDensity>
            <generateCraters>false</generateCraters>
            <generateCaves>false</generateCaves>
            <generateVolcanos>false</generateVolcanos>
            <generateStructures>true</generateStructures>
            <generateGeodes>false</generateGeodes>
            <biomeIds>minecraft:extreme_hills;10,minecraft:mutated_extreme_hills;30,advancedrocketry:alien_forest;30,minecraft:mesa_rock;30,minecraft:mutated_taiga_cold;30</biomeIds>
            <planet DIMID="67" name="Alykitt 66: 0">
                <isKnown>false</isKnown>
                <fogColor>1.0,1.0,1.0</fogColor>
                <skyColor>0.8,0.615265,0.90565753</skyColor>
                <gravitationalMultiplier>55</gravitationalMultiplier>
                <orbitalDistance>178</orbitalDistance>
                <orbitalTheta>235</orbitalTheta>
                <orbitalPhi>-160</orbitalPhi>
                <retrograde>false</retrograde>
                <avgTemperature>230</avgTemperature>
                <rotationalPeriod>144252</rotationalPeriod>
                <atmosphereDensity>37</atmosphereDensity>
                <generateCraters>true</generateCraters>
                <generateCaves>false</generateCaves>
                <generateVolcanos>false</generateVolcanos>
                <generateStructures>false</generateStructures>
                <generateGeodes>false</generateGeodes>
                <biomeIds>advancedrocketry:crystalchasms;30,minecraft:birch_forest_hills;30,minecraft:mutated_birch_forest_hills;30,advancedrocketry:oceanspires;30,minecraft:mutated_mesa;30</biomeIds>
            </planet>
            <planet DIMID="68" name="Alykitt 66: 1">
                <isKnown>false</isKnown>
                <fogColor>1.0,1.0,1.0</fogColor>
                <skyColor>0.8,0.88949937,0.8470191</skyColor>
                <gravitationalMultiplier>85</gravitationalMultiplier>
                <orbitalDistance>176</orbitalDistance>
                <orbitalTheta>283</orbitalTheta>
                <orbitalPhi>-11</orbitalPhi>
                <retrograde>false</retrograde>
                <avgTemperature>231</avgTemperature>
                <rotationalPeriod>39079</rotationalPeriod>
                <atmosphereDensity>29</atmosphereDensity>
                <generateCraters>true</generateCraters>
                <generateCaves>false</generateCaves>
                <generateVolcanos>false</generateVolcanos>
                <generateStructures>false</generateStructures>
                <generateGeodes>false</generateGeodes>
                <seaLevel>81</seaLevel>
                <biomeIds>advancedrocketry:crystalchasms;30</biomeIds>
            </planet>
        </planet>
        <planet DIMID="69" name="Alykitt 69">
            <isKnown>false</isKnown>
            <fogColor>1.0,1.0,1.0</fogColor>
            <skyColor>0.8,0.591403,0.8398393</skyColor>
            <gravitationalMultiplier>130</gravitationalMultiplier>
            <orbitalDistance>186</orbitalDistance>
            <orbitalTheta>200</orbitalTheta>
            <orbitalPhi>-174</orbitalPhi>
            <retrograde>false</retrograde>
            <avgTemperature>232</avgTemperature>
            <rotationalPeriod>10923</rotationalPeriod>
            <atmosphereDensity>71</atmosphereDensity>
            <generateCraters>true</generateCraters>
            <generateCaves>false</generateCaves>
            <generateVolcanos>false</generateVolcanos>
            <generateStructures>false</generateStructures>
            <generateGeodes>false</generateGeodes>
            <biomeIds>advancedrocketry:crystalchasms;30</biomeIds>
            <planet DIMID="70" name="Alykitt 69: 0">
                <isKnown>false</isKnown>
                <fogColor>1.0,1.0,1.0</fogColor>
                <skyColor>0.8,0.5642985,0.7946384</skyColor>
                <gravitationalMultiplier>52</gravitationalMultiplier>
                <orbitalDistance>141</orbitalDistance>
                <orbitalTheta>293</orbitalTheta>
                <orbitalPhi>-123</orbitalPhi>
                <retrograde>false</retrograde>
                <avgTemperature>258</avgTemperature>
                <rotationalPeriod>170687</rotationalPeriod>
                <atmosphereDensity>35</atmosphereDensity>
                <generateCraters>true</generateCraters>
                <generateCaves>false</generateCaves>
                <generateVolcanos>false</generateVolcanos>
                <generateStructures>false</generateStructures>
                <generateGeodes>false</generateGeodes>
                <biomeIds>minecraft:savanna;30,wastelands:wasteland forest;10,minecraft:jungle;30,wastelands:wasteland mountains;10,minecraft:forest;10</biomeIds>
            </planet>
            <planet DIMID="71" name="Alykitt 69: 1">
                <isKnown>false</isKnown>
                <fogColor>1.0,1.0,1.0</fogColor>
                <skyColor>0.8,0.91353416,0.7206156</skyColor>
                <gravitationalMultiplier>81</gravitationalMultiplier>
                <orbitalDistance>120</orbitalDistance>
                <orbitalTheta>254</orbitalTheta>
                <orbitalPhi>-264</orbitalPhi>
                <retrograde>false</retrograde>
                <avgTemperature>280</avgTemperature>
                <rotationalPeriod>45160</rotationalPeriod>
                <atmosphereDensity>31</atmosphereDensity>
                <generateCraters>true</generateCraters>
                <generateCaves>false</generateCaves>
                <generateVolcanos>false</generateVolcanos>
                <generateStructures>false</generateStructures>
                <generateGeodes>false</generateGeodes>
                <biomeIds>minecraft:mutated_forest;30,minecraft:forest;10,minecraft:mesa_clear_rock;30,minecraft:deep_ocean;30,appliedenergistics2:storage_biome;30</biomeIds>
            </planet>
            <planet DIMID="72" name="Alykitt 69: 2">
                <isKnown>false</isKnown>
                <fogColor>1.0,1.0,1.0</fogColor>
                <skyColor>0.8,0.72525394,0.8177867</skyColor>
                <gravitationalMultiplier>78</gravitationalMultiplier>
                <orbitalDistance>147</orbitalDistance>
                <orbitalTheta>133</orbitalTheta>
                <orbitalPhi>180</orbitalPhi>
                <retrograde>false</retrograde>
                <avgTemperature>253</avgTemperature>
                <rotationalPeriod>50574</rotationalPeriod>
                <atmosphereDensity>29</atmosphereDensity>
                <generateCraters>true</generateCraters>
                <generateCaves>false</generateCaves>
                <generateVolcanos>false</generateVolcanos>
                <generateStructures>false</generateStructures>
                <generateGeodes>false</generateGeodes>
                <biomeIds>minecraft:mutated_plains;30,minecraft:mesa_clear_rock;30,minecraft:extreme_hills_with_trees;30,minecraft:jungle_hills;30,wastelands:wasteland mountains;10</biomeIds>
            </planet>
        </planet>
        <planet DIMID="60" name="Alykitt 60">
            <isKnown>false</isKnown>
            <GasGiant>true</GasGiant>
            <gas>hydrogen</gas>
            <gas>helium</gas>
            <fogColor>1.0,1.0,1.0</fogColor>
            <skyColor>1.0,1.0,1.0</skyColor>
            <gravitationalMultiplier>130</gravitationalMultiplier>
            <orbitalDistance>270</orbitalDistance>
            <orbitalTheta>0</orbitalTheta>
            <orbitalPhi>0</orbitalPhi>
            <retrograde>false</retrograde>
            <avgTemperature>223</avgTemperature>
            <rotationalPeriod>24000</rotationalPeriod>
            <atmosphereDensity>128</atmosphereDensity>
            <generateCraters>false</generateCraters>
            <generateCaves>false</generateCaves>
            <generateVolcanos>false</generateVolcanos>
            <generateStructures>false</generateStructures>
            <generateGeodes>false</generateGeodes>
            <planet DIMID="61" name="Alykitt 60: 0">
                <isKnown>false</isKnown>
                <fogColor>1.0,1.0,1.0</fogColor>
                <skyColor>0.8,0.74265134,0.85895157</skyColor>
                <gravitationalMultiplier>56</gravitationalMultiplier>
                <orbitalDistance>182</orbitalDistance>
                <orbitalTheta>100</orbitalTheta>
                <orbitalPhi>-181</orbitalPhi>
                <retrograde>false</retrograde>
                <avgTemperature>227</avgTemperature>
                <rotationalPeriod>136661</rotationalPeriod>
                <atmosphereDensity>29</atmosphereDensity>
                <generateCraters>true</generateCraters>
                <generateCaves>false</generateCaves>
                <generateVolcanos>false</generateVolcanos>
                <generateStructures>false</generateStructures>
                <generateGeodes>false</generateGeodes>
                <biomeIds>minecraft:stone_beach;30,minecraft:jungle;30,minecraft:mushroom_island_shore;30,minecraft:jungle_edge;30,minecraft:mutated_roofed_forest;30</biomeIds>
            </planet>
        </planet>
        <planet DIMID="62" name="Alykitt 62">
            <isKnown>false</isKnown>
            <fogColor>1.0,1.0,1.0</fogColor>
            <skyColor>0.8,0.6194701,0.121872544</skyColor>
            <gravitationalMultiplier>130</gravitationalMultiplier>
            <orbitalDistance>62</orbitalDistance>
            <orbitalTheta>248</orbitalTheta>
            <orbitalPhi>-375</orbitalPhi>
            <retrograde>false</retrograde>
            <avgTemperature>465</avgTemperature>
            <rotationalPeriod>10923</rotationalPeriod>
            <atmosphereDensity>127</atmosphereDensity>
            <generateCraters>false</generateCraters>
            <generateCaves>false</generateCaves>
            <generateVolcanos>true</generateVolcanos>
            <generateStructures>false</generateStructures>
            <generateGeodes>true</generateGeodes>
            <biomeIds>minecraft:frozen_ocean;30,minecraft:mutated_mesa_rock;30,advancedrocketry:marsh;30,minecraft:mutated_mesa;30,minecraft:jungle_hills;30</biomeIds>
            <planet DIMID="64" name="Alykitt 62: 1">
                <isKnown>false</isKnown>
                <fogColor>1.0,1.0,1.0</fogColor>
                <skyColor>0.8,0.753317,0.9146298</skyColor>
                <gravitationalMultiplier>49</gravitationalMultiplier>
                <orbitalDistance>175</orbitalDistance>
                <orbitalTheta>194</orbitalTheta>
                <orbitalPhi>-120</orbitalPhi>
                <retrograde>false</retrograde>
                <avgTemperature>232</avgTemperature>
                <rotationalPeriod>203996</rotationalPeriod>
                <atmosphereDensity>36</atmosphereDensity>
                <generateCraters>true</generateCraters>
                <generateCaves>false</generateCaves>
                <generateVolcanos>false</generateVolcanos>
                <generateStructures>false</generateStructures>
                <generateGeodes>false</generateGeodes>
                <seaLevel>47</seaLevel>
                <biomeIds>advancedrocketry:crystalchasms;30</biomeIds>
            </planet>
            <planet DIMID="65" name="Alykitt 62: 2">
                <isKnown>false</isKnown>
                <fogColor>1.0,1.0,1.0</fogColor>
                <skyColor>0.8,0.8804341,0.6630528</skyColor>
                <gravitationalMultiplier>45</gravitationalMultiplier>
                <orbitalDistance>113</orbitalDistance>
                <orbitalTheta>355</orbitalTheta>
                <orbitalPhi>6</orbitalPhi>
                <retrograde>false</retrograde>
                <avgTemperature>288</avgTemperature>
                <rotationalPeriod>263374</rotationalPeriod>
                <atmosphereDensity>24</atmosphereDensity>
                <generateCraters>true</generateCraters>
                <generateCaves>false</generateCaves>
                <generateVolcanos>false</generateVolcanos>
                <generateStructures>false</generateStructures>
                <generateGeodes>false</generateGeodes>
                <biomeIds>advancedrocketry:moon;30,advancedrocketry:moondark;30</biomeIds>
            </planet>
            <planet DIMID="63" name="Alykitt 62: 0">
                <isKnown>false</isKnown>
                <fogColor>1.0,1.0,1.0</fogColor>
                <skyColor>0.8,0.73372567,0.67341316</skyColor>
                <gravitationalMultiplier>42</gravitationalMultiplier>
                <orbitalDistance>111</orbitalDistance>
                <orbitalTheta>262</orbitalTheta>
                <orbitalPhi>7</orbitalPhi>
                <retrograde>false</retrograde>
                <avgTemperature>291</avgTemperature>
                <rotationalPeriod>323939</rotationalPeriod>
                <atmosphereDensity>33</atmosphereDensity>
                <generateCraters>true</generateCraters>
                <generateCaves>false</generateCaves>
                <generateVolcanos>false</generateVolcanos>
                <generateStructures>false</generateStructures>
                <generateGeodes>false</generateGeodes>
                <biomeIds>minecraft:ocean;30,minecraft:taiga_hills;30,minecraft:mesa_clear_rock;30,advancedrocketry:alien_forest;30,minecraft:ice_flats;30</biomeIds>
            </planet>
            <oceanBlock>minecraft:lava</oceanBlock>
        </planet>
    </star>
</galaxy>
