{"stat.chestOpened":7,"stat.pickup.techguns.itemshared":4,"stat.walkOneCm":520270,"stat.useItem.minecraft.torch":48,"stat.useItem.minecraft.potato":1,"stat.useItem.malisisdoors.rustyhatch":3,"stat.leaveGame":9,"stat.furnaceInteraction":1,"stat.pickup.techguns.lamp0":6,"stat.useItem.malisisdoors.forcefielditem":6,"stat.jump":479,"stat.swimOneCm":737,"stat.useItem.techguns.lamp0":51,"stat.pickup.minecraft.iron_ingot":1,"stat.climbOneCm":7731,"stat.pickup.minecraft.carrot":10,"stat.pickup.minecraft.gunpowder":2,"stat.crouchOneCm":20036,"stat.useItem.techguns.item_bunkerdoor":4,"stat.sprintOneCm":301967,"stat.useItem.minecraft.stone_slab2":4756,"stat.pickup.minecraft.apple":1,"stat.useItem.minecraft.water_bucket":4,"stat.killEntity.Horse":2,"stat.pickup.techguns.item_bunkerdoor":4,"stat.killEntity.Chicken":2,"stat.useItem.minecraft.wheat_seeds":3,"stat.killEntity.techguns.ZombieMiner":3,"stat.useItem.minecraft.carrot":2,"stat.mobKills":14,"stat.flyOneCm":1339944,"stat.pickup.minecraft.wheat_seeds":10,"stat.pickup.minecraft.potato":7,"stat.playOneMinute":157720,"stat.pickup.minecraft.torch":6,"stat.sneakTime":4287,"stat.damageDealt":635,"stat.pickup.minecraft.redstone":1,"stat.timeSinceDeath":157720,"stat.killEntity.Cow":3,"stat.useItem.secretroomsmod.secret_redstone":3,"stat.killEntity.Pig":4}