<?xml version="1.0" encoding="UTF-8" standalone="no"?>
<galaxy>
    <star blackHole="false" name="Sol" numGasGiants="0" numPlanets="0" size="1.0" temp="100" x="0" y="0">
        <planet DIMID="0" dimMapping="" name="Earth">
            <isKnown>true</isKnown>
            <fogColor>1.0,1.0,1.0</fogColor>
            <skyColor>1.0,1.0,1.0</skyColor>
            <gravitationalMultiplier>100</gravitationalMultiplier>
            <orbitalDistance>100</orbitalDistance>
            <orbitalTheta>0</orbitalTheta>
            <orbitalPhi>0</orbitalPhi>
            <avgTemperature>287</avgTemperature>
            <rotationalPeriod>24000</rotationalPeriod>
            <atmosphereDensity>100</atmosphereDensity>
            <generateCraters>false</generateCraters>
            <generateVolcanos>false</generateVolcanos>
            <generateStructures>false</generateStructures>
            <generateGeodes>false</generateGeodes>
            <planet DIMID="3" name="Luna">
                <isKnown>false</isKnown>
                <fogColor>1.0,1.0,1.0</fogColor>
                <skyColor>1.0,1.0,1.0</skyColor>
                <gravitationalMultiplier>16</gravitationalMultiplier>
                <orbitalDistance>150</orbitalDistance>
                <orbitalTheta>0</orbitalTheta>
                <orbitalPhi>0</orbitalPhi>
                <avgTemperature>20</avgTemperature>
                <rotationalPeriod>128000</rotationalPeriod>
                <atmosphereDensity>0</atmosphereDensity>
                <generateCraters>true</generateCraters>
                <generateVolcanos>false</generateVolcanos>
                <generateStructures>false</generateStructures>
                <generateGeodes>false</generateGeodes>
                <craterFrequencyMultiplier>1.0</craterFrequencyMultiplier>
                <biomeIds>advancedrocketry:moon,advancedrocketry:moondark</biomeIds>
            </planet>
        </planet>
        <planet DIMID="17" name="Sol-17">
            <isKnown>false</isKnown>
            <fogColor>1.0,1.0,1.0</fogColor>
            <skyColor>0.8,0.5527648,0.6322979</skyColor>
            <gravitationalMultiplier>120</gravitationalMultiplier>
            <orbitalDistance>73</orbitalDistance>
            <orbitalTheta>132</orbitalTheta>
            <orbitalPhi>-9</orbitalPhi>
            <avgTemperature>299</avgTemperature>
            <rotationalPeriod>13888</rotationalPeriod>
            <atmosphereDensity>50</atmosphereDensity>
            <generateCraters>true</generateCraters>
            <generateVolcanos>false</generateVolcanos>
            <generateStructures>false</generateStructures>
            <generateGeodes>false</generateGeodes>
            <craterFrequencyMultiplier>1.0</craterFrequencyMultiplier>
            <biomeIds>advancedrocketry:marsh,minecraft:desert_hills,minecraft:savanna,minecraft:mesa_clear_rock,minecraft:frozen_ocean</biomeIds>
        </planet>
        <planet DIMID="18" name="Sol-18">
            <isKnown>false</isKnown>
            <fogColor>1.0,1.0,1.0</fogColor>
            <skyColor>0.8,0.6566415,0.72832453</skyColor>
            <gravitationalMultiplier>130</gravitationalMultiplier>
            <orbitalDistance>84</orbitalDistance>
            <orbitalTheta>135</orbitalTheta>
            <orbitalPhi>145</orbitalPhi>
            <avgTemperature>279</avgTemperature>
            <rotationalPeriod>10923</rotationalPeriod>
            <atmosphereDensity>19</atmosphereDensity>
            <generateCraters>true</generateCraters>
            <generateVolcanos>false</generateVolcanos>
            <generateStructures>false</generateStructures>
            <generateGeodes>false</generateGeodes>
            <craterFrequencyMultiplier>1.0</craterFrequencyMultiplier>
            <biomeIds>advancedrocketry:moon,advancedrocketry:moondark</biomeIds>
            <planet DIMID="19" name="Sol-18: 0">
                <isKnown>false</isKnown>
                <fogColor>1.0,1.0,1.0</fogColor>
                <skyColor>0.8,0.82215935,1.0</skyColor>
                <gravitationalMultiplier>54</gravitationalMultiplier>
                <orbitalDistance>168</orbitalDistance>
                <orbitalTheta>359</orbitalTheta>
                <orbitalPhi>30</orbitalPhi>
                <avgTemperature>197</avgTemperature>
                <rotationalPeriod>152415</rotationalPeriod>
                <atmosphereDensity>35</atmosphereDensity>
                <generateCraters>true</generateCraters>
                <generateVolcanos>false</generateVolcanos>
                <generateStructures>false</generateStructures>
                <generateGeodes>false</generateGeodes>
                <craterFrequencyMultiplier>1.0</craterFrequencyMultiplier>
                <biomeIds>minecraft:ice_flats</biomeIds>
            </planet>
            <planet DIMID="20" name="Sol-18: 1">
                <isKnown>false</isKnown>
                <fogColor>1.0,1.0,1.0</fogColor>
                <skyColor>0.8,0.66592824,0.8715165</skyColor>
                <gravitationalMultiplier>81</gravitationalMultiplier>
                <orbitalDistance>112</orbitalDistance>
                <orbitalTheta>353</orbitalTheta>
                <orbitalPhi>-236</orbitalPhi>
                <avgTemperature>241</avgTemperature>
                <rotationalPeriod>45160</rotationalPeriod>
                <atmosphereDensity>17</atmosphereDensity>
                <generateCraters>true</generateCraters>
                <generateVolcanos>false</generateVolcanos>
                <generateStructures>false</generateStructures>
                <generateGeodes>false</generateGeodes>
                <craterFrequencyMultiplier>1.0</craterFrequencyMultiplier>
                <seaLevel>77</seaLevel>
                <biomeIds>advancedrocketry:moon,advancedrocketry:moondark</biomeIds>
                <oceanBlock>advancedrocketry:oxygenfluid</oceanBlock>
            </planet>
        </planet>
        <planet DIMID="4" name="Sol-4">
            <isKnown>false</isKnown>
            <GasGiant>true</GasGiant>
            <gas>oxygen</gas>
            <gas>hydrogen</gas>
            <gas>nitrogen</gas>
            <fogColor>1.0,1.0,1.0</fogColor>
            <skyColor>1.0,1.0,1.0</skyColor>
            <gravitationalMultiplier>130</gravitationalMultiplier>
            <orbitalDistance>210</orbitalDistance>
            <orbitalTheta>0</orbitalTheta>
            <orbitalPhi>0</orbitalPhi>
            <avgTemperature>198</avgTemperature>
            <rotationalPeriod>24000</rotationalPeriod>
            <atmosphereDensity>184</atmosphereDensity>
            <generateCraters>false</generateCraters>
            <generateVolcanos>false</generateVolcanos>
            <generateStructures>false</generateStructures>
            <generateGeodes>false</generateGeodes>
            <planet DIMID="5" name="Sol-4: 0">
                <isKnown>false</isKnown>
                <fogColor>1.0,1.0,1.0</fogColor>
                <skyColor>0.8,0.85958654,0.9877464</skyColor>
                <gravitationalMultiplier>73</gravitationalMultiplier>
                <orbitalDistance>168</orbitalDistance>
                <orbitalTheta>346</orbitalTheta>
                <orbitalPhi>-256</orbitalPhi>
                <avgTemperature>197</avgTemperature>
                <rotationalPeriod>61693</rotationalPeriod>
                <atmosphereDensity>34</atmosphereDensity>
                <generateCraters>true</generateCraters>
                <generateVolcanos>false</generateVolcanos>
                <generateStructures>false</generateStructures>
                <generateGeodes>false</generateGeodes>
                <craterFrequencyMultiplier>1.0</craterFrequencyMultiplier>
                <biomeIds>minecraft:mutated_extreme_hills,minecraft:mutated_mesa_rock,wastelands:wasteland,minecraft:mutated_redwood_taiga,minecraft:birch_forest</biomeIds>
            </planet>
            <planet DIMID="6" name="Sol-4: 1">
                <isKnown>false</isKnown>
                <fogColor>1.0,1.0,1.0</fogColor>
                <skyColor>0.8,0.5258051,1.0</skyColor>
                <gravitationalMultiplier>41</gravitationalMultiplier>
                <orbitalDistance>189</orbitalDistance>
                <orbitalTheta>110</orbitalTheta>
                <orbitalPhi>127</orbitalPhi>
                <avgTemperature>186</avgTemperature>
                <rotationalPeriod>348224</rotationalPeriod>
                <atmosphereDensity>20</atmosphereDensity>
                <generateCraters>true</generateCraters>
                <generateVolcanos>false</generateVolcanos>
                <generateStructures>false</generateStructures>
                <generateGeodes>false</generateGeodes>
                <craterFrequencyMultiplier>1.0</craterFrequencyMultiplier>
                <biomeIds>advancedrocketry:moon,advancedrocketry:moondark</biomeIds>
            </planet>
            <planet DIMID="7" name="Sol-4: 2">
                <isKnown>false</isKnown>
                <fogColor>1.0,1.0,1.0</fogColor>
                <skyColor>0.8,0.7894528,0.9093178</skyColor>
                <gravitationalMultiplier>83</gravitationalMultiplier>
                <orbitalDistance>138</orbitalDistance>
                <orbitalTheta>160</orbitalTheta>
                <orbitalPhi>-89</orbitalPhi>
                <avgTemperature>217</avgTemperature>
                <rotationalPeriod>41973</rotationalPeriod>
                <atmosphereDensity>35</atmosphereDensity>
                <generateCraters>true</generateCraters>
                <generateVolcanos>false</generateVolcanos>
                <generateStructures>false</generateStructures>
                <generateGeodes>false</generateGeodes>
                <craterFrequencyMultiplier>1.0</craterFrequencyMultiplier>
                <seaLevel>65</seaLevel>
                <biomeIds>minecraft:jungle_hills,buildcraftenergy:oil_desert,minecraft:desert,minecraft:birch_forest_hills,minecraft:mutated_jungle</biomeIds>
            </planet>
            <planet DIMID="8" name="Sol-4: 3">
                <isKnown>false</isKnown>
                <fogColor>1.0,1.0,1.0</fogColor>
                <skyColor>0.8,0.90971756,0.86895883</skyColor>
                <gravitationalMultiplier>77</gravitationalMultiplier>
                <orbitalDistance>119</orbitalDistance>
                <orbitalTheta>333</orbitalTheta>
                <orbitalPhi>156</orbitalPhi>
                <avgTemperature>234</avgTemperature>
                <rotationalPeriod>52570</rotationalPeriod>
                <atmosphereDensity>13</atmosphereDensity>
                <generateCraters>true</generateCraters>
                <generateVolcanos>false</generateVolcanos>
                <generateStructures>false</generateStructures>
                <generateGeodes>false</generateGeodes>
                <craterFrequencyMultiplier>1.0</craterFrequencyMultiplier>
                <seaLevel>82</seaLevel>
                <biomeIds>advancedrocketry:moon,advancedrocketry:moondark</biomeIds>
                <oceanBlock>advancedrocketry:oxygenfluid</oceanBlock>
            </planet>
        </planet>
        <planet DIMID="21" name="Sol-21">
            <isKnown>false</isKnown>
            <fogColor>1.0,1.0,1.0</fogColor>
            <skyColor>0.8,0.8438512,0.8830507</skyColor>
            <gravitationalMultiplier>126</gravitationalMultiplier>
            <orbitalDistance>160</orbitalDistance>
            <orbitalTheta>5</orbitalTheta>
            <orbitalPhi>-160</orbitalPhi>
            <avgTemperature>227</avgTemperature>
            <rotationalPeriod>11997</rotationalPeriod>
            <atmosphereDensity>167</atmosphereDensity>
            <generateCraters>false</generateCraters>
            <generateVolcanos>false</generateVolcanos>
            <generateStructures>false</generateStructures>
            <generateGeodes>true</generateGeodes>
            <geodefrequencyMultiplier>1.0</geodefrequencyMultiplier>
            <biomeIds>nuclearcraft:nuclear_wasteland,minecraft:mutated_birch_forest,buildcraftenergy:oil_desert,minecraft:deep_ocean,minecraft:mutated_birch_forest_hills</biomeIds>
            <planet DIMID="22" name="Sol-21: 0">
                <isKnown>false</isKnown>
                <fogColor>1.0,1.0,1.0</fogColor>
                <skyColor>0.8,0.62122524,1.0</skyColor>
                <gravitationalMultiplier>49</gravitationalMultiplier>
                <orbitalDistance>162</orbitalDistance>
                <orbitalTheta>169</orbitalTheta>
                <orbitalPhi>-290</orbitalPhi>
                <avgTemperature>201</avgTemperature>
                <rotationalPeriod>203996</rotationalPeriod>
                <atmosphereDensity>18</atmosphereDensity>
                <generateCraters>true</generateCraters>
                <generateVolcanos>false</generateVolcanos>
                <generateStructures>false</generateStructures>
                <generateGeodes>false</generateGeodes>
                <craterFrequencyMultiplier>1.0</craterFrequencyMultiplier>
                <biomeIds>advancedrocketry:moon,advancedrocketry:moondark</biomeIds>
            </planet>
        </planet>
        <planet DIMID="23" name="Sol-23">
            <isKnown>false</isKnown>
            <fogColor>1.0,1.0,1.0</fogColor>
            <skyColor>0.8,0.75286186,0.83293253</skyColor>
            <gravitationalMultiplier>108</gravitationalMultiplier>
            <orbitalDistance>114</orbitalDistance>
            <orbitalTheta>21</orbitalTheta>
            <orbitalPhi>-324</orbitalPhi>
            <avgTemperature>239</avgTemperature>
            <rotationalPeriod>19051</rotationalPeriod>
            <atmosphereDensity>91</atmosphereDensity>
            <generateCraters>false</generateCraters>
            <generateVolcanos>false</generateVolcanos>
            <generateStructures>false</generateStructures>
            <generateGeodes>false</generateGeodes>
            <biomeIds>advancedrocketry:marsh,minecraft:jungle_hills,minecraft:mutated_redwood_taiga,minecraft:plains,minecraft:mutated_swampland</biomeIds>
            <planet DIMID="24" name="Sol-23: 0">
                <isKnown>false</isKnown>
                <fogColor>1.0,1.0,1.0</fogColor>
                <skyColor>0.8,0.8800024,0.783352</skyColor>
                <gravitationalMultiplier>68</gravitationalMultiplier>
                <orbitalDistance>97</orbitalDistance>
                <orbitalTheta>340</orbitalTheta>
                <orbitalPhi>86</orbitalPhi>
                <avgTemperature>259</avgTemperature>
                <rotationalPeriod>76328</rotationalPeriod>
                <atmosphereDensity>31</atmosphereDensity>
                <generateCraters>true</generateCraters>
                <generateVolcanos>false</generateVolcanos>
                <generateStructures>false</generateStructures>
                <generateGeodes>false</generateGeodes>
                <craterFrequencyMultiplier>1.0</craterFrequencyMultiplier>
                <biomeIds>advancedrocketry:crystalchasms</biomeIds>
            </planet>
            <planet DIMID="25" name="Sol-23: 1">
                <isKnown>false</isKnown>
                <fogColor>1.0,1.0,1.0</fogColor>
                <skyColor>0.8,0.9023725,0.920456</skyColor>
                <gravitationalMultiplier>30</gravitationalMultiplier>
                <orbitalDistance>149</orbitalDistance>
                <orbitalTheta>262</orbitalTheta>
                <orbitalPhi>-405</orbitalPhi>
                <avgTemperature>209</avgTemperature>
                <rotationalPeriod>888888</rotationalPeriod>
                <atmosphereDensity>16</atmosphereDensity>
                <generateCraters>true</generateCraters>
                <generateVolcanos>false</generateVolcanos>
                <generateStructures>false</generateStructures>
                <generateGeodes>false</generateGeodes>
                <craterFrequencyMultiplier>1.0</craterFrequencyMultiplier>
                <seaLevel>52</seaLevel>
                <biomeIds>advancedrocketry:moon,advancedrocketry:moondark</biomeIds>
            </planet>
            <planet DIMID="26" name="Sol-23: 2">
                <isKnown>false</isKnown>
                <fogColor>1.0,1.0,1.0</fogColor>
                <skyColor>0.8,0.81999785,0.93048334</skyColor>
                <gravitationalMultiplier>37</gravitationalMultiplier>
                <orbitalDistance>135</orbitalDistance>
                <orbitalTheta>52</orbitalTheta>
                <orbitalPhi>-111</orbitalPhi>
                <avgTemperature>220</avgTemperature>
                <rotationalPeriod>473812</rotationalPeriod>
                <atmosphereDensity>31</atmosphereDensity>
                <generateCraters>true</generateCraters>
                <generateVolcanos>false</generateVolcanos>
                <generateStructures>false</generateStructures>
                <generateGeodes>false</generateGeodes>
                <craterFrequencyMultiplier>1.0</craterFrequencyMultiplier>
                <biomeIds>minecraft:mutated_birch_forest_hills,minecraft:mesa_clear_rock,minecraft:birch_forest_hills,minecraft:mutated_roofed_forest,minecraft:desert</biomeIds>
            </planet>
        </planet>
        <planet DIMID="9" name="Sol-9">
            <isKnown>false</isKnown>
            <fogColor>1.0,1.0,1.0</fogColor>
            <skyColor>0.8,0.9784968,0.53317726</skyColor>
            <gravitationalMultiplier>130</gravitationalMultiplier>
            <orbitalDistance>79</orbitalDistance>
            <orbitalTheta>349</orbitalTheta>
            <orbitalPhi>147</orbitalPhi>
            <avgTemperature>323</avgTemperature>
            <rotationalPeriod>10923</rotationalPeriod>
            <atmosphereDensity>133</atmosphereDensity>
            <generateCraters>false</generateCraters>
            <generateVolcanos>false</generateVolcanos>
            <generateStructures>true</generateStructures>
            <generateGeodes>true</generateGeodes>
            <geodefrequencyMultiplier>1.0</geodefrequencyMultiplier>
            <seaLevel>76</seaLevel>
            <biomeIds>minecraft:jungle,minecraft:smaller_extreme_hills,minecraft:desert_hills,minecraft:mutated_savanna_rock,minecraft:mutated_jungle_edge</biomeIds>
        </planet>
        <planet DIMID="10" name="Sol-10">
            <isKnown>false</isKnown>
            <fogColor>1.0,1.0,1.0</fogColor>
            <skyColor>0.8,0.945124,0.93429285</skyColor>
            <gravitationalMultiplier>130</gravitationalMultiplier>
            <orbitalDistance>145</orbitalDistance>
            <orbitalTheta>75</orbitalTheta>
            <orbitalPhi>-159</orbitalPhi>
            <avgTemperature>212</avgTemperature>
            <rotationalPeriod>10923</rotationalPeriod>
            <atmosphereDensity>85</atmosphereDensity>
            <generateCraters>false</generateCraters>
            <generateVolcanos>false</generateVolcanos>
            <generateStructures>false</generateStructures>
            <generateGeodes>false</generateGeodes>
            <biomeIds>advancedrocketry:crystalchasms</biomeIds>
            <planet DIMID="11" name="Sol-10: 0">
                <isKnown>false</isKnown>
                <fogColor>1.0,1.0,1.0</fogColor>
                <skyColor>0.8,0.86344326,0.9388104</skyColor>
                <gravitationalMultiplier>48</gravitationalMultiplier>
                <orbitalDistance>124</orbitalDistance>
                <orbitalTheta>229</orbitalTheta>
                <orbitalPhi>-381</orbitalPhi>
                <avgTemperature>229</avgTemperature>
                <rotationalPeriod>217013</rotationalPeriod>
                <atmosphereDensity>33</atmosphereDensity>
                <generateCraters>true</generateCraters>
                <generateVolcanos>false</generateVolcanos>
                <generateStructures>false</generateStructures>
                <generateGeodes>false</generateGeodes>
                <craterFrequencyMultiplier>1.0</craterFrequencyMultiplier>
                <biomeIds>minecraft:ice_flats</biomeIds>
            </planet>
        </planet>
        <planet DIMID="27" name="Sol-27">
            <isKnown>false</isKnown>
            <fogColor>1.0,1.0,1.0</fogColor>
            <skyColor>0.8,0.8002027,0.0</skyColor>
            <gravitationalMultiplier>130</gravitationalMultiplier>
            <orbitalDistance>16</orbitalDistance>
            <orbitalTheta>336</orbitalTheta>
            <orbitalPhi>-225</orbitalPhi>
            <avgTemperature>639</avgTemperature>
            <rotationalPeriod>10923</rotationalPeriod>
            <atmosphereDensity>25</atmosphereDensity>
            <generateCraters>true</generateCraters>
            <generateVolcanos>true</generateVolcanos>
            <generateStructures>false</generateStructures>
            <generateGeodes>false</generateGeodes>
            <craterFrequencyMultiplier>1.0</craterFrequencyMultiplier>
            <volcanoFrequencyMultiplier>1.0</volcanoFrequencyMultiplier>
            <biomeIds>advancedrocketry:moon,advancedrocketry:moondark</biomeIds>
            <oceanBlock>minecraft:lava</oceanBlock>
        </planet>
        <planet DIMID="12" name="Sol-12">
            <isKnown>false</isKnown>
            <fogColor>1.0,1.0,1.0</fogColor>
            <skyColor>0.8,0.90354925,0.9171126</skyColor>
            <gravitationalMultiplier>130</gravitationalMultiplier>
            <orbitalDistance>122</orbitalDistance>
            <orbitalTheta>275</orbitalTheta>
            <orbitalPhi>116</orbitalPhi>
            <avgTemperature>231</avgTemperature>
            <rotationalPeriod>10923</rotationalPeriod>
            <atmosphereDensity>52</atmosphereDensity>
            <generateCraters>true</generateCraters>
            <generateVolcanos>false</generateVolcanos>
            <generateStructures>false</generateStructures>
            <generateGeodes>false</generateGeodes>
            <craterFrequencyMultiplier>1.0</craterFrequencyMultiplier>
            <biomeIds>minecraft:ice_flats</biomeIds>
            <planet DIMID="13" name="Sol-12: 0">
                <isKnown>false</isKnown>
                <fogColor>1.0,1.0,1.0</fogColor>
                <skyColor>0.8,0.92730725,0.91634506</skyColor>
                <gravitationalMultiplier>65</gravitationalMultiplier>
                <orbitalDistance>118</orbitalDistance>
                <orbitalTheta>227</orbitalTheta>
                <orbitalPhi>64</orbitalPhi>
                <avgTemperature>235</avgTemperature>
                <rotationalPeriod>87391</rotationalPeriod>
                <atmosphereDensity>36</atmosphereDensity>
                <generateCraters>true</generateCraters>
                <generateVolcanos>false</generateVolcanos>
                <generateStructures>false</generateStructures>
                <generateGeodes>false</generateGeodes>
                <craterFrequencyMultiplier>1.0</craterFrequencyMultiplier>
                <biomeIds>advancedrocketry:crystalchasms</biomeIds>
            </planet>
        </planet>
        <planet DIMID="14" name="Sol-14">
            <isKnown>false</isKnown>
            <fogColor>1.0,1.0,1.0</fogColor>
            <skyColor>0.8,0.719509,0.84972095</skyColor>
            <gravitationalMultiplier>121</gravitationalMultiplier>
            <orbitalDistance>137</orbitalDistance>
            <orbitalTheta>249</orbitalTheta>
            <orbitalPhi>102</orbitalPhi>
            <avgTemperature>245</avgTemperature>
            <rotationalPeriod>13547</rotationalPeriod>
            <atmosphereDensity>190</atmosphereDensity>
            <generateCraters>false</generateCraters>
            <generateVolcanos>false</generateVolcanos>
            <generateStructures>false</generateStructures>
            <generateGeodes>true</generateGeodes>
            <geodefrequencyMultiplier>1.0</geodefrequencyMultiplier>
            <biomeIds>advancedrocketry:crystalchasms</biomeIds>
            <planet DIMID="16" name="Sol-14: 1">
                <isKnown>false</isKnown>
                <fogColor>1.0,1.0,1.0</fogColor>
                <skyColor>0.8,0.59987175,0.94199234</skyColor>
                <gravitationalMultiplier>49</gravitationalMultiplier>
                <orbitalDistance>127</orbitalDistance>
                <orbitalTheta>292</orbitalTheta>
                <orbitalPhi>8</orbitalPhi>
                <avgTemperature>227</avgTemperature>
                <rotationalPeriod>203996</rotationalPeriod>
                <atmosphereDensity>21</atmosphereDensity>
                <generateCraters>true</generateCraters>
                <generateVolcanos>false</generateVolcanos>
                <generateStructures>false</generateStructures>
                <generateGeodes>false</generateGeodes>
                <craterFrequencyMultiplier>1.0</craterFrequencyMultiplier>
                <biomeIds>advancedrocketry:moon,advancedrocketry:moondark</biomeIds>
            </planet>
            <planet DIMID="15" name="Sol-14: 0">
                <isKnown>false</isKnown>
                <fogColor>1.0,1.0,1.0</fogColor>
                <skyColor>0.8,0.6294647,0.85770327</skyColor>
                <gravitationalMultiplier>40</gravitationalMultiplier>
                <orbitalDistance>122</orbitalDistance>
                <orbitalTheta>305</orbitalTheta>
                <orbitalPhi>-525</orbitalPhi>
                <avgTemperature>231</avgTemperature>
                <rotationalPeriod>375000</rotationalPeriod>
                <atmosphereDensity>22</atmosphereDensity>
                <generateCraters>true</generateCraters>
                <generateVolcanos>false</generateVolcanos>
                <generateStructures>false</generateStructures>
                <generateGeodes>false</generateGeodes>
                <craterFrequencyMultiplier>1.0</craterFrequencyMultiplier>
                <biomeIds>advancedrocketry:moon,advancedrocketry:moondark</biomeIds>
            </planet>
        </planet>
    </star>
    <star blackHole="false" name="Wolf 12" numGasGiants="0" numPlanets="0" size="1.0" temp="10" x="300" y="-200">
        <planet DIMID="33" name="Sol-33">
            <isKnown>false</isKnown>
            <fogColor>1.0,1.0,1.0</fogColor>
            <skyColor>0.34116107,0.9779783,1.0</skyColor>
            <gravitationalMultiplier>104</gravitationalMultiplier>
            <orbitalDistance>161</orbitalDistance>
            <orbitalTheta>325</orbitalTheta>
            <orbitalPhi>-189</orbitalPhi>
            <avgTemperature>20</avgTemperature>
            <rotationalPeriod>21335</rotationalPeriod>
            <atmosphereDensity>41</atmosphereDensity>
            <generateCraters>true</generateCraters>
            <generateVolcanos>false</generateVolcanos>
            <generateStructures>false</generateStructures>
            <generateGeodes>false</generateGeodes>
            <craterFrequencyMultiplier>1.0</craterFrequencyMultiplier>
            <biomeIds>minecraft:extreme_hills,advancedrocketry:oceanspires,minecraft:mutated_redwood_taiga,minecraft:mushroom_island_shore,minecraft:mutated_savanna_rock</biomeIds>
            <planet DIMID="34" name="Sol-33: 0">
                <isKnown>false</isKnown>
                <fogColor>1.0,1.0,1.0</fogColor>
                <skyColor>0.3127432,0.65013,1.0</skyColor>
                <gravitationalMultiplier>56</gravitationalMultiplier>
                <orbitalDistance>196</orbitalDistance>
                <orbitalTheta>16</orbitalTheta>
                <orbitalPhi>-288</orbitalPhi>
                <avgTemperature>18</avgTemperature>
                <rotationalPeriod>136661</rotationalPeriod>
                <atmosphereDensity>34</atmosphereDensity>
                <generateCraters>true</generateCraters>
                <generateVolcanos>false</generateVolcanos>
                <generateStructures>false</generateStructures>
                <generateGeodes>false</generateGeodes>
                <craterFrequencyMultiplier>1.0</craterFrequencyMultiplier>
                <biomeIds>minecraft:swampland,advancedrocketry:volcanicbarren,advancedrocketry:oceanspires,wastelands:wasteland city,minecraft:mushroom_island_shore</biomeIds>
            </planet>
        </planet>
        <planet DIMID="35" name="Sol-35">
            <isKnown>false</isKnown>
            <fogColor>1.0,1.0,1.0</fogColor>
            <skyColor>0.31573766,0.93707514,1.0</skyColor>
            <gravitationalMultiplier>108</gravitationalMultiplier>
            <orbitalDistance>118</orbitalDistance>
            <orbitalTheta>215</orbitalTheta>
            <orbitalPhi>-186</orbitalPhi>
            <avgTemperature>26</avgTemperature>
            <rotationalPeriod>19051</rotationalPeriod>
            <atmosphereDensity>135</atmosphereDensity>
            <generateCraters>false</generateCraters>
            <generateVolcanos>false</generateVolcanos>
            <generateStructures>false</generateStructures>
            <generateGeodes>true</generateGeodes>
            <geodefrequencyMultiplier>1.0</geodefrequencyMultiplier>
            <biomeIds>minecraft:forest,minecraft:mutated_plains,minecraft:swampland,minecraft:jungle_edge,randomthings:spectral</biomeIds>
            <planet DIMID="36" name="Sol-35: 0">
                <isKnown>false</isKnown>
                <fogColor>1.0,1.0,1.0</fogColor>
                <skyColor>0.28104293,0.9780266,1.0</skyColor>
                <gravitationalMultiplier>29</gravitationalMultiplier>
                <orbitalDistance>180</orbitalDistance>
                <orbitalTheta>50</orbitalTheta>
                <orbitalPhi>-53</orbitalPhi>
                <avgTemperature>19</avgTemperature>
                <rotationalPeriod>984050</rotationalPeriod>
                <atmosphereDensity>24</atmosphereDensity>
                <generateCraters>true</generateCraters>
                <generateVolcanos>false</generateVolcanos>
                <generateStructures>false</generateStructures>
                <generateGeodes>false</generateGeodes>
                <craterFrequencyMultiplier>1.0</craterFrequencyMultiplier>
                <biomeIds>advancedrocketry:moon,advancedrocketry:moondark</biomeIds>
            </planet>
            <planet DIMID="37" name="Sol-35: 1">
                <isKnown>false</isKnown>
                <fogColor>1.0,1.0,1.0</fogColor>
                <skyColor>0.2929467,0.8868593,1.0</skyColor>
                <gravitationalMultiplier>40</gravitationalMultiplier>
                <orbitalDistance>135</orbitalDistance>
                <orbitalTheta>167</orbitalTheta>
                <orbitalPhi>230</orbitalPhi>
                <avgTemperature>22</avgTemperature>
                <rotationalPeriod>375000</rotationalPeriod>
                <atmosphereDensity>22</atmosphereDensity>
                <generateCraters>true</generateCraters>
                <generateVolcanos>false</generateVolcanos>
                <generateStructures>false</generateStructures>
                <generateGeodes>false</generateGeodes>
                <craterFrequencyMultiplier>1.0</craterFrequencyMultiplier>
                <biomeIds>advancedrocketry:moon,advancedrocketry:moondark</biomeIds>
            </planet>
            <planet DIMID="38" name="Sol-35: 2">
                <isKnown>false</isKnown>
                <fogColor>1.0,1.0,1.0</fogColor>
                <skyColor>0.28301448,0.9294906,1.0</skyColor>
                <gravitationalMultiplier>34</gravitationalMultiplier>
                <orbitalDistance>127</orbitalDistance>
                <orbitalTheta>71</orbitalTheta>
                <orbitalPhi>-217</orbitalPhi>
                <avgTemperature>22</avgTemperature>
                <rotationalPeriod>610624</rotationalPeriod>
                <atmosphereDensity>22</atmosphereDensity>
                <generateCraters>true</generateCraters>
                <generateVolcanos>false</generateVolcanos>
                <generateStructures>false</generateStructures>
                <generateGeodes>false</generateGeodes>
                <craterFrequencyMultiplier>1.0</craterFrequencyMultiplier>
                <biomeIds>advancedrocketry:moon,advancedrocketry:moondark</biomeIds>
            </planet>
        </planet>
        <planet DIMID="39" name="Sol-39">
            <isKnown>false</isKnown>
            <fogColor>1.0,1.0,1.0</fogColor>
            <skyColor>0.3702228,0.55754054,1.0</skyColor>
            <gravitationalMultiplier>95</gravitationalMultiplier>
            <orbitalDistance>85</orbitalDistance>
            <orbitalTheta>116</orbitalTheta>
            <orbitalPhi>-216</orbitalPhi>
            <avgTemperature>31</avgTemperature>
            <rotationalPeriod>27992</rotationalPeriod>
            <atmosphereDensity>144</atmosphereDensity>
            <generateCraters>false</generateCraters>
            <generateVolcanos>false</generateVolcanos>
            <generateStructures>false</generateStructures>
            <generateGeodes>true</generateGeodes>
            <geodefrequencyMultiplier>1.0</geodefrequencyMultiplier>
            <biomeIds>minecraft:mutated_mesa_rock,minecraft:jungle_edge,minecraft:mutated_birch_forest,minecraft:mushroom_island,buildcraftenergy:oil_ocean</biomeIds>
        </planet>
        <planet DIMID="28" name="Sol-28">
            <isKnown>false</isKnown>
            <fogColor>1.0,1.0,1.0</fogColor>
            <skyColor>0.48926508,0.7395233,1.0</skyColor>
            <gravitationalMultiplier>126</gravitationalMultiplier>
            <orbitalDistance>22</orbitalDistance>
            <orbitalTheta>225</orbitalTheta>
            <orbitalPhi>-414</orbitalPhi>
            <avgTemperature>61</avgTemperature>
            <rotationalPeriod>11997</rotationalPeriod>
            <atmosphereDensity>164</atmosphereDensity>
            <generateCraters>false</generateCraters>
            <generateVolcanos>false</generateVolcanos>
            <generateStructures>false</generateStructures>
            <generateGeodes>true</generateGeodes>
            <geodefrequencyMultiplier>1.0</geodefrequencyMultiplier>
            <biomeIds>minecraft:mutated_extreme_hills_with_trees,minecraft:mutated_mesa,minecraft:jungle_hills,buildcraftenergy:oil_ocean,buildcraftenergy:oil_desert</biomeIds>
            <planet DIMID="29" name="Sol-28: 0">
                <isKnown>false</isKnown>
                <fogColor>1.0,1.0,1.0</fogColor>
                <skyColor>0.35521573,0.8054183,1.0</skyColor>
                <gravitationalMultiplier>56</gravitationalMultiplier>
                <orbitalDistance>172</orbitalDistance>
                <orbitalTheta>357</orbitalTheta>
                <orbitalPhi>-135</orbitalPhi>
                <avgTemperature>19</avgTemperature>
                <rotationalPeriod>136661</rotationalPeriod>
                <atmosphereDensity>16</atmosphereDensity>
                <generateCraters>true</generateCraters>
                <generateVolcanos>false</generateVolcanos>
                <generateStructures>false</generateStructures>
                <generateGeodes>false</generateGeodes>
                <craterFrequencyMultiplier>1.0</craterFrequencyMultiplier>
                <biomeIds>advancedrocketry:moon,advancedrocketry:moondark</biomeIds>
            </planet>
            <planet DIMID="30" name="Sol-28: 1">
                <isKnown>false</isKnown>
                <fogColor>1.0,1.0,1.0</fogColor>
                <skyColor>0.30778593,0.9537654,1.0</skyColor>
                <gravitationalMultiplier>64</gravitationalMultiplier>
                <orbitalDistance>123</orbitalDistance>
                <orbitalTheta>3</orbitalTheta>
                <orbitalPhi>-427</orbitalPhi>
                <avgTemperature>23</avgTemperature>
                <rotationalPeriod>91552</rotationalPeriod>
                <atmosphereDensity>13</atmosphereDensity>
                <generateCraters>true</generateCraters>
                <generateVolcanos>false</generateVolcanos>
                <generateStructures>false</generateStructures>
                <generateGeodes>false</generateGeodes>
                <craterFrequencyMultiplier>1.0</craterFrequencyMultiplier>
                <seaLevel>44</seaLevel>
                <biomeIds>advancedrocketry:moon,advancedrocketry:moondark</biomeIds>
            </planet>
        </planet>
        <planet DIMID="31" name="Sol-31">
            <isKnown>false</isKnown>
            <fogColor>1.0,1.0,1.0</fogColor>
            <skyColor>0.2918507,0.7087159,1.0</skyColor>
            <gravitationalMultiplier>130</gravitationalMultiplier>
            <orbitalDistance>102</orbitalDistance>
            <orbitalTheta>172</orbitalTheta>
            <orbitalPhi>-262</orbitalPhi>
            <avgTemperature>28</avgTemperature>
            <rotationalPeriod>10923</rotationalPeriod>
            <atmosphereDensity>129</atmosphereDensity>
            <generateCraters>false</generateCraters>
            <generateVolcanos>false</generateVolcanos>
            <generateStructures>false</generateStructures>
            <generateGeodes>true</generateGeodes>
            <geodefrequencyMultiplier>1.0</geodefrequencyMultiplier>
            <biomeIds>nuclearcraft:nuclear_wasteland,minecraft:jungle,wastelands:wasteland mountains,advancedrocketry:marsh,minecraft:mutated_mesa_clear_rock</biomeIds>
            <planet DIMID="32" name="Sol-31: 0">
                <isKnown>false</isKnown>
                <fogColor>1.0,1.0,1.0</fogColor>
                <skyColor>0.29930592,0.8936018,1.0</skyColor>
                <gravitationalMultiplier>55</gravitationalMultiplier>
                <orbitalDistance>159</orbitalDistance>
                <orbitalTheta>256</orbitalTheta>
                <orbitalPhi>-115</orbitalPhi>
                <avgTemperature>20</avgTemperature>
                <rotationalPeriod>144252</rotationalPeriod>
                <atmosphereDensity>18</atmosphereDensity>
                <generateCraters>true</generateCraters>
                <generateVolcanos>false</generateVolcanos>
                <generateStructures>false</generateStructures>
                <generateGeodes>false</generateGeodes>
                <craterFrequencyMultiplier>1.0</craterFrequencyMultiplier>
                <biomeIds>advancedrocketry:moon,advancedrocketry:moondark</biomeIds>
            </planet>
        </planet>
    </star>
    <star blackHole="false" name="Epsilon ire" numGasGiants="0" numPlanets="0" size="1.0" temp="170" x="-200" y="80">
        <planet DIMID="49" name="Sol-49">
            <isKnown>false</isKnown>
            <fogColor>1.0,1.0,1.0</fogColor>
            <skyColor>0.8,0.86510575,0.12549108</skyColor>
            <gravitationalMultiplier>105</gravitationalMultiplier>
            <orbitalDistance>154</orbitalDistance>
            <orbitalTheta>53</orbitalTheta>
            <orbitalPhi>-169</orbitalPhi>
            <avgTemperature>468</avgTemperature>
            <rotationalPeriod>20150</rotationalPeriod>
            <atmosphereDensity>202</atmosphereDensity>
            <generateCraters>false</generateCraters>
            <generateVolcanos>true</generateVolcanos>
            <generateStructures>false</generateStructures>
            <generateGeodes>true</generateGeodes>
            <volcanoFrequencyMultiplier>1.0</volcanoFrequencyMultiplier>
            <geodefrequencyMultiplier>1.0</geodefrequencyMultiplier>
            <biomeIds>advancedrocketry:hotdryrock,advancedrocketry:volcanic,advancedrocketry:volcanicbarren</biomeIds>
            <planet DIMID="50" name="Sol-49: 0">
                <isKnown>false</isKnown>
                <fogColor>1.0,1.0,1.0</fogColor>
                <skyColor>0.8,0.79806066,0.4747231</skyColor>
                <gravitationalMultiplier>32</gravitationalMultiplier>
                <orbitalDistance>143</orbitalDistance>
                <orbitalTheta>12</orbitalTheta>
                <orbitalPhi>75</orbitalPhi>
                <avgTemperature>363</avgTemperature>
                <rotationalPeriod>732421</rotationalPeriod>
                <atmosphereDensity>35</atmosphereDensity>
                <generateCraters>true</generateCraters>
                <generateVolcanos>false</generateVolcanos>
                <generateStructures>false</generateStructures>
                <generateGeodes>false</generateGeodes>
                <craterFrequencyMultiplier>1.0</craterFrequencyMultiplier>
                <biomeIds>advancedrocketry:volcanicbarren</biomeIds>
            </planet>
            <planet DIMID="51" name="Sol-49: 1">
                <isKnown>false</isKnown>
                <fogColor>1.0,1.0,1.0</fogColor>
                <skyColor>0.8,0.7671279,0.18599999</skyColor>
                <gravitationalMultiplier>45</gravitationalMultiplier>
                <orbitalDistance>102</orbitalDistance>
                <orbitalTheta>81</orbitalTheta>
                <orbitalPhi>-301</orbitalPhi>
                <avgTemperature>430</avgTemperature>
                <rotationalPeriod>263374</rotationalPeriod>
                <atmosphereDensity>18</atmosphereDensity>
                <generateCraters>true</generateCraters>
                <generateVolcanos>false</generateVolcanos>
                <generateStructures>false</generateStructures>
                <generateGeodes>false</generateGeodes>
                <craterFrequencyMultiplier>1.0</craterFrequencyMultiplier>
                <seaLevel>75</seaLevel>
                <biomeIds>advancedrocketry:moon,advancedrocketry:moondark</biomeIds>
                <oceanBlock>advancedrocketry:oxygenfluid</oceanBlock>
            </planet>
            <oceanBlock>minecraft:lava</oceanBlock>
        </planet>
        <planet DIMID="52" name="Sol-52">
            <isKnown>false</isKnown>
            <fogColor>1.0,1.0,1.0</fogColor>
            <skyColor>0.8,0.6522707,0.0</skyColor>
            <gravitationalMultiplier>120</gravitationalMultiplier>
            <orbitalDistance>16</orbitalDistance>
            <orbitalTheta>195</orbitalTheta>
            <orbitalPhi>-135</orbitalPhi>
            <avgTemperature>1223</avgTemperature>
            <rotationalPeriod>13888</rotationalPeriod>
            <atmosphereDensity>144</atmosphereDensity>
            <generateCraters>false</generateCraters>
            <generateVolcanos>true</generateVolcanos>
            <generateStructures>false</generateStructures>
            <generateGeodes>true</generateGeodes>
            <volcanoFrequencyMultiplier>1.0</volcanoFrequencyMultiplier>
            <geodefrequencyMultiplier>1.0</geodefrequencyMultiplier>
            <biomeIds>advancedrocketry:hotdryrock,advancedrocketry:volcanic,advancedrocketry:volcanicbarren</biomeIds>
            <planet DIMID="53" name="Sol-52: 0">
                <isKnown>false</isKnown>
                <fogColor>1.0,1.0,1.0</fogColor>
                <skyColor>0.8,0.64711225,0.43487495</skyColor>
                <gravitationalMultiplier>54</gravitationalMultiplier>
                <orbitalDistance>140</orbitalDistance>
                <orbitalTheta>99</orbitalTheta>
                <orbitalPhi>-64</orbitalPhi>
                <avgTemperature>367</avgTemperature>
                <rotationalPeriod>152415</rotationalPeriod>
                <atmosphereDensity>18</atmosphereDensity>
                <generateCraters>true</generateCraters>
                <generateVolcanos>false</generateVolcanos>
                <generateStructures>false</generateStructures>
                <generateGeodes>false</generateGeodes>
                <craterFrequencyMultiplier>1.0</craterFrequencyMultiplier>
                <biomeIds>advancedrocketry:moon,advancedrocketry:moondark</biomeIds>
            </planet>
            <oceanBlock>minecraft:lava</oceanBlock>
        </planet>
        <planet DIMID="54" name="Sol-54">
            <isKnown>false</isKnown>
            <fogColor>1.0,1.0,1.0</fogColor>
            <skyColor>0.8,0.7212113,0.4519266</skyColor>
            <gravitationalMultiplier>109</gravitationalMultiplier>
            <orbitalDistance>148</orbitalDistance>
            <orbitalTheta>66</orbitalTheta>
            <orbitalPhi>-123</orbitalPhi>
            <avgTemperature>357</avgTemperature>
            <rotationalPeriod>18532</rotationalPeriod>
            <atmosphereDensity>43</atmosphereDensity>
            <generateCraters>true</generateCraters>
            <generateVolcanos>false</generateVolcanos>
            <generateStructures>false</generateStructures>
            <generateGeodes>false</generateGeodes>
            <craterFrequencyMultiplier>1.0</craterFrequencyMultiplier>
            <biomeIds>minecraft:mutated_savanna_rock,minecraft:desert_hills,minecraft:mutated_mesa,minecraft:jungle_hills,minecraft:frozen_ocean</biomeIds>
        </planet>
        <planet DIMID="55" name="Sol-55">
            <isKnown>false</isKnown>
            <fogColor>1.0,1.0,1.0</fogColor>
            <skyColor>0.8,0.903052,0.16754955</skyColor>
            <gravitationalMultiplier>120</gravitationalMultiplier>
            <orbitalDistance>128</orbitalDistance>
            <orbitalTheta>132</orbitalTheta>
            <orbitalPhi>38</orbitalPhi>
            <avgTemperature>432</avgTemperature>
            <rotationalPeriod>13888</rotationalPeriod>
            <atmosphereDensity>126</atmosphereDensity>
            <generateCraters>false</generateCraters>
            <generateVolcanos>false</generateVolcanos>
            <generateStructures>true</generateStructures>
            <generateGeodes>true</generateGeodes>
            <geodefrequencyMultiplier>1.0</geodefrequencyMultiplier>
            <biomeIds>minecraft:mutated_jungle,minecraft:jungle,nuclearcraft:nuclear_wasteland,minecraft:savanna_rock,minecraft:mutated_mesa_clear_rock</biomeIds>
            <planet DIMID="56" name="Sol-55: 0">
                <isKnown>false</isKnown>
                <fogColor>1.0,1.0,1.0</fogColor>
                <skyColor>0.8,0.82253456,0.40256274</skyColor>
                <gravitationalMultiplier>36</gravitationalMultiplier>
                <orbitalDistance>127</orbitalDistance>
                <orbitalTheta>179</orbitalTheta>
                <orbitalPhi>-36</orbitalPhi>
                <avgTemperature>385</avgTemperature>
                <rotationalPeriod>514403</rotationalPeriod>
                <atmosphereDensity>13</atmosphereDensity>
                <generateCraters>true</generateCraters>
                <generateVolcanos>false</generateVolcanos>
                <generateStructures>false</generateStructures>
                <generateGeodes>false</generateGeodes>
                <craterFrequencyMultiplier>1.0</craterFrequencyMultiplier>
                <biomeIds>advancedrocketry:moon,advancedrocketry:moondark</biomeIds>
            </planet>
            <planet DIMID="57" name="Sol-55: 1">
                <isKnown>false</isKnown>
                <fogColor>1.0,1.0,1.0</fogColor>
                <skyColor>0.8,0.9863696,0.34066278</skyColor>
                <gravitationalMultiplier>58</gravitationalMultiplier>
                <orbitalDistance>114</orbitalDistance>
                <orbitalTheta>87</orbitalTheta>
                <orbitalPhi>160</orbitalPhi>
                <avgTemperature>407</avgTemperature>
                <rotationalPeriod>116857</rotationalPeriod>
                <atmosphereDensity>30</atmosphereDensity>
                <generateCraters>true</generateCraters>
                <generateVolcanos>false</generateVolcanos>
                <generateStructures>false</generateStructures>
                <generateGeodes>false</generateGeodes>
                <craterFrequencyMultiplier>1.0</craterFrequencyMultiplier>
                <biomeIds>buildcraftenergy:oil_desert,minecraft:mutated_mesa,minecraft:desert,nuclearcraft:nuclear_wasteland,advancedrocketry:marsh</biomeIds>
            </planet>
            <planet DIMID="58" name="Sol-55: 2">
                <isKnown>false</isKnown>
                <fogColor>1.0,1.0,1.0</fogColor>
                <skyColor>0.8,0.80259657,0.44004226</skyColor>
                <gravitationalMultiplier>52</gravitationalMultiplier>
                <orbitalDistance>142</orbitalDistance>
                <orbitalTheta>129</orbitalTheta>
                <orbitalPhi>197</orbitalPhi>
                <avgTemperature>364</avgTemperature>
                <rotationalPeriod>170687</rotationalPeriod>
                <atmosphereDensity>26</atmosphereDensity>
                <generateCraters>true</generateCraters>
                <generateVolcanos>false</generateVolcanos>
                <generateStructures>false</generateStructures>
                <generateGeodes>false</generateGeodes>
                <craterFrequencyMultiplier>1.0</craterFrequencyMultiplier>
                <biomeIds>minecraft:mutated_mesa_rock,advancedrocketry:oceanspires,minecraft:ocean,minecraft:frozen_ocean,minecraft:mutated_jungle_edge</biomeIds>
            </planet>
        </planet>
        <planet DIMID="40" name="Sol-40">
            <isKnown>false</isKnown>
            <fogColor>1.0,1.0,1.0</fogColor>
            <skyColor>0.8,0.715773,0.0</skyColor>
            <gravitationalMultiplier>102</gravitationalMultiplier>
            <orbitalDistance>96</orbitalDistance>
            <orbitalTheta>103</orbitalTheta>
            <orbitalPhi>-136</orbitalPhi>
            <avgTemperature>499</avgTemperature>
            <rotationalPeriod>22615</rotationalPeriod>
            <atmosphereDensity>172</atmosphereDensity>
            <generateCraters>false</generateCraters>
            <generateVolcanos>true</generateVolcanos>
            <generateStructures>false</generateStructures>
            <generateGeodes>true</generateGeodes>
            <volcanoFrequencyMultiplier>1.0</volcanoFrequencyMultiplier>
            <geodefrequencyMultiplier>1.0</geodefrequencyMultiplier>
            <biomeIds>advancedrocketry:hotdryrock,advancedrocketry:volcanic,advancedrocketry:volcanicbarren</biomeIds>
            <planet DIMID="41" name="Sol-40: 0">
                <isKnown>false</isKnown>
                <fogColor>1.0,1.0,1.0</fogColor>
                <skyColor>0.8,0.85356873,0.37891048</skyColor>
                <gravitationalMultiplier>39</gravitationalMultiplier>
                <orbitalDistance>126</orbitalDistance>
                <orbitalTheta>131</orbitalTheta>
                <orbitalPhi>-174</orbitalPhi>
                <avgTemperature>387</avgTemperature>
                <rotationalPeriod>404592</rotationalPeriod>
                <atmosphereDensity>33</atmosphereDensity>
                <generateCraters>true</generateCraters>
                <generateVolcanos>false</generateVolcanos>
                <generateStructures>false</generateStructures>
                <generateGeodes>false</generateGeodes>
                <craterFrequencyMultiplier>1.0</craterFrequencyMultiplier>
                <biomeIds>minecraft:jungle_edge,minecraft:desert_hills,minecraft:mutated_desert,advancedrocketry:oceanspires,advancedrocketry:marsh</biomeIds>
            </planet>
            <planet DIMID="42" name="Sol-40: 1">
                <isKnown>false</isKnown>
                <fogColor>1.0,1.0,1.0</fogColor>
                <skyColor>0.8,0.86026466,0.25969708</skyColor>
                <gravitationalMultiplier>57</gravitationalMultiplier>
                <orbitalDistance>103</orbitalDistance>
                <orbitalTheta>199</orbitalTheta>
                <orbitalPhi>-6</orbitalPhi>
                <avgTemperature>428</avgTemperature>
                <rotationalPeriod>129594</rotationalPeriod>
                <atmosphereDensity>17</atmosphereDensity>
                <generateCraters>true</generateCraters>
                <generateVolcanos>false</generateVolcanos>
                <generateStructures>false</generateStructures>
                <generateGeodes>false</generateGeodes>
                <craterFrequencyMultiplier>1.0</craterFrequencyMultiplier>
                <biomeIds>advancedrocketry:moon,advancedrocketry:moondark</biomeIds>
            </planet>
            <oceanBlock>minecraft:lava</oceanBlock>
        </planet>
        <planet DIMID="43" name="Sol-43">
            <isKnown>false</isKnown>
            <fogColor>1.0,1.0,1.0</fogColor>
            <skyColor>0.8,0.5081492,0.07860041</skyColor>
            <gravitationalMultiplier>130</gravitationalMultiplier>
            <orbitalDistance>82</orbitalDistance>
            <orbitalTheta>83</orbitalTheta>
            <orbitalPhi>-198</orbitalPhi>
            <avgTemperature>480</avgTemperature>
            <rotationalPeriod>10923</rotationalPeriod>
            <atmosphereDensity>77</atmosphereDensity>
            <generateCraters>false</generateCraters>
            <generateVolcanos>true</generateVolcanos>
            <generateStructures>false</generateStructures>
            <generateGeodes>false</generateGeodes>
            <volcanoFrequencyMultiplier>1.0</volcanoFrequencyMultiplier>
            <biomeIds>advancedrocketry:hotdryrock,advancedrocketry:volcanic,advancedrocketry:volcanicbarren</biomeIds>
            <planet DIMID="44" name="Sol-43: 0">
                <isKnown>false</isKnown>
                <fogColor>1.0,1.0,1.0</fogColor>
                <skyColor>0.8,0.64809334,0.55135226</skyColor>
                <gravitationalMultiplier>64</gravitationalMultiplier>
                <orbitalDistance>171</orbitalDistance>
                <orbitalTheta>32</orbitalTheta>
                <orbitalPhi>-33</orbitalPhi>
                <avgTemperature>332</avgTemperature>
                <rotationalPeriod>91552</rotationalPeriod>
                <atmosphereDensity>27</atmosphereDensity>
                <generateCraters>true</generateCraters>
                <generateVolcanos>false</generateVolcanos>
                <generateStructures>false</generateStructures>
                <generateGeodes>false</generateGeodes>
                <craterFrequencyMultiplier>1.0</craterFrequencyMultiplier>
                <seaLevel>70</seaLevel>
                <biomeIds>advancedrocketry:marsh,minecraft:jungle_hills,advancedrocketry:oceanspires,minecraft:mutated_mesa,minecraft:deep_ocean</biomeIds>
            </planet>
            <planet DIMID="45" name="Sol-43: 1">
                <isKnown>false</isKnown>
                <fogColor>1.0,1.0,1.0</fogColor>
                <skyColor>0.8,0.7934233,0.24643666</skyColor>
                <gravitationalMultiplier>58</gravitationalMultiplier>
                <orbitalDistance>109</orbitalDistance>
                <orbitalTheta>181</orbitalTheta>
                <orbitalPhi>-273</orbitalPhi>
                <avgTemperature>416</avgTemperature>
                <rotationalPeriod>116857</rotationalPeriod>
                <atmosphereDensity>24</atmosphereDensity>
                <generateCraters>true</generateCraters>
                <generateVolcanos>false</generateVolcanos>
                <generateStructures>false</generateStructures>
                <generateGeodes>false</generateGeodes>
                <craterFrequencyMultiplier>1.0</craterFrequencyMultiplier>
                <biomeIds>advancedrocketry:moon,advancedrocketry:moondark</biomeIds>
            </planet>
            <planet DIMID="46" name="Sol-43: 2">
                <isKnown>false</isKnown>
                <fogColor>1.0,1.0,1.0</fogColor>
                <skyColor>0.8,0.6769579,0.4603591</skyColor>
                <gravitationalMultiplier>87</gravitationalMultiplier>
                <orbitalDistance>145</orbitalDistance>
                <orbitalTheta>56</orbitalTheta>
                <orbitalPhi>-152</orbitalPhi>
                <avgTemperature>361</avgTemperature>
                <rotationalPeriod>36446</rotationalPeriod>
                <atmosphereDensity>26</atmosphereDensity>
                <generateCraters>true</generateCraters>
                <generateVolcanos>false</generateVolcanos>
                <generateStructures>false</generateStructures>
                <generateGeodes>false</generateGeodes>
                <craterFrequencyMultiplier>1.0</craterFrequencyMultiplier>
                <biomeIds>minecraft:mutated_jungle,minecraft:mutated_mesa_rock,minecraft:ocean,minecraft:mutated_savanna,minecraft:mutated_mesa_clear_rock</biomeIds>
            </planet>
            <oceanBlock>minecraft:lava</oceanBlock>
        </planet>
        <planet DIMID="47" name="Sol-47">
            <isKnown>false</isKnown>
            <fogColor>1.0,1.0,1.0</fogColor>
            <skyColor>0.8,0.87829685,0.6125795</skyColor>
            <gravitationalMultiplier>130</gravitationalMultiplier>
            <orbitalDistance>202</orbitalDistance>
            <orbitalTheta>331</orbitalTheta>
            <orbitalPhi>40</orbitalPhi>
            <avgTemperature>306</avgTemperature>
            <rotationalPeriod>10923</rotationalPeriod>
            <atmosphereDensity>57</atmosphereDensity>
            <generateCraters>true</generateCraters>
            <generateVolcanos>false</generateVolcanos>
            <generateStructures>false</generateStructures>
            <generateGeodes>false</generateGeodes>
            <craterFrequencyMultiplier>1.0</craterFrequencyMultiplier>
            <biomeIds>minecraft:mutated_savanna_rock,wastelands:wasteland city,minecraft:jungle_hills,advancedrocketry:oceanspires,minecraft:savanna</biomeIds>
            <planet DIMID="48" name="Sol-47: 0">
                <isKnown>false</isKnown>
                <fogColor>1.0,1.0,1.0</fogColor>
                <skyColor>0.8,0.93575597,0.54592633</skyColor>
                <gravitationalMultiplier>48</gravitationalMultiplier>
                <orbitalDistance>171</orbitalDistance>
                <orbitalTheta>132</orbitalTheta>
                <orbitalPhi>374</orbitalPhi>
                <avgTemperature>332</avgTemperature>
                <rotationalPeriod>217013</rotationalPeriod>
                <atmosphereDensity>23</atmosphereDensity>
                <generateCraters>true</generateCraters>
                <generateVolcanos>false</generateVolcanos>
                <generateStructures>false</generateStructures>
                <generateGeodes>false</generateGeodes>
                <craterFrequencyMultiplier>1.0</craterFrequencyMultiplier>
                <biomeIds>advancedrocketry:moon,advancedrocketry:moondark</biomeIds>
            </planet>
        </planet>
    </star>
    <star blackHole="false" name="Proxima Centaurs" numGasGiants="0" numPlanets="0" size="1.0" temp="200" x="-150" y="250">
        <planet DIMID="59" name="Sol-59">
            <isKnown>false</isKnown>
            <fogColor>1.0,1.0,1.0</fogColor>
            <skyColor>0.8,0.7101186,0.0</skyColor>
            <gravitationalMultiplier>98</gravitationalMultiplier>
            <orbitalDistance>12</orbitalDistance>
            <orbitalTheta>326</orbitalTheta>
            <orbitalPhi>7</orbitalPhi>
            <avgTemperature>1661</avgTemperature>
            <rotationalPeriod>25499</rotationalPeriod>
            <atmosphereDensity>149</atmosphereDensity>
            <generateCraters>false</generateCraters>
            <generateVolcanos>true</generateVolcanos>
            <generateStructures>false</generateStructures>
            <generateGeodes>true</generateGeodes>
            <volcanoFrequencyMultiplier>1.0</volcanoFrequencyMultiplier>
            <geodefrequencyMultiplier>1.0</geodefrequencyMultiplier>
            <biomeIds>advancedrocketry:hotdryrock,advancedrocketry:volcanic,advancedrocketry:volcanicbarren</biomeIds>
            <oceanBlock>minecraft:lava</oceanBlock>
        </planet>
        <planet DIMID="60" name="Sol-60">
            <isKnown>false</isKnown>
            <fogColor>1.0,1.0,1.0</fogColor>
            <skyColor>0.8,0.76972055,0.023219347</skyColor>
            <gravitationalMultiplier>130</gravitationalMultiplier>
            <orbitalDistance>133</orbitalDistance>
            <orbitalTheta>3</orbitalTheta>
            <orbitalPhi>-483</orbitalPhi>
            <avgTemperature>499</avgTemperature>
            <rotationalPeriod>10923</rotationalPeriod>
            <atmosphereDensity>112</atmosphereDensity>
            <generateCraters>false</generateCraters>
            <generateVolcanos>true</generateVolcanos>
            <generateStructures>false</generateStructures>
            <generateGeodes>false</generateGeodes>
            <volcanoFrequencyMultiplier>1.0</volcanoFrequencyMultiplier>
            <biomeIds>advancedrocketry:hotdryrock,advancedrocketry:volcanic,advancedrocketry:volcanicbarren</biomeIds>
            <planet DIMID="61" name="Sol-60: 0">
                <isKnown>false</isKnown>
                <fogColor>1.0,1.0,1.0</fogColor>
                <skyColor>0.8,0.654873,0.28776973</skyColor>
                <gravitationalMultiplier>86</gravitationalMultiplier>
                <orbitalDistance>161</orbitalDistance>
                <orbitalTheta>24</orbitalTheta>
                <orbitalPhi>94</orbitalPhi>
                <avgTemperature>403</avgTemperature>
                <rotationalPeriod>37732</rotationalPeriod>
                <atmosphereDensity>24</atmosphereDensity>
                <generateCraters>true</generateCraters>
                <generateVolcanos>false</generateVolcanos>
                <generateStructures>false</generateStructures>
                <generateGeodes>false</generateGeodes>
                <craterFrequencyMultiplier>1.0</craterFrequencyMultiplier>
                <biomeIds>advancedrocketry:moon,advancedrocketry:moondark</biomeIds>
            </planet>
            <planet DIMID="62" name="Sol-60: 1">
                <isKnown>false</isKnown>
                <fogColor>1.0,1.0,1.0</fogColor>
                <skyColor>0.8,0.78933537,0.0</skyColor>
                <gravitationalMultiplier>55</gravitationalMultiplier>
                <orbitalDistance>108</orbitalDistance>
                <orbitalTheta>140</orbitalTheta>
                <orbitalPhi>-142</orbitalPhi>
                <avgTemperature>492</avgTemperature>
                <rotationalPeriod>144252</rotationalPeriod>
                <atmosphereDensity>24</atmosphereDensity>
                <generateCraters>true</generateCraters>
                <generateVolcanos>true</generateVolcanos>
                <generateStructures>false</generateStructures>
                <generateGeodes>false</generateGeodes>
                <craterFrequencyMultiplier>1.0</craterFrequencyMultiplier>
                <volcanoFrequencyMultiplier>1.0</volcanoFrequencyMultiplier>
                <biomeIds>advancedrocketry:moon,advancedrocketry:moondark</biomeIds>
                <oceanBlock>minecraft:lava</oceanBlock>
            </planet>
            <oceanBlock>minecraft:lava</oceanBlock>
        </planet>
        <planet DIMID="63" name="Sol-63">
            <isKnown>false</isKnown>
            <fogColor>1.0,1.0,1.0</fogColor>
            <skyColor>0.8,0.58965176,0.1310144</skyColor>
            <gravitationalMultiplier>128</gravitationalMultiplier>
            <orbitalDistance>128</orbitalDistance>
            <orbitalTheta>17</orbitalTheta>
            <orbitalPhi>14</orbitalPhi>
            <avgTemperature>452</avgTemperature>
            <rotationalPeriod>11444</rotationalPeriod>
            <atmosphereDensity>52</atmosphereDensity>
            <generateCraters>true</generateCraters>
            <generateVolcanos>true</generateVolcanos>
            <generateStructures>false</generateStructures>
            <generateGeodes>false</generateGeodes>
            <craterFrequencyMultiplier>1.0</craterFrequencyMultiplier>
            <volcanoFrequencyMultiplier>1.0</volcanoFrequencyMultiplier>
            <biomeIds>advancedrocketry:hotdryrock,advancedrocketry:volcanic,advancedrocketry:volcanicbarren</biomeIds>
            <oceanBlock>minecraft:lava</oceanBlock>
        </planet>
    </star>
    <star blackHole="false" name="Magnis Vulpes" numGasGiants="0" numPlanets="0" size="1.0" temp="70" x="-150" y="-250">
        <planet DIMID="64" name="Sol-64">
            <isKnown>false</isKnown>
            <fogColor>1.0,1.0,1.0</fogColor>
            <skyColor>0.8,0.81923294,0.70162916</skyColor>
            <gravitationalMultiplier>130</gravitationalMultiplier>
            <orbitalDistance>50</orbitalDistance>
            <orbitalTheta>289</orbitalTheta>
            <orbitalPhi>-395</orbitalPhi>
            <avgTemperature>284</avgTemperature>
            <rotationalPeriod>10923</rotationalPeriod>
            <atmosphereDensity>153</atmosphereDensity>
            <generateCraters>false</generateCraters>
            <generateVolcanos>false</generateVolcanos>
            <generateStructures>true</generateStructures>
            <generateGeodes>true</generateGeodes>
            <geodefrequencyMultiplier>1.0</geodefrequencyMultiplier>
            <biomeIds>minecraft:mutated_forest,wastelands:wasteland desert,minecraft:desert,advancedrocketry:oceanspires,wastelands:wasteland city</biomeIds>
            <planet DIMID="65" name="Sol-64: 0">
                <isKnown>false</isKnown>
                <fogColor>1.0,1.0,1.0</fogColor>
                <skyColor>0.6694508,0.7820626,1.0</skyColor>
                <gravitationalMultiplier>66</gravitationalMultiplier>
                <orbitalDistance>163</orbitalDistance>
                <orbitalTheta>294</orbitalTheta>
                <orbitalPhi>-103</orbitalPhi>
                <avgTemperature>140</avgTemperature>
                <rotationalPeriod>83479</rotationalPeriod>
                <atmosphereDensity>20</atmosphereDensity>
                <generateCraters>true</generateCraters>
                <generateVolcanos>false</generateVolcanos>
                <generateStructures>false</generateStructures>
                <generateGeodes>false</generateGeodes>
                <craterFrequencyMultiplier>1.0</craterFrequencyMultiplier>
                <biomeIds>advancedrocketry:moon,advancedrocketry:moondark</biomeIds>
            </planet>
            <planet DIMID="66" name="Sol-64: 1">
                <isKnown>false</isKnown>
                <fogColor>1.0,1.0,1.0</fogColor>
                <skyColor>0.7559045,0.6907109,1.0</skyColor>
                <gravitationalMultiplier>81</gravitationalMultiplier>
                <orbitalDistance>133</orbitalDistance>
                <orbitalTheta>51</orbitalTheta>
                <orbitalPhi>-134</orbitalPhi>
                <avgTemperature>155</avgTemperature>
                <rotationalPeriod>45160</rotationalPeriod>
                <atmosphereDensity>18</atmosphereDensity>
                <generateCraters>true</generateCraters>
                <generateVolcanos>false</generateVolcanos>
                <generateStructures>false</generateStructures>
                <generateGeodes>false</generateGeodes>
                <craterFrequencyMultiplier>1.0</craterFrequencyMultiplier>
                <biomeIds>advancedrocketry:moon,advancedrocketry:moondark</biomeIds>
            </planet>
        </planet>
        <planet DIMID="67" name="Sol-67">
            <isKnown>false</isKnown>
            <fogColor>1.0,1.0,1.0</fogColor>
            <skyColor>0.8,0.906026,1.0</skyColor>
            <gravitationalMultiplier>130</gravitationalMultiplier>
            <orbitalDistance>99</orbitalDistance>
            <orbitalTheta>285</orbitalTheta>
            <orbitalPhi>-48</orbitalPhi>
            <avgTemperature>179</avgTemperature>
            <rotationalPeriod>10923</rotationalPeriod>
            <atmosphereDensity>91</atmosphereDensity>
            <generateCraters>false</generateCraters>
            <generateVolcanos>false</generateVolcanos>
            <generateStructures>false</generateStructures>
            <generateGeodes>false</generateGeodes>
            <biomeIds>advancedrocketry:crystalchasms</biomeIds>
            <planet DIMID="68" name="Sol-67: 0">
                <isKnown>false</isKnown>
                <fogColor>1.0,1.0,1.0</fogColor>
                <skyColor>0.741897,0.6991524,1.0</skyColor>
                <gravitationalMultiplier>72</gravitationalMultiplier>
                <orbitalDistance>163</orbitalDistance>
                <orbitalTheta>87</orbitalTheta>
                <orbitalPhi>2</orbitalPhi>
                <avgTemperature>140</avgTemperature>
                <rotationalPeriod>64300</rotationalPeriod>
                <atmosphereDensity>27</atmosphereDensity>
                <generateCraters>true</generateCraters>
                <generateVolcanos>false</generateVolcanos>
                <generateStructures>false</generateStructures>
                <generateGeodes>false</generateGeodes>
                <craterFrequencyMultiplier>1.0</craterFrequencyMultiplier>
                <biomeIds>minecraft:mutated_mesa_rock,advancedrocketry:volcanicbarren,minecraft:birch_forest_hills,minecraft:desert_hills,minecraft:savanna_rock</biomeIds>
            </planet>
        </planet>
    </star>
    <star blackHole="false" name="Ma-Roo" numGasGiants="0" numPlanets="0" size="1.0" temp="200" x="50" y="-250">
        <planet DIMID="80" name="Sol-80">
            <isKnown>false</isKnown>
            <fogColor>1.0,1.0,1.0</fogColor>
            <skyColor>0.8,0.987841,0.0</skyColor>
            <gravitationalMultiplier>130</gravitationalMultiplier>
            <orbitalDistance>105</orbitalDistance>
            <orbitalTheta>92</orbitalTheta>
            <orbitalPhi>-292</orbitalPhi>
            <avgTemperature>499</avgTemperature>
            <rotationalPeriod>10923</rotationalPeriod>
            <atmosphereDensity>0</atmosphereDensity>
            <generateCraters>true</generateCraters>
            <generateVolcanos>true</generateVolcanos>
            <generateStructures>false</generateStructures>
            <generateGeodes>false</generateGeodes>
            <craterFrequencyMultiplier>1.0</craterFrequencyMultiplier>
            <volcanoFrequencyMultiplier>1.0</volcanoFrequencyMultiplier>
            <biomeIds>advancedrocketry:moon,advancedrocketry:moondark</biomeIds>
            <planet DIMID="81" name="Sol-80: 0">
                <isKnown>false</isKnown>
                <fogColor>1.0,1.0,1.0</fogColor>
                <skyColor>0.8,0.82105505,0.34255755</skyColor>
                <gravitationalMultiplier>45</gravitationalMultiplier>
                <orbitalDistance>180</orbitalDistance>
                <orbitalTheta>99</orbitalTheta>
                <orbitalPhi>-418</orbitalPhi>
                <avgTemperature>381</avgTemperature>
                <rotationalPeriod>263374</rotationalPeriod>
                <atmosphereDensity>16</atmosphereDensity>
                <generateCraters>true</generateCraters>
                <generateVolcanos>false</generateVolcanos>
                <generateStructures>false</generateStructures>
                <generateGeodes>false</generateGeodes>
                <craterFrequencyMultiplier>1.0</craterFrequencyMultiplier>
                <biomeIds>advancedrocketry:moon,advancedrocketry:moondark</biomeIds>
            </planet>
            <planet DIMID="82" name="Sol-80: 1">
                <isKnown>false</isKnown>
                <fogColor>1.0,1.0,1.0</fogColor>
                <skyColor>0.8,0.7571794,0.0053589344</skyColor>
                <gravitationalMultiplier>82</gravitationalMultiplier>
                <orbitalDistance>109</orbitalDistance>
                <orbitalTheta>34</orbitalTheta>
                <orbitalPhi>35</orbitalPhi>
                <avgTemperature>490</avgTemperature>
                <rotationalPeriod>43528</rotationalPeriod>
                <atmosphereDensity>34</atmosphereDensity>
                <generateCraters>true</generateCraters>
                <generateVolcanos>true</generateVolcanos>
                <generateStructures>false</generateStructures>
                <generateGeodes>false</generateGeodes>
                <craterFrequencyMultiplier>1.0</craterFrequencyMultiplier>
                <volcanoFrequencyMultiplier>1.0</volcanoFrequencyMultiplier>
                <biomeIds>advancedrocketry:hotdryrock,advancedrocketry:volcanic,advancedrocketry:volcanicbarren</biomeIds>
                <oceanBlock>minecraft:lava</oceanBlock>
            </planet>
            <oceanBlock>minecraft:lava</oceanBlock>
        </planet>
        <planet DIMID="69" name="Sol-69">
            <isKnown>false</isKnown>
            <fogColor>1.0,1.0,1.0</fogColor>
            <skyColor>0.8,0.9154885,0.0</skyColor>
            <gravitationalMultiplier>130</gravitationalMultiplier>
            <orbitalDistance>26</orbitalDistance>
            <orbitalTheta>24</orbitalTheta>
            <orbitalPhi>169</orbitalPhi>
            <avgTemperature>1128</avgTemperature>
            <rotationalPeriod>10923</rotationalPeriod>
            <atmosphereDensity>190</atmosphereDensity>
            <generateCraters>false</generateCraters>
            <generateVolcanos>true</generateVolcanos>
            <generateStructures>false</generateStructures>
            <generateGeodes>true</generateGeodes>
            <volcanoFrequencyMultiplier>1.0</volcanoFrequencyMultiplier>
            <geodefrequencyMultiplier>1.0</geodefrequencyMultiplier>
            <biomeIds>advancedrocketry:hotdryrock,advancedrocketry:volcanic,advancedrocketry:volcanicbarren</biomeIds>
            <planet DIMID="70" name="Sol-69: 0">
                <isKnown>false</isKnown>
                <fogColor>1.0,1.0,1.0</fogColor>
                <skyColor>0.8,0.55963624,0.103859484</skyColor>
                <gravitationalMultiplier>40</gravitationalMultiplier>
                <orbitalDistance>120</orbitalDistance>
                <orbitalTheta>301</orbitalTheta>
                <orbitalPhi>-44</orbitalPhi>
                <avgTemperature>467</avgTemperature>
                <rotationalPeriod>375000</rotationalPeriod>
                <atmosphereDensity>23</atmosphereDensity>
                <generateCraters>true</generateCraters>
                <generateVolcanos>true</generateVolcanos>
                <generateStructures>false</generateStructures>
                <generateGeodes>false</generateGeodes>
                <craterFrequencyMultiplier>1.0</craterFrequencyMultiplier>
                <volcanoFrequencyMultiplier>1.0</volcanoFrequencyMultiplier>
                <biomeIds>advancedrocketry:moon,advancedrocketry:moondark</biomeIds>
                <oceanBlock>minecraft:lava</oceanBlock>
            </planet>
            <planet DIMID="71" name="Sol-69: 1">
                <isKnown>false</isKnown>
                <fogColor>1.0,1.0,1.0</fogColor>
                <skyColor>0.8,0.8204922,0.0</skyColor>
                <gravitationalMultiplier>76</gravitationalMultiplier>
                <orbitalDistance>102</orbitalDistance>
                <orbitalTheta>195</orbitalTheta>
                <orbitalPhi>176</orbitalPhi>
                <avgTemperature>506</avgTemperature>
                <rotationalPeriod>54672</rotationalPeriod>
                <atmosphereDensity>25</atmosphereDensity>
                <generateCraters>true</generateCraters>
                <generateVolcanos>true</generateVolcanos>
                <generateStructures>false</generateStructures>
                <generateGeodes>false</generateGeodes>
                <craterFrequencyMultiplier>1.0</craterFrequencyMultiplier>
                <volcanoFrequencyMultiplier>1.0</volcanoFrequencyMultiplier>
                <seaLevel>64</seaLevel>
                <biomeIds>advancedrocketry:moon,advancedrocketry:moondark</biomeIds>
                <oceanBlock>minecraft:lava</oceanBlock>
            </planet>
            <oceanBlock>minecraft:lava</oceanBlock>
        </planet>
        <planet DIMID="72" name="Sol-72">
            <isKnown>false</isKnown>
            <fogColor>1.0,1.0,1.0</fogColor>
            <skyColor>0.8,0.9118558,0.2176919</skyColor>
            <gravitationalMultiplier>119</gravitationalMultiplier>
            <orbitalDistance>174</orbitalDistance>
            <orbitalTheta>333</orbitalTheta>
            <orbitalPhi>-374</orbitalPhi>
            <avgTemperature>436</avgTemperature>
            <rotationalPeriod>14241</rotationalPeriod>
            <atmosphereDensity>118</atmosphereDensity>
            <generateCraters>false</generateCraters>
            <generateVolcanos>false</generateVolcanos>
            <generateStructures>true</generateStructures>
            <generateGeodes>false</generateGeodes>
            <biomeIds>advancedrocketry:volcanicbarren</biomeIds>
            <planet DIMID="73" name="Sol-72: 0">
                <isKnown>false</isKnown>
                <fogColor>1.0,1.0,1.0</fogColor>
                <skyColor>0.8,0.85755885,0.38453662</skyColor>
                <gravitationalMultiplier>61</gravitationalMultiplier>
                <orbitalDistance>190</orbitalDistance>
                <orbitalTheta>61</orbitalTheta>
                <orbitalPhi>-22</orbitalPhi>
                <avgTemperature>371</avgTemperature>
                <rotationalPeriod>105735</rotationalPeriod>
                <atmosphereDensity>26</atmosphereDensity>
                <generateCraters>true</generateCraters>
                <generateVolcanos>false</generateVolcanos>
                <generateStructures>false</generateStructures>
                <generateGeodes>false</generateGeodes>
                <craterFrequencyMultiplier>1.0</craterFrequencyMultiplier>
                <biomeIds>minecraft:extreme_hills</biomeIds>
            </planet>
            <planet DIMID="74" name="Sol-72: 1">
                <isKnown>false</isKnown>
                <fogColor>1.0,1.0,1.0</fogColor>
                <skyColor>0.8,0.82432365,0.4391557</skyColor>
                <gravitationalMultiplier>62</gravitationalMultiplier>
                <orbitalDistance>195</orbitalDistance>
                <orbitalTheta>42</orbitalTheta>
                <orbitalPhi>-1</orbitalPhi>
                <avgTemperature>366</avgTemperature>
                <rotationalPeriod>100701</rotationalPeriod>
                <atmosphereDensity>26</atmosphereDensity>
                <generateCraters>true</generateCraters>
                <generateVolcanos>false</generateVolcanos>
                <generateStructures>false</generateStructures>
                <generateGeodes>false</generateGeodes>
                <craterFrequencyMultiplier>1.0</craterFrequencyMultiplier>
                <biomeIds>buildcraftenergy:oil_desert,minecraft:deep_ocean,minecraft:mutated_jungle,minecraft:mutated_mesa,minecraft:mutated_desert</biomeIds>
            </planet>
        </planet>
        <planet DIMID="75" name="Sol-75">
            <isKnown>false</isKnown>
            <fogColor>1.0,1.0,1.0</fogColor>
            <skyColor>0.8,0.6030559,0.46307862</skyColor>
            <gravitationalMultiplier>90</gravitationalMultiplier>
            <orbitalDistance>209</orbitalDistance>
            <orbitalTheta>87</orbitalTheta>
            <orbitalPhi>366</orbitalPhi>
            <avgTemperature>353</avgTemperature>
            <rotationalPeriod>32921</rotationalPeriod>
            <atmosphereDensity>28</atmosphereDensity>
            <generateCraters>true</generateCraters>
            <generateVolcanos>false</generateVolcanos>
            <generateStructures>false</generateStructures>
            <generateGeodes>false</generateGeodes>
            <craterFrequencyMultiplier>1.0</craterFrequencyMultiplier>
            <biomeIds>advancedrocketry:volcanicbarren</biomeIds>
        </planet>
        <planet DIMID="76" name="Sol-76">
            <isKnown>false</isKnown>
            <fogColor>1.0,1.0,1.0</fogColor>
            <skyColor>0.8,0.87347305,0.0</skyColor>
            <gravitationalMultiplier>110</gravitationalMultiplier>
            <orbitalDistance>113</orbitalDistance>
            <orbitalTheta>49</orbitalTheta>
            <orbitalPhi>-108</orbitalPhi>
            <avgTemperature>541</avgTemperature>
            <rotationalPeriod>18031</rotationalPeriod>
            <atmosphereDensity>152</atmosphereDensity>
            <generateCraters>false</generateCraters>
            <generateVolcanos>true</generateVolcanos>
            <generateStructures>false</generateStructures>
            <generateGeodes>true</generateGeodes>
            <volcanoFrequencyMultiplier>1.0</volcanoFrequencyMultiplier>
            <geodefrequencyMultiplier>1.0</geodefrequencyMultiplier>
            <seaLevel>61</seaLevel>
            <biomeIds>advancedrocketry:hotdryrock,advancedrocketry:volcanic,advancedrocketry:volcanicbarren</biomeIds>
            <oceanBlock>minecraft:lava</oceanBlock>
        </planet>
        <planet DIMID="77" name="Sol-77">
            <isKnown>false</isKnown>
            <fogColor>1.0,1.0,1.0</fogColor>
            <skyColor>0.8,0.7385273,0.0</skyColor>
            <gravitationalMultiplier>125</gravitationalMultiplier>
            <orbitalDistance>64</orbitalDistance>
            <orbitalTheta>342</orbitalTheta>
            <orbitalPhi>-327</orbitalPhi>
            <avgTemperature>719</avgTemperature>
            <rotationalPeriod>12288</rotationalPeriod>
            <atmosphereDensity>146</atmosphereDensity>
            <generateCraters>false</generateCraters>
            <generateVolcanos>true</generateVolcanos>
            <generateStructures>false</generateStructures>
            <generateGeodes>true</generateGeodes>
            <volcanoFrequencyMultiplier>1.0</volcanoFrequencyMultiplier>
            <geodefrequencyMultiplier>1.0</geodefrequencyMultiplier>
            <biomeIds>advancedrocketry:hotdryrock,advancedrocketry:volcanic,advancedrocketry:volcanicbarren</biomeIds>
            <planet DIMID="78" name="Sol-77: 0">
                <isKnown>false</isKnown>
                <fogColor>1.0,1.0,1.0</fogColor>
                <skyColor>0.8,0.8896885,0.30810422</skyColor>
                <gravitationalMultiplier>55</gravitationalMultiplier>
                <orbitalDistance>165</orbitalDistance>
                <orbitalTheta>170</orbitalTheta>
                <orbitalPhi>-106</orbitalPhi>
                <avgTemperature>398</avgTemperature>
                <rotationalPeriod>144252</rotationalPeriod>
                <atmosphereDensity>16</atmosphereDensity>
                <generateCraters>true</generateCraters>
                <generateVolcanos>false</generateVolcanos>
                <generateStructures>false</generateStructures>
                <generateGeodes>false</generateGeodes>
                <craterFrequencyMultiplier>1.0</craterFrequencyMultiplier>
                <biomeIds>advancedrocketry:moon,advancedrocketry:moondark</biomeIds>
            </planet>
            <planet DIMID="79" name="Sol-77: 1">
                <isKnown>false</isKnown>
                <fogColor>1.0,1.0,1.0</fogColor>
                <skyColor>0.8,0.92734087,0.2142381</skyColor>
                <gravitationalMultiplier>41</gravitationalMultiplier>
                <orbitalDistance>147</orbitalDistance>
                <orbitalTheta>20</orbitalTheta>
                <orbitalPhi>-169</orbitalPhi>
                <avgTemperature>422</avgTemperature>
                <rotationalPeriod>348224</rotationalPeriod>
                <atmosphereDensity>16</atmosphereDensity>
                <generateCraters>true</generateCraters>
                <generateVolcanos>false</generateVolcanos>
                <generateStructures>false</generateStructures>
                <generateGeodes>false</generateGeodes>
                <craterFrequencyMultiplier>1.0</craterFrequencyMultiplier>
                <biomeIds>advancedrocketry:moon,advancedrocketry:moondark</biomeIds>
            </planet>
            <oceanBlock>minecraft:lava</oceanBlock>
        </planet>
    </star>
    <star blackHole="false" name="Alykitt" numGasGiants="0" numPlanets="0" size="1.0" temp="120" x="75" y="200">
        <planet DIMID="83" name="Sol-83">
            <isKnown>false</isKnown>
            <GasGiant>true</GasGiant>
            <gas>oxygen</gas>
            <gas>hydrogen</gas>
            <gas>nitrogen</gas>
            <fogColor>1.0,1.0,1.0</fogColor>
            <skyColor>1.0,1.0,1.0</skyColor>
            <gravitationalMultiplier>130</gravitationalMultiplier>
            <orbitalDistance>231</orbitalDistance>
            <orbitalTheta>0</orbitalTheta>
            <orbitalPhi>0</orbitalPhi>
            <avgTemperature>227</avgTemperature>
            <rotationalPeriod>24000</rotationalPeriod>
            <atmosphereDensity>188</atmosphereDensity>
            <generateCraters>false</generateCraters>
            <generateVolcanos>false</generateVolcanos>
            <generateStructures>false</generateStructures>
            <generateGeodes>false</generateGeodes>
            <planet DIMID="84" name="Sol-83: 0">
                <isKnown>false</isKnown>
                <fogColor>1.0,1.0,1.0</fogColor>
                <skyColor>0.8,0.6041157,0.896757</skyColor>
                <gravitationalMultiplier>81</gravitationalMultiplier>
                <orbitalDistance>178</orbitalDistance>
                <orbitalTheta>65</orbitalTheta>
                <orbitalPhi>70</orbitalPhi>
                <avgTemperature>230</avgTemperature>
                <rotationalPeriod>45160</rotationalPeriod>
                <atmosphereDensity>32</atmosphereDensity>
                <generateCraters>true</generateCraters>
                <generateVolcanos>false</generateVolcanos>
                <generateStructures>false</generateStructures>
                <generateGeodes>false</generateGeodes>
                <craterFrequencyMultiplier>1.0</craterFrequencyMultiplier>
                <biomeIds>minecraft:mutated_birch_forest_hills,minecraft:stone_beach,minecraft:savanna_rock,minecraft:extreme_hills,minecraft:extreme_hills_with_trees</biomeIds>
            </planet>
            <planet DIMID="85" name="Sol-83: 1">
                <isKnown>false</isKnown>
                <fogColor>1.0,1.0,1.0</fogColor>
                <skyColor>0.8,0.9625169,0.7748623</skyColor>
                <gravitationalMultiplier>83</gravitationalMultiplier>
                <orbitalDistance>142</orbitalDistance>
                <orbitalTheta>65</orbitalTheta>
                <orbitalPhi>-183</orbitalPhi>
                <avgTemperature>257</avgTemperature>
                <rotationalPeriod>41973</rotationalPeriod>
                <atmosphereDensity>35</atmosphereDensity>
                <generateCraters>true</generateCraters>
                <generateVolcanos>false</generateVolcanos>
                <generateStructures>false</generateStructures>
                <generateGeodes>false</generateGeodes>
                <craterFrequencyMultiplier>1.0</craterFrequencyMultiplier>
                <biomeIds>minecraft:swampland,minecraft:frozen_ocean,wastelands:wasteland city,minecraft:mutated_birch_forest_hills,minecraft:mesa_clear_rock</biomeIds>
            </planet>
            <planet DIMID="86" name="Sol-83: 2">
                <isKnown>false</isKnown>
                <fogColor>1.0,1.0,1.0</fogColor>
                <skyColor>0.8,0.95415485,0.85205245</skyColor>
                <gravitationalMultiplier>60</gravitationalMultiplier>
                <orbitalDistance>155</orbitalDistance>
                <orbitalTheta>297</orbitalTheta>
                <orbitalPhi>-528</orbitalPhi>
                <avgTemperature>246</avgTemperature>
                <rotationalPeriod>111111</rotationalPeriod>
                <atmosphereDensity>16</atmosphereDensity>
                <generateCraters>true</generateCraters>
                <generateVolcanos>false</generateVolcanos>
                <generateStructures>false</generateStructures>
                <generateGeodes>false</generateGeodes>
                <craterFrequencyMultiplier>1.0</craterFrequencyMultiplier>
                <biomeIds>advancedrocketry:moon,advancedrocketry:moondark</biomeIds>
            </planet>
            <planet DIMID="87" name="Sol-83: 3">
                <isKnown>false</isKnown>
                <fogColor>1.0,1.0,1.0</fogColor>
                <skyColor>0.8,0.89174336,0.84343886</skyColor>
                <gravitationalMultiplier>57</gravitationalMultiplier>
                <orbitalDistance>173</orbitalDistance>
                <orbitalTheta>287</orbitalTheta>
                <orbitalPhi>-296</orbitalPhi>
                <avgTemperature>233</avgTemperature>
                <rotationalPeriod>129594</rotationalPeriod>
                <atmosphereDensity>13</atmosphereDensity>
                <generateCraters>true</generateCraters>
                <generateVolcanos>false</generateVolcanos>
                <generateStructures>false</generateStructures>
                <generateGeodes>false</generateGeodes>
                <craterFrequencyMultiplier>1.0</craterFrequencyMultiplier>
                <seaLevel>76</seaLevel>
                <biomeIds>advancedrocketry:moon,advancedrocketry:moondark</biomeIds>
                <oceanBlock>advancedrocketry:oxygenfluid</oceanBlock>
            </planet>
        </planet>
        <planet DIMID="88" name="Sol-88">
            <isKnown>false</isKnown>
            <fogColor>1.0,1.0,1.0</fogColor>
            <skyColor>0.8,0.9320251,0.0</skyColor>
            <gravitationalMultiplier>104</gravitationalMultiplier>
            <orbitalDistance>41</orbitalDistance>
            <orbitalTheta>317</orbitalTheta>
            <orbitalPhi>146</orbitalPhi>
            <avgTemperature>539</avgTemperature>
            <rotationalPeriod>20732</rotationalPeriod>
            <atmosphereDensity>179</atmosphereDensity>
            <generateCraters>false</generateCraters>
            <generateVolcanos>true</generateVolcanos>
            <generateStructures>false</generateStructures>
            <generateGeodes>true</generateGeodes>
            <volcanoFrequencyMultiplier>1.0</volcanoFrequencyMultiplier>
            <geodefrequencyMultiplier>1.0</geodefrequencyMultiplier>
            <biomeIds>advancedrocketry:hotdryrock,advancedrocketry:volcanic,advancedrocketry:volcanicbarren</biomeIds>
            <planet DIMID="89" name="Sol-88: 0">
                <isKnown>false</isKnown>
                <fogColor>1.0,1.0,1.0</fogColor>
                <skyColor>0.8,0.87765604,0.8795318</skyColor>
                <gravitationalMultiplier>52</gravitationalMultiplier>
                <orbitalDistance>160</orbitalDistance>
                <orbitalTheta>342</orbitalTheta>
                <orbitalPhi>-112</orbitalPhi>
                <avgTemperature>242</avgTemperature>
                <rotationalPeriod>170687</rotationalPeriod>
                <atmosphereDensity>27</atmosphereDensity>
                <generateCraters>true</generateCraters>
                <generateVolcanos>false</generateVolcanos>
                <generateStructures>false</generateStructures>
                <generateGeodes>false</generateGeodes>
                <craterFrequencyMultiplier>1.0</craterFrequencyMultiplier>
                <biomeIds>buildcraftenergy:oil_desert,minecraft:desert,minecraft:mesa_clear_rock,minecraft:mutated_swampland,wastelands:wasteland forest</biomeIds>
            </planet>
            <planet DIMID="90" name="Sol-88: 1">
                <isKnown>false</isKnown>
                <fogColor>1.0,1.0,1.0</fogColor>
                <skyColor>0.8,0.7668624,0.70172554</skyColor>
                <gravitationalMultiplier>52</gravitationalMultiplier>
                <orbitalDistance>118</orbitalDistance>
                <orbitalTheta>255</orbitalTheta>
                <orbitalPhi>-314</orbitalPhi>
                <avgTemperature>282</avgTemperature>
                <rotationalPeriod>161206</rotationalPeriod>
                <atmosphereDensity>15</atmosphereDensity>
                <generateCraters>true</generateCraters>
                <generateVolcanos>false</generateVolcanos>
                <generateStructures>false</generateStructures>
                <generateGeodes>false</generateGeodes>
                <craterFrequencyMultiplier>1.0</craterFrequencyMultiplier>
                <biomeIds>advancedrocketry:moon,advancedrocketry:moondark</biomeIds>
            </planet>
            <planet DIMID="91" name="Sol-88: 2">
                <isKnown>false</isKnown>
                <fogColor>1.0,1.0,1.0</fogColor>
                <skyColor>0.8,0.89818597,0.79395366</skyColor>
                <gravitationalMultiplier>54</gravitationalMultiplier>
                <orbitalDistance>156</orbitalDistance>
                <orbitalTheta>164</orbitalTheta>
                <orbitalPhi>24</orbitalPhi>
                <avgTemperature>245</avgTemperature>
                <rotationalPeriod>152415</rotationalPeriod>
                <atmosphereDensity>20</atmosphereDensity>
                <generateCraters>true</generateCraters>
                <generateVolcanos>false</generateVolcanos>
                <generateStructures>false</generateStructures>
                <generateGeodes>false</generateGeodes>
                <craterFrequencyMultiplier>1.0</craterFrequencyMultiplier>
                <biomeIds>advancedrocketry:moon,advancedrocketry:moondark</biomeIds>
            </planet>
            <oceanBlock>minecraft:lava</oceanBlock>
        </planet>
        <planet DIMID="92" name="Sol-92">
            <isKnown>false</isKnown>
            <fogColor>1.0,1.0,1.0</fogColor>
            <skyColor>0.8,0.6830429,0.56459975</skyColor>
            <gravitationalMultiplier>128</gravitationalMultiplier>
            <orbitalDistance>95</orbitalDistance>
            <orbitalTheta>338</orbitalTheta>
            <orbitalPhi>59</orbitalPhi>
            <avgTemperature>314</avgTemperature>
            <rotationalPeriod>11444</rotationalPeriod>
            <atmosphereDensity>54</atmosphereDensity>
            <generateCraters>true</generateCraters>
            <generateVolcanos>false</generateVolcanos>
            <generateStructures>false</generateStructures>
            <generateGeodes>false</generateGeodes>
            <craterFrequencyMultiplier>1.0</craterFrequencyMultiplier>
            <biomeIds>minecraft:mutated_desert,minecraft:plains,minecraft:mutated_savanna,minecraft:mutated_mesa,minecraft:mutated_mesa_rock</biomeIds>
            <planet DIMID="93" name="Sol-92: 0">
                <isKnown>false</isKnown>
                <fogColor>1.0,1.0,1.0</fogColor>
                <skyColor>0.8,0.9342644,0.71608514</skyColor>
                <gravitationalMultiplier>79</gravitationalMultiplier>
                <orbitalDistance>110</orbitalDistance>
                <orbitalTheta>51</orbitalTheta>
                <orbitalPhi>53</orbitalPhi>
                <avgTemperature>292</avgTemperature>
                <rotationalPeriod>48677</rotationalPeriod>
                <atmosphereDensity>34</atmosphereDensity>
                <generateCraters>true</generateCraters>
                <generateVolcanos>false</generateVolcanos>
                <generateStructures>false</generateStructures>
                <generateGeodes>false</generateGeodes>
                <craterFrequencyMultiplier>1.0</craterFrequencyMultiplier>
                <biomeIds>minecraft:birch_forest,minecraft:frozen_ocean,minecraft:swampland,minecraft:extreme_hills,wastelands:wasteland</biomeIds>
            </planet>
        </planet>
        <planet DIMID="94" name="Sol-94">
            <isKnown>false</isKnown>
            <fogColor>1.0,1.0,1.0</fogColor>
            <skyColor>0.8,0.84490335,0.9260955</skyColor>
            <gravitationalMultiplier>130</gravitationalMultiplier>
            <orbitalDistance>194</orbitalDistance>
            <orbitalTheta>252</orbitalTheta>
            <orbitalPhi>-3</orbitalPhi>
            <avgTemperature>220</avgTemperature>
            <rotationalPeriod>10923</rotationalPeriod>
            <atmosphereDensity>22</atmosphereDensity>
            <generateCraters>true</generateCraters>
            <generateVolcanos>false</generateVolcanos>
            <generateStructures>false</generateStructures>
            <generateGeodes>false</generateGeodes>
            <craterFrequencyMultiplier>1.0</craterFrequencyMultiplier>
            <biomeIds>advancedrocketry:moon,advancedrocketry:moondark</biomeIds>
            <planet DIMID="96" name="Sol-94: 1">
                <isKnown>false</isKnown>
                <fogColor>1.0,1.0,1.0</fogColor>
                <skyColor>0.8,0.786479,0.84591</skyColor>
                <gravitationalMultiplier>51</gravitationalMultiplier>
                <orbitalDistance>149</orbitalDistance>
                <orbitalTheta>87</orbitalTheta>
                <orbitalPhi>92</orbitalPhi>
                <avgTemperature>251</avgTemperature>
                <rotationalPeriod>180925</rotationalPeriod>
                <atmosphereDensity>21</atmosphereDensity>
                <generateCraters>true</generateCraters>
                <generateVolcanos>false</generateVolcanos>
                <generateStructures>false</generateStructures>
                <generateGeodes>false</generateGeodes>
                <craterFrequencyMultiplier>1.0</craterFrequencyMultiplier>
                <biomeIds>advancedrocketry:moon,advancedrocketry:moondark</biomeIds>
            </planet>
            <planet DIMID="95" name="Sol-94: 0">
                <isKnown>false</isKnown>
                <fogColor>1.0,1.0,1.0</fogColor>
                <skyColor>0.8,0.99266285,0.7506793</skyColor>
                <gravitationalMultiplier>45</gravitationalMultiplier>
                <orbitalDistance>120</orbitalDistance>
                <orbitalTheta>74</orbitalTheta>
                <orbitalPhi>7</orbitalPhi>
                <avgTemperature>280</avgTemperature>
                <rotationalPeriod>263374</rotationalPeriod>
                <atmosphereDensity>19</atmosphereDensity>
                <generateCraters>true</generateCraters>
                <generateVolcanos>false</generateVolcanos>
                <generateStructures>false</generateStructures>
                <generateGeodes>false</generateGeodes>
                <craterFrequencyMultiplier>1.0</craterFrequencyMultiplier>
                <biomeIds>advancedrocketry:moon,advancedrocketry:moondark</biomeIds>
            </planet>
        </planet>
    </star>
</galaxy>
