{"stat.mineBlock.flansmod.modern_item":4,"stat.walkOneCm":13546,"stat.pickup.flansmod.modern_item":4,"stat.useItem.minecraft.sapling":5,"stat.useItem.minecraft.iron_axe":2,"stat.leaveGame":4,"stat.mineBlock.minecraft.sapling":4,"stat.mineBlock.minecraft.log":6,"stat.pickup.minecraft.log":7,"stat.flyOneCm":23943,"stat.drop":1,"stat.jump":25,"stat.playOneMinute":82716,"stat.fallOneCm":269,"stat.sneakTime":919,"stat.useItem.flansmod.modern_item":4,"stat.crouchOneCm":2289,"stat.timeSinceDeath":82716,"stat.pickup.minecraft.sapling":8,"stat.sprintOneCm":10002,"stat.drop.minecraft.log":1,"stat.useItem.minecraft.stone_slab2":7}