{"stat.chestOpened":3,"stat.pickup.tconstruct.tooltables":3,"stat.mineBlock.flansmod.modern_item":4,"stat.pickup.techguns.itemshared":1,"stat.walkOneCm":25197,"stat.pickup.tconstruct.pattern":4,"stat.useItem.minecraft.iron_axe":2,"stat.leaveGame":8,"stat.craftItem.minecraft.crafting_table":3,"stat.pickup.minecraft.log":7,"stat.jump":106,"stat.fallOneCm":2821,"stat.crouchOneCm":2962,"stat.craftItem.minecraft.chest":4,"stat.pickup.minecraft.sapling":8,"stat.craftItem.tconstruct.tooltables":11,"stat.sprintOneCm":22753,"stat.useItem.minecraft.stone_slab2":20,"stat.craftItem.minecraft.stick":12,"stat.pickup.flansmod.modern_item":4,"stat.useItem.minecraft.sapling":5,"stat.craftItem.minecraft.planks":256,"stat.mineBlock.tconstruct.tooltables":3,"stat.craftItem.tconstruct.pattern":19,"stat.damageTaken":60,"stat.pickup.minecraft.leather":2,"stat.pickup.minecraft.bread":2,"stat.mineBlock.minecraft.sapling":4,"stat.mobKills":1,"stat.mineBlock.minecraft.log":6,"stat.flyOneCm":58124,"stat.drop":1,"stat.playOneMinute":139096,"stat.sneakTime":1108,"stat.killEntity.techguns.ZombieFarmer":1,"stat.damageDealt":150,"stat.useItem.flansmod.modern_item":4,"stat.timeSinceDeath":139096,"stat.drop.minecraft.log":1,"stat.pickup.minecraft.wheat":4}