<?xml version="1.0" encoding="UTF-8" standalone="no"?>
<galaxy>
    <star blackHole="false" name="Sol" numGasGiants="0" numPlanets="0" size="1.0" temp="100" x="0" y="0">
        <planet DIMID="0" dimMapping="" name="Earth">
            <isKnown>true</isKnown>
            <fogColor>1.0,1.0,1.0</fogColor>
            <skyColor>1.0,1.0,1.0</skyColor>
            <gravitationalMultiplier>100</gravitationalMultiplier>
            <orbitalDistance>100</orbitalDistance>
            <orbitalTheta>0</orbitalTheta>
            <orbitalPhi>0</orbitalPhi>
            <avgTemperature>287</avgTemperature>
            <rotationalPeriod>24000</rotationalPeriod>
            <atmosphereDensity>100</atmosphereDensity>
            <generateCraters>false</generateCraters>
            <generateVolcanos>false</generateVolcanos>
            <generateStructures>false</generateStructures>
            <generateGeodes>false</generateGeodes>
            <planet DIMID="3" name="Luna">
                <isKnown>false</isKnown>
                <fogColor>1.0,1.0,1.0</fogColor>
                <skyColor>1.0,1.0,1.0</skyColor>
                <gravitationalMultiplier>16</gravitationalMultiplier>
                <orbitalDistance>150</orbitalDistance>
                <orbitalTheta>0</orbitalTheta>
                <orbitalPhi>10</orbitalPhi>
                <avgTemperature>208</avgTemperature>
                <rotationalPeriod>128000</rotationalPeriod>
                <atmosphereDensity>0</atmosphereDensity>
                <generateCraters>true</generateCraters>
                <generateVolcanos>false</generateVolcanos>
                <generateStructures>false</generateStructures>
                <generateGeodes>false</generateGeodes>
                <craterFrequencyMultiplier>1.0</craterFrequencyMultiplier>
                <biomeIds>advancedrocketry:moon,advancedrocketry:moondark</biomeIds>
            </planet>
        </planet>
        <planet DIMID="17" name="Sol-17">
            <isKnown>false</isKnown>
            <fogColor>1.0,1.0,1.0</fogColor>
            <skyColor>0.8,0.9367455,0.78259706</skyColor>
            <gravitationalMultiplier>127</gravitationalMultiplier>
            <orbitalDistance>123</orbitalDistance>
            <orbitalTheta>168</orbitalTheta>
            <orbitalPhi>-19</orbitalPhi>
            <avgTemperature>259</avgTemperature>
            <rotationalPeriod>11716</rotationalPeriod>
            <atmosphereDensity>154</atmosphereDensity>
            <generateCraters>false</generateCraters>
            <generateVolcanos>false</generateVolcanos>
            <generateStructures>true</generateStructures>
            <generateGeodes>true</generateGeodes>
            <geodefrequencyMultiplier>1.0</geodefrequencyMultiplier>
            <biomeIds>minecraft:mushroom_island</biomeIds>
            <planet DIMID="18" name="Sol-17: 0">
                <isKnown>false</isKnown>
                <fogColor>1.0,1.0,1.0</fogColor>
                <skyColor>0.8,0.7890135,1.0</skyColor>
                <gravitationalMultiplier>68</gravitationalMultiplier>
                <orbitalDistance>177</orbitalDistance>
                <orbitalTheta>351</orbitalTheta>
                <orbitalPhi>-196</orbitalPhi>
                <avgTemperature>192</avgTemperature>
                <rotationalPeriod>76328</rotationalPeriod>
                <atmosphereDensity>28</atmosphereDensity>
                <generateCraters>true</generateCraters>
                <generateVolcanos>false</generateVolcanos>
                <generateStructures>false</generateStructures>
                <generateGeodes>false</generateGeodes>
                <craterFrequencyMultiplier>1.0</craterFrequencyMultiplier>
                <biomeIds>minecraft:mutated_roofed_forest,minecraft:mesa,minecraft:plains,minecraft:beaches,minecraft:smaller_extreme_hills</biomeIds>
            </planet>
        </planet>
        <planet DIMID="19" name="Sol-19">
            <isKnown>false</isKnown>
            <fogColor>1.0,1.0,1.0</fogColor>
            <skyColor>0.8,0.98318976,0.9367236</skyColor>
            <gravitationalMultiplier>113</gravitationalMultiplier>
            <orbitalDistance>149</orbitalDistance>
            <orbitalTheta>357</orbitalTheta>
            <orbitalPhi>-300</orbitalPhi>
            <avgTemperature>209</avgTemperature>
            <rotationalPeriod>16633</rotationalPeriod>
            <atmosphereDensity>73</atmosphereDensity>
            <generateCraters>true</generateCraters>
            <generateVolcanos>false</generateVolcanos>
            <generateStructures>false</generateStructures>
            <generateGeodes>false</generateGeodes>
            <craterFrequencyMultiplier>1.0</craterFrequencyMultiplier>
            <biomeIds>minecraft:mutated_jungle,minecraft:mutated_mesa_clear_rock,minecraft:smaller_extreme_hills,wastelands:wasteland forest,minecraft:mutated_plains</biomeIds>
            <planet DIMID="20" name="Sol-19: 0">
                <isKnown>false</isKnown>
                <fogColor>1.0,1.0,1.0</fogColor>
                <skyColor>0.8,0.52612334,0.76274806</skyColor>
                <gravitationalMultiplier>80</gravitationalMultiplier>
                <orbitalDistance>97</orbitalDistance>
                <orbitalTheta>183</orbitalTheta>
                <orbitalPhi>62</orbitalPhi>
                <avgTemperature>259</avgTemperature>
                <rotationalPeriod>46875</rotationalPeriod>
                <atmosphereDensity>30</atmosphereDensity>
                <generateCraters>true</generateCraters>
                <generateVolcanos>false</generateVolcanos>
                <generateStructures>false</generateStructures>
                <generateGeodes>false</generateGeodes>
                <craterFrequencyMultiplier>1.0</craterFrequencyMultiplier>
                <biomeIds>advancedrocketry:crystalchasms</biomeIds>
            </planet>
            <planet DIMID="21" name="Sol-19: 1">
                <isKnown>false</isKnown>
                <fogColor>1.0,1.0,1.0</fogColor>
                <skyColor>0.8,0.70504534,0.8306254</skyColor>
                <gravitationalMultiplier>60</gravitationalMultiplier>
                <orbitalDistance>105</orbitalDistance>
                <orbitalTheta>226</orbitalTheta>
                <orbitalPhi>-125</orbitalPhi>
                <avgTemperature>249</avgTemperature>
                <rotationalPeriod>111111</rotationalPeriod>
                <atmosphereDensity>34</atmosphereDensity>
                <generateCraters>true</generateCraters>
                <generateVolcanos>false</generateVolcanos>
                <generateStructures>false</generateStructures>
                <generateGeodes>false</generateGeodes>
                <craterFrequencyMultiplier>1.0</craterFrequencyMultiplier>
                <biomeIds>minecraft:ice_flats</biomeIds>
            </planet>
        </planet>
        <planet DIMID="4" name="Sol-4">
            <isKnown>false</isKnown>
            <GasGiant>true</GasGiant>
            <gas>oxygen</gas>
            <gas>hydrogen</gas>
            <gas>nitrogen</gas>
            <fogColor>1.0,1.0,1.0</fogColor>
            <skyColor>1.0,1.0,1.0</skyColor>
            <gravitationalMultiplier>98</gravitationalMultiplier>
            <orbitalDistance>257</orbitalDistance>
            <orbitalTheta>0</orbitalTheta>
            <orbitalPhi>0</orbitalPhi>
            <avgTemperature>179</avgTemperature>
            <rotationalPeriod>24000</rotationalPeriod>
            <atmosphereDensity>169</atmosphereDensity>
            <generateCraters>false</generateCraters>
            <generateVolcanos>false</generateVolcanos>
            <generateStructures>false</generateStructures>
            <generateGeodes>false</generateGeodes>
        </planet>
        <planet DIMID="5" name="Sol-5">
            <isKnown>false</isKnown>
            <fogColor>1.0,1.0,1.0</fogColor>
            <skyColor>0.8,0.9352504,0.50265646</skyColor>
            <gravitationalMultiplier>130</gravitationalMultiplier>
            <orbitalDistance>69</orbitalDistance>
            <orbitalTheta>262</orbitalTheta>
            <orbitalPhi>22</orbitalPhi>
            <avgTemperature>346</avgTemperature>
            <rotationalPeriod>10923</rotationalPeriod>
            <atmosphereDensity>182</atmosphereDensity>
            <generateCraters>false</generateCraters>
            <generateVolcanos>false</generateVolcanos>
            <generateStructures>true</generateStructures>
            <generateGeodes>true</generateGeodes>
            <geodefrequencyMultiplier>1.0</geodefrequencyMultiplier>
            <biomeIds>advancedrocketry:volcanicbarren,minecraft:ocean,minecraft:frozen_ocean,minecraft:savanna_rock,advancedrocketry:oceanspires</biomeIds>
        </planet>
        <planet DIMID="6" name="Sol-6">
            <isKnown>false</isKnown>
            <fogColor>1.0,1.0,1.0</fogColor>
            <skyColor>0.8,0.598907,0.63487375</skyColor>
            <gravitationalMultiplier>130</gravitationalMultiplier>
            <orbitalDistance>81</orbitalDistance>
            <orbitalTheta>150</orbitalTheta>
            <orbitalPhi>2</orbitalPhi>
            <avgTemperature>319</avgTemperature>
            <rotationalPeriod>10923</rotationalPeriod>
            <atmosphereDensity>141</atmosphereDensity>
            <generateCraters>false</generateCraters>
            <generateVolcanos>false</generateVolcanos>
            <generateStructures>true</generateStructures>
            <generateGeodes>true</generateGeodes>
            <geodefrequencyMultiplier>1.0</geodefrequencyMultiplier>
            <biomeIds>minecraft:mutated_redwood_taiga,minecraft:forest_hills,minecraft:extreme_hills_with_trees,minecraft:stone_beach,minecraft:deep_ocean</biomeIds>
            <planet DIMID="7" name="Sol-6: 0">
                <isKnown>false</isKnown>
                <fogColor>1.0,1.0,1.0</fogColor>
                <skyColor>0.8,0.9359924,1.0</skyColor>
                <gravitationalMultiplier>78</gravitationalMultiplier>
                <orbitalDistance>184</orbitalDistance>
                <orbitalTheta>29</orbitalTheta>
                <orbitalPhi>88</orbitalPhi>
                <avgTemperature>188</avgTemperature>
                <rotationalPeriod>50574</rotationalPeriod>
                <atmosphereDensity>35</atmosphereDensity>
                <generateCraters>true</generateCraters>
                <generateVolcanos>false</generateVolcanos>
                <generateStructures>false</generateStructures>
                <generateGeodes>false</generateGeodes>
                <craterFrequencyMultiplier>1.0</craterFrequencyMultiplier>
                <biomeIds>minecraft:savanna,minecraft:mutated_jungle,minecraft:mesa_rock,minecraft:birch_forest_hills,advancedrocketry:oceanspires</biomeIds>
            </planet>
            <planet DIMID="8" name="Sol-6: 1">
                <isKnown>false</isKnown>
                <fogColor>1.0,1.0,1.0</fogColor>
                <skyColor>0.8,0.93454283,0.8015213</skyColor>
                <gravitationalMultiplier>64</gravitationalMultiplier>
                <orbitalDistance>104</orbitalDistance>
                <orbitalTheta>216</orbitalTheta>
                <orbitalPhi>-215</orbitalPhi>
                <avgTemperature>250</avgTemperature>
                <rotationalPeriod>91552</rotationalPeriod>
                <atmosphereDensity>16</atmosphereDensity>
                <generateCraters>true</generateCraters>
                <generateVolcanos>false</generateVolcanos>
                <generateStructures>false</generateStructures>
                <generateGeodes>false</generateGeodes>
                <craterFrequencyMultiplier>1.0</craterFrequencyMultiplier>
                <seaLevel>75</seaLevel>
                <biomeIds>advancedrocketry:moon,advancedrocketry:moondark</biomeIds>
                <oceanBlock>advancedrocketry:oxygenfluid</oceanBlock>
            </planet>
            <planet DIMID="9" name="Sol-6: 2">
                <isKnown>false</isKnown>
                <fogColor>1.0,1.0,1.0</fogColor>
                <skyColor>0.8,0.8800819,0.86093515</skyColor>
                <gravitationalMultiplier>60</gravitationalMultiplier>
                <orbitalDistance>127</orbitalDistance>
                <orbitalTheta>103</orbitalTheta>
                <orbitalPhi>353</orbitalPhi>
                <avgTemperature>227</avgTemperature>
                <rotationalPeriod>111111</rotationalPeriod>
                <atmosphereDensity>15</atmosphereDensity>
                <generateCraters>true</generateCraters>
                <generateVolcanos>false</generateVolcanos>
                <generateStructures>false</generateStructures>
                <generateGeodes>false</generateGeodes>
                <craterFrequencyMultiplier>1.0</craterFrequencyMultiplier>
                <biomeIds>advancedrocketry:moon,advancedrocketry:moondark</biomeIds>
            </planet>
        </planet>
        <planet DIMID="22" name="Sol-22">
            <isKnown>false</isKnown>
            <fogColor>1.0,1.0,1.0</fogColor>
            <skyColor>0.8,0.96909106,0.0</skyColor>
            <gravitationalMultiplier>112</gravitationalMultiplier>
            <orbitalDistance>3</orbitalDistance>
            <orbitalTheta>262</orbitalTheta>
            <orbitalPhi>354</orbitalPhi>
            <avgTemperature>1477</avgTemperature>
            <rotationalPeriod>17082</rotationalPeriod>
            <atmosphereDensity>0</atmosphereDensity>
            <generateCraters>true</generateCraters>
            <generateVolcanos>true</generateVolcanos>
            <generateStructures>false</generateStructures>
            <generateGeodes>false</generateGeodes>
            <craterFrequencyMultiplier>1.0</craterFrequencyMultiplier>
            <volcanoFrequencyMultiplier>1.0</volcanoFrequencyMultiplier>
            <biomeIds>advancedrocketry:moon,advancedrocketry:moondark</biomeIds>
            <oceanBlock>minecraft:lava</oceanBlock>
        </planet>
        <planet DIMID="10" name="Sol-10">
            <isKnown>false</isKnown>
            <fogColor>1.0,1.0,1.0</fogColor>
            <skyColor>0.8,0.6639794,0.86925244</skyColor>
            <gravitationalMultiplier>108</gravitationalMultiplier>
            <orbitalDistance>128</orbitalDistance>
            <orbitalTheta>190</orbitalTheta>
            <orbitalPhi>53</orbitalPhi>
            <avgTemperature>226</avgTemperature>
            <rotationalPeriod>19051</rotationalPeriod>
            <atmosphereDensity>56</atmosphereDensity>
            <generateCraters>true</generateCraters>
            <generateVolcanos>false</generateVolcanos>
            <generateStructures>false</generateStructures>
            <generateGeodes>false</generateGeodes>
            <craterFrequencyMultiplier>1.0</craterFrequencyMultiplier>
            <seaLevel>78</seaLevel>
            <biomeIds>minecraft:ice_flats</biomeIds>
            <planet DIMID="11" name="Sol-10: 0">
                <isKnown>false</isKnown>
                <fogColor>1.0,1.0,1.0</fogColor>
                <skyColor>0.8,0.782853,0.91488683</skyColor>
                <gravitationalMultiplier>54</gravitationalMultiplier>
                <orbitalDistance>119</orbitalDistance>
                <orbitalTheta>327</orbitalTheta>
                <orbitalPhi>-178</orbitalPhi>
                <avgTemperature>234</avgTemperature>
                <rotationalPeriod>152415</rotationalPeriod>
                <atmosphereDensity>30</atmosphereDensity>
                <generateCraters>true</generateCraters>
                <generateVolcanos>false</generateVolcanos>
                <generateStructures>false</generateStructures>
                <generateGeodes>false</generateGeodes>
                <craterFrequencyMultiplier>1.0</craterFrequencyMultiplier>
                <biomeIds>advancedrocketry:crystalchasms</biomeIds>
            </planet>
        </planet>
        <planet DIMID="12" name="Sol-12">
            <isKnown>false</isKnown>
            <fogColor>1.0,1.0,1.0</fogColor>
            <skyColor>0.8,0.89507616,0.73847485</skyColor>
            <gravitationalMultiplier>130</gravitationalMultiplier>
            <orbitalDistance>104</orbitalDistance>
            <orbitalTheta>323</orbitalTheta>
            <orbitalPhi>-210</orbitalPhi>
            <avgTemperature>282</avgTemperature>
            <rotationalPeriod>10923</rotationalPeriod>
            <atmosphereDensity>139</atmosphereDensity>
            <generateCraters>false</generateCraters>
            <generateVolcanos>false</generateVolcanos>
            <generateStructures>true</generateStructures>
            <generateGeodes>true</generateGeodes>
            <geodefrequencyMultiplier>1.0</geodefrequencyMultiplier>
            <biomeIds>wastelands:wasteland forest,minecraft:birch_forest_hills,minecraft:beaches,buildcraftenergy:oil_desert,minecraft:jungle</biomeIds>
        </planet>
        <planet DIMID="13" name="Sol-13">
            <isKnown>false</isKnown>
            <fogColor>1.0,1.0,1.0</fogColor>
            <skyColor>0.8,0.9839638,0.3408218</skyColor>
            <gravitationalMultiplier>88</gravitationalMultiplier>
            <orbitalDistance>41</orbitalDistance>
            <orbitalTheta>329</orbitalTheta>
            <orbitalPhi>7</orbitalPhi>
            <avgTemperature>399</avgTemperature>
            <rotationalPeriod>35217</rotationalPeriod>
            <atmosphereDensity>63</atmosphereDensity>
            <generateCraters>true</generateCraters>
            <generateVolcanos>false</generateVolcanos>
            <generateStructures>false</generateStructures>
            <generateGeodes>false</generateGeodes>
            <craterFrequencyMultiplier>1.0</craterFrequencyMultiplier>
            <seaLevel>61</seaLevel>
            <biomeIds>minecraft:desert_hills</biomeIds>
        </planet>
        <planet DIMID="14" name="Sol-14">
            <isKnown>false</isKnown>
            <fogColor>1.0,1.0,1.0</fogColor>
            <skyColor>0.8,0.720806,0.9970901</skyColor>
            <gravitationalMultiplier>130</gravitationalMultiplier>
            <orbitalDistance>148</orbitalDistance>
            <orbitalTheta>101</orbitalTheta>
            <orbitalPhi>10</orbitalPhi>
            <avgTemperature>210</avgTemperature>
            <rotationalPeriod>10923</rotationalPeriod>
            <atmosphereDensity>0</atmosphereDensity>
            <generateCraters>true</generateCraters>
            <generateVolcanos>false</generateVolcanos>
            <generateStructures>false</generateStructures>
            <generateGeodes>false</generateGeodes>
            <craterFrequencyMultiplier>1.0</craterFrequencyMultiplier>
            <biomeIds>advancedrocketry:moon,advancedrocketry:moondark</biomeIds>
            <planet DIMID="16" name="Sol-14: 1">
                <isKnown>false</isKnown>
                <fogColor>1.0,1.0,1.0</fogColor>
                <skyColor>0.8,0.8465872,1.0</skyColor>
                <gravitationalMultiplier>79</gravitationalMultiplier>
                <orbitalDistance>183</orbitalDistance>
                <orbitalTheta>260</orbitalTheta>
                <orbitalPhi>-323</orbitalPhi>
                <avgTemperature>189</avgTemperature>
                <rotationalPeriod>48677</rotationalPeriod>
                <atmosphereDensity>20</atmosphereDensity>
                <generateCraters>true</generateCraters>
                <generateVolcanos>false</generateVolcanos>
                <generateStructures>false</generateStructures>
                <generateGeodes>false</generateGeodes>
                <craterFrequencyMultiplier>1.0</craterFrequencyMultiplier>
                <biomeIds>advancedrocketry:moon,advancedrocketry:moondark</biomeIds>
            </planet>
            <planet DIMID="15" name="Sol-14: 0">
                <isKnown>false</isKnown>
                <fogColor>1.0,1.0,1.0</fogColor>
                <skyColor>0.8,0.89804447,0.97489846</skyColor>
                <gravitationalMultiplier>66</gravitationalMultiplier>
                <orbitalDistance>168</orbitalDistance>
                <orbitalTheta>141</orbitalTheta>
                <orbitalPhi>-30</orbitalPhi>
                <avgTemperature>197</avgTemperature>
                <rotationalPeriod>83479</rotationalPeriod>
                <atmosphereDensity>25</atmosphereDensity>
                <generateCraters>true</generateCraters>
                <generateVolcanos>false</generateVolcanos>
                <generateStructures>false</generateStructures>
                <generateGeodes>false</generateGeodes>
                <craterFrequencyMultiplier>1.0</craterFrequencyMultiplier>
                <biomeIds>advancedrocketry:moon,advancedrocketry:moondark</biomeIds>
            </planet>
        </planet>
    </star>
    <star blackHole="false" name="Wolf 12" numGasGiants="0" numPlanets="0" size="1.0" temp="10" x="300" y="-200">
        <planet DIMID="23" name="Sol-23">
            <isKnown>false</isKnown>
            <fogColor>1.0,1.0,1.0</fogColor>
            <skyColor>0.8,0.7849699,0.9764357</skyColor>
            <gravitationalMultiplier>130</gravitationalMultiplier>
            <orbitalDistance>2</orbitalDistance>
            <orbitalTheta>57</orbitalTheta>
            <orbitalPhi>-1</orbitalPhi>
            <avgTemperature>203</avgTemperature>
            <rotationalPeriod>10923</rotationalPeriod>
            <atmosphereDensity>193</atmosphereDensity>
            <generateCraters>false</generateCraters>
            <generateVolcanos>false</generateVolcanos>
            <generateStructures>false</generateStructures>
            <generateGeodes>true</generateGeodes>
            <geodefrequencyMultiplier>1.0</geodefrequencyMultiplier>
            <biomeIds>buildcraftenergy:oil_desert,minecraft:stone_beach,advancedrocketry:oceanspires,minecraft:mesa,minecraft:mutated_redwood_taiga</biomeIds>
        </planet>
        <planet DIMID="24" name="Sol-24">
            <isKnown>false</isKnown>
            <fogColor>1.0,1.0,1.0</fogColor>
            <skyColor>0.3308283,0.83244395,1.0</skyColor>
            <gravitationalMultiplier>115</gravitationalMultiplier>
            <orbitalDistance>113</orbitalDistance>
            <orbitalTheta>223</orbitalTheta>
            <orbitalPhi>-92</orbitalPhi>
            <avgTemperature>24</avgTemperature>
            <rotationalPeriod>15780</rotationalPeriod>
            <atmosphereDensity>75</atmosphereDensity>
            <generateCraters>true</generateCraters>
            <generateVolcanos>false</generateVolcanos>
            <generateStructures>false</generateStructures>
            <generateGeodes>false</generateGeodes>
            <craterFrequencyMultiplier>1.0</craterFrequencyMultiplier>
            <biomeIds>minecraft:mutated_extreme_hills,buildcraftenergy:oil_ocean,minecraft:mesa_clear_rock,minecraft:mushroom_island,wastelands:wasteland desert</biomeIds>
            <planet DIMID="25" name="Sol-24: 0">
                <isKnown>false</isKnown>
                <fogColor>1.0,1.0,1.0</fogColor>
                <skyColor>0.27915156,0.7036222,1.0</skyColor>
                <gravitationalMultiplier>68</gravitationalMultiplier>
                <orbitalDistance>158</orbitalDistance>
                <orbitalTheta>26</orbitalTheta>
                <orbitalPhi>-96</orbitalPhi>
                <avgTemperature>20</avgTemperature>
                <rotationalPeriod>76328</rotationalPeriod>
                <atmosphereDensity>21</atmosphereDensity>
                <generateCraters>true</generateCraters>
                <generateVolcanos>false</generateVolcanos>
                <generateStructures>false</generateStructures>
                <generateGeodes>false</generateGeodes>
                <craterFrequencyMultiplier>1.0</craterFrequencyMultiplier>
                <biomeIds>advancedrocketry:moon,advancedrocketry:moondark</biomeIds>
            </planet>
            <planet DIMID="26" name="Sol-24: 1">
                <isKnown>false</isKnown>
                <fogColor>1.0,1.0,1.0</fogColor>
                <skyColor>0.26984906,0.73981726,1.0</skyColor>
                <gravitationalMultiplier>60</gravitationalMultiplier>
                <orbitalDistance>155</orbitalDistance>
                <orbitalTheta>228</orbitalTheta>
                <orbitalPhi>-324</orbitalPhi>
                <avgTemperature>20</avgTemperature>
                <rotationalPeriod>111111</rotationalPeriod>
                <atmosphereDensity>33</atmosphereDensity>
                <generateCraters>true</generateCraters>
                <generateVolcanos>false</generateVolcanos>
                <generateStructures>false</generateStructures>
                <generateGeodes>false</generateGeodes>
                <craterFrequencyMultiplier>1.0</craterFrequencyMultiplier>
                <biomeIds>minecraft:roofed_forest,minecraft:beaches,minecraft:mutated_redwood_taiga_hills,minecraft:mutated_redwood_taiga,minecraft:mesa</biomeIds>
            </planet>
        </planet>
        <planet DIMID="27" name="Sol-27">
            <isKnown>false</isKnown>
            <fogColor>1.0,1.0,1.0</fogColor>
            <skyColor>0.2821548,0.52262115,1.0</skyColor>
            <gravitationalMultiplier>130</gravitationalMultiplier>
            <orbitalDistance>135</orbitalDistance>
            <orbitalTheta>101</orbitalTheta>
            <orbitalPhi>-334</orbitalPhi>
            <avgTemperature>22</avgTemperature>
            <rotationalPeriod>10923</rotationalPeriod>
            <atmosphereDensity>0</atmosphereDensity>
            <generateCraters>true</generateCraters>
            <generateVolcanos>false</generateVolcanos>
            <generateStructures>false</generateStructures>
            <generateGeodes>false</generateGeodes>
            <craterFrequencyMultiplier>1.0</craterFrequencyMultiplier>
            <seaLevel>74</seaLevel>
            <biomeIds>advancedrocketry:moon,advancedrocketry:moondark</biomeIds>
            <planet DIMID="28" name="Sol-27: 0">
                <isKnown>false</isKnown>
                <fogColor>1.0,1.0,1.0</fogColor>
                <skyColor>0.290264,0.8107151,1.0</skyColor>
                <gravitationalMultiplier>58</gravitationalMultiplier>
                <orbitalDistance>174</orbitalDistance>
                <orbitalTheta>167</orbitalTheta>
                <orbitalPhi>249</orbitalPhi>
                <avgTemperature>19</avgTemperature>
                <rotationalPeriod>116857</rotationalPeriod>
                <atmosphereDensity>13</atmosphereDensity>
                <generateCraters>true</generateCraters>
                <generateVolcanos>false</generateVolcanos>
                <generateStructures>false</generateStructures>
                <generateGeodes>false</generateGeodes>
                <craterFrequencyMultiplier>1.0</craterFrequencyMultiplier>
                <biomeIds>advancedrocketry:moon,advancedrocketry:moondark</biomeIds>
            </planet>
            <oceanBlock>advancedrocketry:oxygenfluid</oceanBlock>
        </planet>
        <planet DIMID="29" name="Sol-29">
            <isKnown>false</isKnown>
            <fogColor>1.0,1.0,1.0</fogColor>
            <skyColor>0.38130236,0.5843036,1.0</skyColor>
            <gravitationalMultiplier>97</gravitationalMultiplier>
            <orbitalDistance>154</orbitalDistance>
            <orbitalTheta>150</orbitalTheta>
            <orbitalPhi>-82</orbitalPhi>
            <avgTemperature>27</avgTemperature>
            <rotationalPeriod>26296</rotationalPeriod>
            <atmosphereDensity>207</atmosphereDensity>
            <generateCraters>false</generateCraters>
            <generateVolcanos>false</generateVolcanos>
            <generateStructures>false</generateStructures>
            <generateGeodes>true</generateGeodes>
            <geodefrequencyMultiplier>1.0</geodefrequencyMultiplier>
            <biomeIds>minecraft:birch_forest_hills,minecraft:jungle_hills,minecraft:mutated_savanna,minecraft:jungle,minecraft:mutated_birch_forest_hills</biomeIds>
        </planet>
        <planet DIMID="30" name="Sol-30">
            <isKnown>false</isKnown>
            <fogColor>1.0,1.0,1.0</fogColor>
            <skyColor>0.4053074,0.80673957,1.0</skyColor>
            <gravitationalMultiplier>119</gravitationalMultiplier>
            <orbitalDistance>35</orbitalDistance>
            <orbitalTheta>52</orbitalTheta>
            <orbitalPhi>-209</orbitalPhi>
            <avgTemperature>48</avgTemperature>
            <rotationalPeriod>14241</rotationalPeriod>
            <atmosphereDensity>139</atmosphereDensity>
            <generateCraters>false</generateCraters>
            <generateVolcanos>false</generateVolcanos>
            <generateStructures>false</generateStructures>
            <generateGeodes>true</generateGeodes>
            <geodefrequencyMultiplier>1.0</geodefrequencyMultiplier>
            <biomeIds>minecraft:mutated_roofed_forest,buildcraftenergy:oil_desert,minecraft:ocean,minecraft:roofed_forest,minecraft:mutated_extreme_hills_with_trees</biomeIds>
            <planet DIMID="32" name="Sol-30: 1">
                <isKnown>false</isKnown>
                <fogColor>1.0,1.0,1.0</fogColor>
                <skyColor>0.3353263,0.7619294,1.0</skyColor>
                <gravitationalMultiplier>38</gravitationalMultiplier>
                <orbitalDistance>119</orbitalDistance>
                <orbitalTheta>10</orbitalTheta>
                <orbitalPhi>-55</orbitalPhi>
                <avgTemperature>23</avgTemperature>
                <rotationalPeriod>437381</rotationalPeriod>
                <atmosphereDensity>16</atmosphereDensity>
                <generateCraters>true</generateCraters>
                <generateVolcanos>false</generateVolcanos>
                <generateStructures>false</generateStructures>
                <generateGeodes>false</generateGeodes>
                <craterFrequencyMultiplier>1.0</craterFrequencyMultiplier>
                <biomeIds>advancedrocketry:moon,advancedrocketry:moondark</biomeIds>
            </planet>
            <planet DIMID="31" name="Sol-30: 0">
                <isKnown>false</isKnown>
                <fogColor>1.0,1.0,1.0</fogColor>
                <skyColor>0.28960562,0.53519595,1.0</skyColor>
                <gravitationalMultiplier>74</gravitationalMultiplier>
                <orbitalDistance>165</orbitalDistance>
                <orbitalTheta>127</orbitalTheta>
                <orbitalPhi>-320</orbitalPhi>
                <avgTemperature>19</avgTemperature>
                <rotationalPeriod>59226</rotationalPeriod>
                <atmosphereDensity>15</atmosphereDensity>
                <generateCraters>true</generateCraters>
                <generateVolcanos>false</generateVolcanos>
                <generateStructures>false</generateStructures>
                <generateGeodes>false</generateGeodes>
                <craterFrequencyMultiplier>1.0</craterFrequencyMultiplier>
                <biomeIds>advancedrocketry:moon,advancedrocketry:moondark</biomeIds>
            </planet>
        </planet>
    </star>
    <star blackHole="false" name="Epsilon ire" numGasGiants="0" numPlanets="0" size="1.0" temp="170" x="-200" y="80">
        <planet DIMID="33" name="Sol-33">
            <isKnown>false</isKnown>
            <fogColor>1.0,1.0,1.0</fogColor>
            <skyColor>0.8,0.5166899,0.0</skyColor>
            <gravitationalMultiplier>95</gravitationalMultiplier>
            <orbitalDistance>30</orbitalDistance>
            <orbitalTheta>189</orbitalTheta>
            <orbitalPhi>-233</orbitalPhi>
            <avgTemperature>893</avgTemperature>
            <rotationalPeriod>27992</rotationalPeriod>
            <atmosphereDensity>137</atmosphereDensity>
            <generateCraters>false</generateCraters>
            <generateVolcanos>true</generateVolcanos>
            <generateStructures>false</generateStructures>
            <generateGeodes>true</generateGeodes>
            <volcanoFrequencyMultiplier>1.0</volcanoFrequencyMultiplier>
            <geodefrequencyMultiplier>1.0</geodefrequencyMultiplier>
            <biomeIds>advancedrocketry:hotdryrock,advancedrocketry:volcanic,advancedrocketry:volcanicbarren</biomeIds>
            <oceanBlock>minecraft:lava</oceanBlock>
        </planet>
        <planet DIMID="34" name="Sol-34">
            <isKnown>false</isKnown>
            <fogColor>1.0,1.0,1.0</fogColor>
            <skyColor>0.8,0.8518971,0.57504517</skyColor>
            <gravitationalMultiplier>130</gravitationalMultiplier>
            <orbitalDistance>167</orbitalDistance>
            <orbitalTheta>275</orbitalTheta>
            <orbitalPhi>-336</orbitalPhi>
            <avgTemperature>336</avgTemperature>
            <rotationalPeriod>10923</rotationalPeriod>
            <atmosphereDensity>83</atmosphereDensity>
            <generateCraters>false</generateCraters>
            <generateVolcanos>false</generateVolcanos>
            <generateStructures>true</generateStructures>
            <generateGeodes>false</generateGeodes>
            <biomeIds>minecraft:desert,minecraft:mutated_savanna_rock,minecraft:deep_ocean,advancedrocketry:oceanspires,minecraft:mutated_mesa_clear_rock</biomeIds>
        </planet>
        <planet DIMID="35" name="Sol-35">
            <isKnown>false</isKnown>
            <fogColor>1.0,1.0,1.0</fogColor>
            <skyColor>0.8,0.8228425,0.61693895</skyColor>
            <gravitationalMultiplier>130</gravitationalMultiplier>
            <orbitalDistance>196</orbitalDistance>
            <orbitalTheta>100</orbitalTheta>
            <orbitalPhi>327</orbitalPhi>
            <avgTemperature>310</avgTemperature>
            <rotationalPeriod>10923</rotationalPeriod>
            <atmosphereDensity>42</atmosphereDensity>
            <generateCraters>true</generateCraters>
            <generateVolcanos>false</generateVolcanos>
            <generateStructures>false</generateStructures>
            <generateGeodes>false</generateGeodes>
            <craterFrequencyMultiplier>1.0</craterFrequencyMultiplier>
            <biomeIds>minecraft:mutated_birch_forest_hills,minecraft:jungle,minecraft:jungle_hills,minecraft:mutated_extreme_hills_with_trees,wastelands:wasteland mountains</biomeIds>
            <planet DIMID="36" name="Sol-35: 0">
                <isKnown>false</isKnown>
                <fogColor>1.0,1.0,1.0</fogColor>
                <skyColor>0.8,0.8308971,0.5454523</skyColor>
                <gravitationalMultiplier>49</gravitationalMultiplier>
                <orbitalDistance>176</orbitalDistance>
                <orbitalTheta>150</orbitalTheta>
                <orbitalPhi>-164</orbitalPhi>
                <avgTemperature>327</avgTemperature>
                <rotationalPeriod>203996</rotationalPeriod>
                <atmosphereDensity>13</atmosphereDensity>
                <generateCraters>true</generateCraters>
                <generateVolcanos>false</generateVolcanos>
                <generateStructures>false</generateStructures>
                <generateGeodes>false</generateGeodes>
                <craterFrequencyMultiplier>1.0</craterFrequencyMultiplier>
                <seaLevel>74</seaLevel>
                <biomeIds>advancedrocketry:moon,advancedrocketry:moondark</biomeIds>
                <oceanBlock>advancedrocketry:oxygenfluid</oceanBlock>
            </planet>
            <planet DIMID="37" name="Sol-35: 1">
                <isKnown>false</isKnown>
                <fogColor>1.0,1.0,1.0</fogColor>
                <skyColor>0.8,0.9795952,0.46187282</skyColor>
                <gravitationalMultiplier>44</gravitationalMultiplier>
                <orbitalDistance>139</orbitalDistance>
                <orbitalTheta>169</orbitalTheta>
                <orbitalPhi>-182</orbitalPhi>
                <avgTemperature>368</avgTemperature>
                <rotationalPeriod>281743</rotationalPeriod>
                <atmosphereDensity>25</atmosphereDensity>
                <generateCraters>true</generateCraters>
                <generateVolcanos>false</generateVolcanos>
                <generateStructures>false</generateStructures>
                <generateGeodes>false</generateGeodes>
                <craterFrequencyMultiplier>1.0</craterFrequencyMultiplier>
                <biomeIds>advancedrocketry:moon,advancedrocketry:moondark</biomeIds>
            </planet>
            <planet DIMID="38" name="Sol-35: 2">
                <isKnown>false</isKnown>
                <fogColor>1.0,1.0,1.0</fogColor>
                <skyColor>0.8,0.68821657,0.49955714</skyColor>
                <gravitationalMultiplier>72</gravitationalMultiplier>
                <orbitalDistance>158</orbitalDistance>
                <orbitalTheta>226</orbitalTheta>
                <orbitalPhi>-152</orbitalPhi>
                <avgTemperature>346</avgTemperature>
                <rotationalPeriod>64300</rotationalPeriod>
                <atmosphereDensity>28</atmosphereDensity>
                <generateCraters>true</generateCraters>
                <generateVolcanos>false</generateVolcanos>
                <generateStructures>false</generateStructures>
                <generateGeodes>false</generateGeodes>
                <craterFrequencyMultiplier>1.0</craterFrequencyMultiplier>
                <biomeIds>minecraft:extreme_hills</biomeIds>
            </planet>
        </planet>
        <planet DIMID="39" name="Sol-39">
            <isKnown>false</isKnown>
            <fogColor>1.0,1.0,1.0</fogColor>
            <skyColor>0.8,0.7972938,0.0</skyColor>
            <gravitationalMultiplier>107</gravitationalMultiplier>
            <orbitalDistance>113</orbitalDistance>
            <orbitalTheta>312</orbitalTheta>
            <orbitalPhi>-151</orbitalPhi>
            <avgTemperature>547</avgTemperature>
            <rotationalPeriod>19591</rotationalPeriod>
            <atmosphereDensity>217</atmosphereDensity>
            <generateCraters>false</generateCraters>
            <generateVolcanos>true</generateVolcanos>
            <generateStructures>false</generateStructures>
            <generateGeodes>true</generateGeodes>
            <volcanoFrequencyMultiplier>1.0</volcanoFrequencyMultiplier>
            <geodefrequencyMultiplier>1.0</geodefrequencyMultiplier>
            <biomeIds>advancedrocketry:hotdryrock,advancedrocketry:volcanic,advancedrocketry:volcanicbarren</biomeIds>
            <planet DIMID="40" name="Sol-39: 0">
                <isKnown>false</isKnown>
                <fogColor>1.0,1.0,1.0</fogColor>
                <skyColor>0.8,0.68828326,0.35195237</skyColor>
                <gravitationalMultiplier>72</gravitationalMultiplier>
                <orbitalDistance>120</orbitalDistance>
                <orbitalTheta>108</orbitalTheta>
                <orbitalPhi>-33</orbitalPhi>
                <avgTemperature>397</avgTemperature>
                <rotationalPeriod>64300</rotationalPeriod>
                <atmosphereDensity>16</atmosphereDensity>
                <generateCraters>true</generateCraters>
                <generateVolcanos>false</generateVolcanos>
                <generateStructures>false</generateStructures>
                <generateGeodes>false</generateGeodes>
                <craterFrequencyMultiplier>1.0</craterFrequencyMultiplier>
                <biomeIds>advancedrocketry:moon,advancedrocketry:moondark</biomeIds>
            </planet>
            <planet DIMID="41" name="Sol-39: 1">
                <isKnown>false</isKnown>
                <fogColor>1.0,1.0,1.0</fogColor>
                <skyColor>0.8,0.58642024,0.532531</skyColor>
                <gravitationalMultiplier>28</gravitationalMultiplier>
                <orbitalDistance>178</orbitalDistance>
                <orbitalTheta>160</orbitalTheta>
                <orbitalPhi>-47</orbitalPhi>
                <avgTemperature>325</avgTemperature>
                <rotationalPeriod>1093294</rotationalPeriod>
                <atmosphereDensity>20</atmosphereDensity>
                <generateCraters>true</generateCraters>
                <generateVolcanos>false</generateVolcanos>
                <generateStructures>false</generateStructures>
                <generateGeodes>false</generateGeodes>
                <craterFrequencyMultiplier>1.0</craterFrequencyMultiplier>
                <seaLevel>82</seaLevel>
                <biomeIds>advancedrocketry:moon,advancedrocketry:moondark</biomeIds>
                <oceanBlock>advancedrocketry:oxygenfluid</oceanBlock>
            </planet>
            <oceanBlock>minecraft:lava</oceanBlock>
        </planet>
        <planet DIMID="42" name="Sol-42">
            <isKnown>false</isKnown>
            <fogColor>1.0,1.0,1.0</fogColor>
            <skyColor>0.8,0.85865366,0.0</skyColor>
            <gravitationalMultiplier>109</gravitationalMultiplier>
            <orbitalDistance>81</orbitalDistance>
            <orbitalTheta>238</orbitalTheta>
            <orbitalPhi>157</orbitalPhi>
            <avgTemperature>543</avgTemperature>
            <rotationalPeriod>18532</rotationalPeriod>
            <atmosphereDensity>105</atmosphereDensity>
            <generateCraters>false</generateCraters>
            <generateVolcanos>true</generateVolcanos>
            <generateStructures>false</generateStructures>
            <generateGeodes>false</generateGeodes>
            <volcanoFrequencyMultiplier>1.0</volcanoFrequencyMultiplier>
            <biomeIds>advancedrocketry:hotdryrock,advancedrocketry:volcanic,advancedrocketry:volcanicbarren</biomeIds>
            <planet DIMID="43" name="Sol-42: 0">
                <isKnown>false</isKnown>
                <fogColor>1.0,1.0,1.0</fogColor>
                <skyColor>0.8,0.5481793,0.49848074</skyColor>
                <gravitationalMultiplier>37</gravitationalMultiplier>
                <orbitalDistance>166</orbitalDistance>
                <orbitalTheta>43</orbitalTheta>
                <orbitalPhi>-104</orbitalPhi>
                <avgTemperature>337</avgTemperature>
                <rotationalPeriod>473812</rotationalPeriod>
                <atmosphereDensity>24</atmosphereDensity>
                <generateCraters>true</generateCraters>
                <generateVolcanos>false</generateVolcanos>
                <generateStructures>false</generateStructures>
                <generateGeodes>false</generateGeodes>
                <craterFrequencyMultiplier>1.0</craterFrequencyMultiplier>
                <biomeIds>advancedrocketry:moon,advancedrocketry:moondark</biomeIds>
            </planet>
            <oceanBlock>minecraft:lava</oceanBlock>
        </planet>
        <planet DIMID="44" name="Sol-44">
            <isKnown>false</isKnown>
            <fogColor>1.0,1.0,1.0</fogColor>
            <skyColor>0.8,0.7738596,0.4318275</skyColor>
            <gravitationalMultiplier>88</gravitationalMultiplier>
            <orbitalDistance>145</orbitalDistance>
            <orbitalTheta>91</orbitalTheta>
            <orbitalPhi>27</orbitalPhi>
            <avgTemperature>361</avgTemperature>
            <rotationalPeriod>35217</rotationalPeriod>
            <atmosphereDensity>0</atmosphereDensity>
            <generateCraters>true</generateCraters>
            <generateVolcanos>false</generateVolcanos>
            <generateStructures>false</generateStructures>
            <generateGeodes>false</generateGeodes>
            <craterFrequencyMultiplier>1.0</craterFrequencyMultiplier>
            <biomeIds>advancedrocketry:moon,advancedrocketry:moondark</biomeIds>
        </planet>
        <planet DIMID="45" name="Sol-45">
            <isKnown>false</isKnown>
            <fogColor>1.0,1.0,1.0</fogColor>
            <skyColor>0.8,0.7329368,0.0</skyColor>
            <gravitationalMultiplier>130</gravitationalMultiplier>
            <orbitalDistance>93</orbitalDistance>
            <orbitalTheta>183</orbitalTheta>
            <orbitalPhi>-20</orbitalPhi>
            <avgTemperature>603</avgTemperature>
            <rotationalPeriod>10923</rotationalPeriod>
            <atmosphereDensity>211</atmosphereDensity>
            <generateCraters>false</generateCraters>
            <generateVolcanos>true</generateVolcanos>
            <generateStructures>false</generateStructures>
            <generateGeodes>true</generateGeodes>
            <volcanoFrequencyMultiplier>1.0</volcanoFrequencyMultiplier>
            <geodefrequencyMultiplier>1.0</geodefrequencyMultiplier>
            <seaLevel>79</seaLevel>
            <biomeIds>advancedrocketry:hotdryrock,advancedrocketry:volcanic,advancedrocketry:volcanicbarren</biomeIds>
            <oceanBlock>minecraft:lava</oceanBlock>
        </planet>
    </star>
    <star blackHole="false" name="Proxima Centaurs" numGasGiants="0" numPlanets="0" size="1.0" temp="200" x="-150" y="250">
        <planet DIMID="49" name="Sol-49">
            <isKnown>false</isKnown>
            <fogColor>1.0,1.0,1.0</fogColor>
            <skyColor>0.8,0.540068,0.23338193</skyColor>
            <gravitationalMultiplier>96</gravitationalMultiplier>
            <orbitalDistance>148</orbitalDistance>
            <orbitalTheta>43</orbitalTheta>
            <orbitalPhi>-195</orbitalPhi>
            <avgTemperature>420</avgTemperature>
            <rotationalPeriod>27126</rotationalPeriod>
            <atmosphereDensity>25</atmosphereDensity>
            <generateCraters>true</generateCraters>
            <generateVolcanos>false</generateVolcanos>
            <generateStructures>false</generateStructures>
            <generateGeodes>false</generateGeodes>
            <craterFrequencyMultiplier>1.0</craterFrequencyMultiplier>
            <biomeIds>advancedrocketry:moon,advancedrocketry:moondark</biomeIds>
        </planet>
        <planet DIMID="46" name="Sol-46">
            <isKnown>false</isKnown>
            <fogColor>1.0,1.0,1.0</fogColor>
            <skyColor>0.8,0.57521015,0.0</skyColor>
            <gravitationalMultiplier>126</gravitationalMultiplier>
            <orbitalDistance>72</orbitalDistance>
            <orbitalTheta>185</orbitalTheta>
            <orbitalPhi>73</orbitalPhi>
            <avgTemperature>806</avgTemperature>
            <rotationalPeriod>11997</rotationalPeriod>
            <atmosphereDensity>200</atmosphereDensity>
            <generateCraters>false</generateCraters>
            <generateVolcanos>true</generateVolcanos>
            <generateStructures>false</generateStructures>
            <generateGeodes>true</generateGeodes>
            <volcanoFrequencyMultiplier>1.0</volcanoFrequencyMultiplier>
            <geodefrequencyMultiplier>1.0</geodefrequencyMultiplier>
            <seaLevel>68</seaLevel>
            <biomeIds>advancedrocketry:hotdryrock,advancedrocketry:volcanic,advancedrocketry:volcanicbarren</biomeIds>
            <oceanBlock>minecraft:lava</oceanBlock>
        </planet>
        <planet DIMID="47" name="Sol-47">
            <isKnown>false</isKnown>
            <fogColor>1.0,1.0,1.0</fogColor>
            <skyColor>0.8,0.5592401,0.0</skyColor>
            <gravitationalMultiplier>125</gravitationalMultiplier>
            <orbitalDistance>105</orbitalDistance>
            <orbitalTheta>34</orbitalTheta>
            <orbitalPhi>-216</orbitalPhi>
            <avgTemperature>561</avgTemperature>
            <rotationalPeriod>12288</rotationalPeriod>
            <atmosphereDensity>102</atmosphereDensity>
            <generateCraters>false</generateCraters>
            <generateVolcanos>true</generateVolcanos>
            <generateStructures>false</generateStructures>
            <generateGeodes>false</generateGeodes>
            <volcanoFrequencyMultiplier>1.0</volcanoFrequencyMultiplier>
            <biomeIds>advancedrocketry:hotdryrock,advancedrocketry:volcanic,advancedrocketry:volcanicbarren</biomeIds>
            <planet DIMID="48" name="Sol-47: 0">
                <isKnown>false</isKnown>
                <fogColor>1.0,1.0,1.0</fogColor>
                <skyColor>0.8,0.5761524,0.11742991</skyColor>
                <gravitationalMultiplier>39</gravitationalMultiplier>
                <orbitalDistance>119</orbitalDistance>
                <orbitalTheta>135</orbitalTheta>
                <orbitalPhi>-31</orbitalPhi>
                <avgTemperature>469</avgTemperature>
                <rotationalPeriod>404592</rotationalPeriod>
                <atmosphereDensity>37</atmosphereDensity>
                <generateCraters>true</generateCraters>
                <generateVolcanos>true</generateVolcanos>
                <generateStructures>false</generateStructures>
                <generateGeodes>false</generateGeodes>
                <craterFrequencyMultiplier>1.0</craterFrequencyMultiplier>
                <volcanoFrequencyMultiplier>1.0</volcanoFrequencyMultiplier>
                <biomeIds>advancedrocketry:hotdryrock,advancedrocketry:volcanic,advancedrocketry:volcanicbarren</biomeIds>
                <oceanBlock>minecraft:lava</oceanBlock>
            </planet>
            <oceanBlock>minecraft:lava</oceanBlock>
        </planet>
    </star>
    <star blackHole="false" name="Magnis Vulpes" numGasGiants="0" numPlanets="0" size="1.0" temp="70" x="-150" y="-250">
        <planet DIMID="50" name="Sol-50">
            <isKnown>false</isKnown>
            <fogColor>1.0,1.0,1.0</fogColor>
            <skyColor>0.8,0.6547754,0.0</skyColor>
            <gravitationalMultiplier>96</gravitationalMultiplier>
            <orbitalDistance>9</orbitalDistance>
            <orbitalTheta>231</orbitalTheta>
            <orbitalPhi>164</orbitalPhi>
            <avgTemperature>671</avgTemperature>
            <rotationalPeriod>27126</rotationalPeriod>
            <atmosphereDensity>137</atmosphereDensity>
            <generateCraters>false</generateCraters>
            <generateVolcanos>true</generateVolcanos>
            <generateStructures>false</generateStructures>
            <generateGeodes>true</generateGeodes>
            <volcanoFrequencyMultiplier>1.0</volcanoFrequencyMultiplier>
            <geodefrequencyMultiplier>1.0</geodefrequencyMultiplier>
            <biomeIds>advancedrocketry:hotdryrock,advancedrocketry:volcanic,advancedrocketry:volcanicbarren</biomeIds>
            <oceanBlock>minecraft:lava</oceanBlock>
        </planet>
        <planet DIMID="51" name="Sol-51">
            <isKnown>false</isKnown>
            <fogColor>1.0,1.0,1.0</fogColor>
            <skyColor>0.8,0.53251797,1.0</skyColor>
            <gravitationalMultiplier>94</gravitationalMultiplier>
            <orbitalDistance>113</orbitalDistance>
            <orbitalTheta>221</orbitalTheta>
            <orbitalPhi>-227</orbitalPhi>
            <avgTemperature>168</avgTemperature>
            <rotationalPeriod>28895</rotationalPeriod>
            <atmosphereDensity>79</atmosphereDensity>
            <generateCraters>false</generateCraters>
            <generateVolcanos>false</generateVolcanos>
            <generateStructures>false</generateStructures>
            <generateGeodes>false</generateGeodes>
            <biomeIds>minecraft:mutated_savanna,minecraft:jungle,wastelands:wasteland,minecraft:jungle_hills,minecraft:birch_forest</biomeIds>
        </planet>
    </star>
    <star blackHole="false" name="Ma-Roo" numGasGiants="0" numPlanets="0" size="1.0" temp="200" x="50" y="-250">
        <planet DIMID="52" name="Sol-52">
            <isKnown>false</isKnown>
            <fogColor>1.0,1.0,1.0</fogColor>
            <skyColor>0.8,0.93999934,0.0</skyColor>
            <gravitationalMultiplier>130</gravitationalMultiplier>
            <orbitalDistance>88</orbitalDistance>
            <orbitalTheta>297</orbitalTheta>
            <orbitalPhi>-207</orbitalPhi>
            <avgTemperature>729</avgTemperature>
            <rotationalPeriod>10923</rotationalPeriod>
            <atmosphereDensity>209</atmosphereDensity>
            <generateCraters>false</generateCraters>
            <generateVolcanos>true</generateVolcanos>
            <generateStructures>false</generateStructures>
            <generateGeodes>true</generateGeodes>
            <volcanoFrequencyMultiplier>1.0</volcanoFrequencyMultiplier>
            <geodefrequencyMultiplier>1.0</geodefrequencyMultiplier>
            <biomeIds>advancedrocketry:hotdryrock,advancedrocketry:volcanic,advancedrocketry:volcanicbarren</biomeIds>
            <planet DIMID="53" name="Sol-52: 0">
                <isKnown>false</isKnown>
                <fogColor>1.0,1.0,1.0</fogColor>
                <skyColor>0.8,0.5868186,0.40003496</skyColor>
                <gravitationalMultiplier>41</gravitationalMultiplier>
                <orbitalDistance>177</orbitalDistance>
                <orbitalTheta>302</orbitalTheta>
                <orbitalPhi>-124</orbitalPhi>
                <avgTemperature>384</avgTemperature>
                <rotationalPeriod>348224</rotationalPeriod>
                <atmosphereDensity>25</atmosphereDensity>
                <generateCraters>true</generateCraters>
                <generateVolcanos>false</generateVolcanos>
                <generateStructures>false</generateStructures>
                <generateGeodes>false</generateGeodes>
                <craterFrequencyMultiplier>1.0</craterFrequencyMultiplier>
                <biomeIds>advancedrocketry:moon,advancedrocketry:moondark</biomeIds>
            </planet>
            <oceanBlock>minecraft:lava</oceanBlock>
        </planet>
        <planet DIMID="54" name="Sol-54">
            <isKnown>false</isKnown>
            <fogColor>1.0,1.0,1.0</fogColor>
            <skyColor>0.8,0.93046033,0.0</skyColor>
            <gravitationalMultiplier>130</gravitationalMultiplier>
            <orbitalDistance>86</orbitalDistance>
            <orbitalTheta>339</orbitalTheta>
            <orbitalPhi>31</orbitalPhi>
            <avgTemperature>620</avgTemperature>
            <rotationalPeriod>10923</rotationalPeriod>
            <atmosphereDensity>119</atmosphereDensity>
            <generateCraters>false</generateCraters>
            <generateVolcanos>true</generateVolcanos>
            <generateStructures>false</generateStructures>
            <generateGeodes>false</generateGeodes>
            <volcanoFrequencyMultiplier>1.0</volcanoFrequencyMultiplier>
            <biomeIds>advancedrocketry:hotdryrock,advancedrocketry:volcanic,advancedrocketry:volcanicbarren</biomeIds>
            <planet DIMID="55" name="Sol-54: 0">
                <isKnown>false</isKnown>
                <fogColor>1.0,1.0,1.0</fogColor>
                <skyColor>0.8,0.98026145,0.0</skyColor>
                <gravitationalMultiplier>63</gravitationalMultiplier>
                <orbitalDistance>100</orbitalDistance>
                <orbitalTheta>210</orbitalTheta>
                <orbitalPhi>-102</orbitalPhi>
                <avgTemperature>511</avgTemperature>
                <rotationalPeriod>95981</rotationalPeriod>
                <atmosphereDensity>23</atmosphereDensity>
                <generateCraters>true</generateCraters>
                <generateVolcanos>true</generateVolcanos>
                <generateStructures>false</generateStructures>
                <generateGeodes>false</generateGeodes>
                <craterFrequencyMultiplier>1.0</craterFrequencyMultiplier>
                <volcanoFrequencyMultiplier>1.0</volcanoFrequencyMultiplier>
                <biomeIds>advancedrocketry:moon,advancedrocketry:moondark</biomeIds>
                <oceanBlock>minecraft:lava</oceanBlock>
            </planet>
            <planet DIMID="56" name="Sol-54: 1">
                <isKnown>false</isKnown>
                <fogColor>1.0,1.0,1.0</fogColor>
                <skyColor>0.8,0.86192465,0.3319729</skyColor>
                <gravitationalMultiplier>40</gravitationalMultiplier>
                <orbitalDistance>166</orbitalDistance>
                <orbitalTheta>59</orbitalTheta>
                <orbitalPhi>130</orbitalPhi>
                <avgTemperature>397</avgTemperature>
                <rotationalPeriod>375000</rotationalPeriod>
                <atmosphereDensity>23</atmosphereDensity>
                <generateCraters>true</generateCraters>
                <generateVolcanos>false</generateVolcanos>
                <generateStructures>false</generateStructures>
                <generateGeodes>false</generateGeodes>
                <craterFrequencyMultiplier>1.0</craterFrequencyMultiplier>
                <biomeIds>advancedrocketry:moon,advancedrocketry:moondark</biomeIds>
            </planet>
            <planet DIMID="57" name="Sol-54: 2">
                <isKnown>false</isKnown>
                <fogColor>1.0,1.0,1.0</fogColor>
                <skyColor>0.8,0.62329894,0.4522848</skyColor>
                <gravitationalMultiplier>68</gravitationalMultiplier>
                <orbitalDistance>198</orbitalDistance>
                <orbitalTheta>208</orbitalTheta>
                <orbitalPhi>63</orbitalPhi>
                <avgTemperature>363</avgTemperature>
                <rotationalPeriod>76328</rotationalPeriod>
                <atmosphereDensity>15</atmosphereDensity>
                <generateCraters>true</generateCraters>
                <generateVolcanos>false</generateVolcanos>
                <generateStructures>false</generateStructures>
                <generateGeodes>false</generateGeodes>
                <craterFrequencyMultiplier>1.0</craterFrequencyMultiplier>
                <seaLevel>70</seaLevel>
                <biomeIds>advancedrocketry:moon,advancedrocketry:moondark</biomeIds>
            </planet>
            <oceanBlock>minecraft:lava</oceanBlock>
        </planet>
        <planet DIMID="58" name="Sol-58">
            <isKnown>false</isKnown>
            <fogColor>1.0,1.0,1.0</fogColor>
            <skyColor>0.8,0.6890455,0.18672884</skyColor>
            <gravitationalMultiplier>112</gravitationalMultiplier>
            <orbitalDistance>139</orbitalDistance>
            <orbitalTheta>168</orbitalTheta>
            <orbitalPhi>-235</orbitalPhi>
            <avgTemperature>434</avgTemperature>
            <rotationalPeriod>17082</rotationalPeriod>
            <atmosphereDensity>18</atmosphereDensity>
            <generateCraters>true</generateCraters>
            <generateVolcanos>false</generateVolcanos>
            <generateStructures>false</generateStructures>
            <generateGeodes>false</generateGeodes>
            <craterFrequencyMultiplier>1.0</craterFrequencyMultiplier>
            <biomeIds>advancedrocketry:moon,advancedrocketry:moondark</biomeIds>
        </planet>
        <planet DIMID="59" name="Sol-59">
            <isKnown>false</isKnown>
            <fogColor>1.0,1.0,1.0</fogColor>
            <skyColor>0.8,0.776351,0.0127930045</skyColor>
            <gravitationalMultiplier>91</gravitationalMultiplier>
            <orbitalDistance>137</orbitalDistance>
            <orbitalTheta>244</orbitalTheta>
            <orbitalPhi>-78</orbitalPhi>
            <avgTemperature>491</avgTemperature>
            <rotationalPeriod>31848</rotationalPeriod>
            <atmosphereDensity>149</atmosphereDensity>
            <generateCraters>false</generateCraters>
            <generateVolcanos>true</generateVolcanos>
            <generateStructures>false</generateStructures>
            <generateGeodes>true</generateGeodes>
            <volcanoFrequencyMultiplier>1.0</volcanoFrequencyMultiplier>
            <geodefrequencyMultiplier>1.0</geodefrequencyMultiplier>
            <biomeIds>advancedrocketry:hotdryrock,advancedrocketry:volcanic,advancedrocketry:volcanicbarren</biomeIds>
            <oceanBlock>minecraft:lava</oceanBlock>
        </planet>
        <planet DIMID="60" name="Sol-60">
            <isKnown>false</isKnown>
            <fogColor>1.0,1.0,1.0</fogColor>
            <skyColor>0.8,0.70670545,0.0</skyColor>
            <gravitationalMultiplier>130</gravitationalMultiplier>
            <orbitalDistance>61</orbitalDistance>
            <orbitalTheta>329</orbitalTheta>
            <orbitalPhi>-119</orbitalPhi>
            <avgTemperature>737</avgTemperature>
            <rotationalPeriod>10923</rotationalPeriod>
            <atmosphereDensity>124</atmosphereDensity>
            <generateCraters>false</generateCraters>
            <generateVolcanos>true</generateVolcanos>
            <generateStructures>false</generateStructures>
            <generateGeodes>false</generateGeodes>
            <volcanoFrequencyMultiplier>1.0</volcanoFrequencyMultiplier>
            <biomeIds>advancedrocketry:hotdryrock,advancedrocketry:volcanic,advancedrocketry:volcanicbarren</biomeIds>
            <planet DIMID="61" name="Sol-60: 0">
                <isKnown>false</isKnown>
                <fogColor>1.0,1.0,1.0</fogColor>
                <skyColor>0.8,0.8609725,0.39621055</skyColor>
                <gravitationalMultiplier>87</gravitationalMultiplier>
                <orbitalDistance>176</orbitalDistance>
                <orbitalTheta>183</orbitalTheta>
                <orbitalPhi>29</orbitalPhi>
                <avgTemperature>385</avgTemperature>
                <rotationalPeriod>36446</rotationalPeriod>
                <atmosphereDensity>19</atmosphereDensity>
                <generateCraters>true</generateCraters>
                <generateVolcanos>false</generateVolcanos>
                <generateStructures>false</generateStructures>
                <generateGeodes>false</generateGeodes>
                <craterFrequencyMultiplier>1.0</craterFrequencyMultiplier>
                <biomeIds>advancedrocketry:moon,advancedrocketry:moondark</biomeIds>
            </planet>
            <oceanBlock>minecraft:lava</oceanBlock>
        </planet>
        <planet DIMID="62" name="Sol-62">
            <isKnown>false</isKnown>
            <fogColor>1.0,1.0,1.0</fogColor>
            <skyColor>0.8,0.58790344,0.25072294</skyColor>
            <gravitationalMultiplier>113</gravitationalMultiplier>
            <orbitalDistance>144</orbitalDistance>
            <orbitalTheta>178</orbitalTheta>
            <orbitalPhi>-94</orbitalPhi>
            <avgTemperature>426</avgTemperature>
            <rotationalPeriod>16633</rotationalPeriod>
            <atmosphereDensity>7</atmosphereDensity>
            <generateCraters>true</generateCraters>
            <generateVolcanos>false</generateVolcanos>
            <generateStructures>false</generateStructures>
            <generateGeodes>false</generateGeodes>
            <craterFrequencyMultiplier>1.0</craterFrequencyMultiplier>
            <seaLevel>50</seaLevel>
            <biomeIds>advancedrocketry:moon,advancedrocketry:moondark</biomeIds>
            <planet DIMID="63" name="Sol-62: 0">
                <isKnown>false</isKnown>
                <fogColor>1.0,1.0,1.0</fogColor>
                <skyColor>0.8,0.7773892,0.112568736</skyColor>
                <gravitationalMultiplier>78</gravitationalMultiplier>
                <orbitalDistance>124</orbitalDistance>
                <orbitalTheta>124</orbitalTheta>
                <orbitalPhi>-29</orbitalPhi>
                <avgTemperature>459</avgTemperature>
                <rotationalPeriod>50574</rotationalPeriod>
                <atmosphereDensity>34</atmosphereDensity>
                <generateCraters>true</generateCraters>
                <generateVolcanos>true</generateVolcanos>
                <generateStructures>false</generateStructures>
                <generateGeodes>false</generateGeodes>
                <craterFrequencyMultiplier>1.0</craterFrequencyMultiplier>
                <volcanoFrequencyMultiplier>1.0</volcanoFrequencyMultiplier>
                <biomeIds>advancedrocketry:hotdryrock,advancedrocketry:volcanic,advancedrocketry:volcanicbarren</biomeIds>
                <oceanBlock>minecraft:lava</oceanBlock>
            </planet>
        </planet>
    </star>
    <star blackHole="false" name="Alykitt" numGasGiants="0" numPlanets="0" size="1.0" temp="120" x="75" y="200">
        <planet DIMID="64" name="Sol-64">
            <isKnown>false</isKnown>
            <GasGiant>true</GasGiant>
            <gas>oxygen</gas>
            <gas>hydrogen</gas>
            <gas>nitrogen</gas>
            <fogColor>1.0,1.0,1.0</fogColor>
            <skyColor>1.0,1.0,1.0</skyColor>
            <gravitationalMultiplier>104</gravitationalMultiplier>
            <orbitalDistance>216</orbitalDistance>
            <orbitalTheta>0</orbitalTheta>
            <orbitalPhi>0</orbitalPhi>
            <avgTemperature>235</avgTemperature>
            <rotationalPeriod>24000</rotationalPeriod>
            <atmosphereDensity>100</atmosphereDensity>
            <generateCraters>false</generateCraters>
            <generateVolcanos>false</generateVolcanos>
            <generateStructures>false</generateStructures>
            <generateGeodes>false</generateGeodes>
            <planet DIMID="65" name="Sol-64: 0">
                <isKnown>false</isKnown>
                <hasRings>true</hasRings>
                <ringColor>0.8,0.6025903,0.8029039</ringColor>
                <fogColor>1.0,1.0,1.0</fogColor>
                <skyColor>0.8,0.6025903,0.8029039</skyColor>
                <gravitationalMultiplier>35</gravitationalMultiplier>
                <orbitalDistance>144</orbitalDistance>
                <orbitalTheta>231</orbitalTheta>
                <orbitalPhi>-192</orbitalPhi>
                <avgTemperature>255</avgTemperature>
                <rotationalPeriod>559766</rotationalPeriod>
                <atmosphereDensity>17</atmosphereDensity>
                <generateCraters>true</generateCraters>
                <generateVolcanos>false</generateVolcanos>
                <generateStructures>false</generateStructures>
                <generateGeodes>false</generateGeodes>
                <craterFrequencyMultiplier>1.0</craterFrequencyMultiplier>
                <biomeIds>advancedrocketry:moon,advancedrocketry:moondark</biomeIds>
            </planet>
            <planet DIMID="66" name="Sol-64: 1">
                <isKnown>false</isKnown>
                <fogColor>1.0,1.0,1.0</fogColor>
                <skyColor>0.8,0.763727,0.7884901</skyColor>
                <gravitationalMultiplier>70</gravitationalMultiplier>
                <orbitalDistance>139</orbitalDistance>
                <orbitalTheta>210</orbitalTheta>
                <orbitalPhi>6</orbitalPhi>
                <avgTemperature>260</avgTemperature>
                <rotationalPeriod>69970</rotationalPeriod>
                <atmosphereDensity>28</atmosphereDensity>
                <generateCraters>true</generateCraters>
                <generateVolcanos>false</generateVolcanos>
                <generateStructures>false</generateStructures>
                <generateGeodes>false</generateGeodes>
                <craterFrequencyMultiplier>1.0</craterFrequencyMultiplier>
                <biomeIds>wastelands:wasteland forest,minecraft:birch_forest,minecraft:mutated_forest,minecraft:redwood_taiga,minecraft:mutated_birch_forest_hills</biomeIds>
            </planet>
            <planet DIMID="67" name="Sol-64: 2">
                <isKnown>false</isKnown>
                <fogColor>1.0,1.0,1.0</fogColor>
                <skyColor>0.8,0.5730834,0.97029966</skyColor>
                <gravitationalMultiplier>60</gravitationalMultiplier>
                <orbitalDistance>199</orbitalDistance>
                <orbitalTheta>140</orbitalTheta>
                <orbitalPhi>215</orbitalPhi>
                <avgTemperature>217</avgTemperature>
                <rotationalPeriod>111111</rotationalPeriod>
                <atmosphereDensity>29</atmosphereDensity>
                <generateCraters>true</generateCraters>
                <generateVolcanos>false</generateVolcanos>
                <generateStructures>false</generateStructures>
                <generateGeodes>false</generateGeodes>
                <craterFrequencyMultiplier>1.0</craterFrequencyMultiplier>
                <biomeIds>advancedrocketry:crystalchasms</biomeIds>
            </planet>
        </planet>
        <planet DIMID="68" name="Sol-68">
            <isKnown>false</isKnown>
            <fogColor>1.0,1.0,1.0</fogColor>
            <skyColor>0.8,0.9786818,0.0</skyColor>
            <gravitationalMultiplier>130</gravitationalMultiplier>
            <orbitalDistance>38</orbitalDistance>
            <orbitalTheta>50</orbitalTheta>
            <orbitalPhi>70</orbitalPhi>
            <avgTemperature>560</avgTemperature>
            <rotationalPeriod>10923</rotationalPeriod>
            <atmosphereDensity>171</atmosphereDensity>
            <generateCraters>false</generateCraters>
            <generateVolcanos>true</generateVolcanos>
            <generateStructures>false</generateStructures>
            <generateGeodes>true</generateGeodes>
            <volcanoFrequencyMultiplier>1.0</volcanoFrequencyMultiplier>
            <geodefrequencyMultiplier>1.0</geodefrequencyMultiplier>
            <biomeIds>advancedrocketry:hotdryrock,advancedrocketry:volcanic,advancedrocketry:volcanicbarren</biomeIds>
            <oceanBlock>minecraft:lava</oceanBlock>
        </planet>
        <planet DIMID="69" name="Sol-69">
            <isKnown>false</isKnown>
            <fogColor>1.0,1.0,1.0</fogColor>
            <skyColor>0.8,0.8053262,0.76129556</skyColor>
            <gravitationalMultiplier>108</gravitationalMultiplier>
            <orbitalDistance>154</orbitalDistance>
            <orbitalTheta>321</orbitalTheta>
            <orbitalPhi>-173</orbitalPhi>
            <avgTemperature>278</avgTemperature>
            <rotationalPeriod>19051</rotationalPeriod>
            <atmosphereDensity>126</atmosphereDensity>
            <generateCraters>false</generateCraters>
            <generateVolcanos>false</generateVolcanos>
            <generateStructures>true</generateStructures>
            <generateGeodes>true</generateGeodes>
            <geodefrequencyMultiplier>1.0</geodefrequencyMultiplier>
            <biomeIds>minecraft:mutated_mesa_clear_rock,minecraft:frozen_ocean,minecraft:mutated_jungle,minecraft:mesa_rock,minecraft:birch_forest_hills</biomeIds>
            <planet DIMID="70" name="Sol-69: 0">
                <isKnown>false</isKnown>
                <fogColor>1.0,1.0,1.0</fogColor>
                <skyColor>0.8,0.9486137,0.7621457</skyColor>
                <gravitationalMultiplier>58</gravitationalMultiplier>
                <orbitalDistance>147</orbitalDistance>
                <orbitalTheta>336</orbitalTheta>
                <orbitalPhi>-330</orbitalPhi>
                <avgTemperature>253</avgTemperature>
                <rotationalPeriod>123006</rotationalPeriod>
                <atmosphereDensity>32</atmosphereDensity>
                <generateCraters>true</generateCraters>
                <generateVolcanos>false</generateVolcanos>
                <generateStructures>false</generateStructures>
                <generateGeodes>false</generateGeodes>
                <craterFrequencyMultiplier>1.0</craterFrequencyMultiplier>
                <biomeIds>minecraft:ice_flats</biomeIds>
            </planet>
        </planet>
        <planet DIMID="71" name="Sol-71">
            <isKnown>false</isKnown>
            <fogColor>1.0,1.0,1.0</fogColor>
            <skyColor>0.8,0.97602797,0.78696537</skyColor>
            <gravitationalMultiplier>114</gravitationalMultiplier>
            <orbitalDistance>129</orbitalDistance>
            <orbitalTheta>164</orbitalTheta>
            <orbitalPhi>-58</orbitalPhi>
            <avgTemperature>270</avgTemperature>
            <rotationalPeriod>16199</rotationalPeriod>
            <atmosphereDensity>62</atmosphereDensity>
            <generateCraters>true</generateCraters>
            <generateVolcanos>false</generateVolcanos>
            <generateStructures>false</generateStructures>
            <generateGeodes>false</generateGeodes>
            <craterFrequencyMultiplier>1.0</craterFrequencyMultiplier>
            <biomeIds>minecraft:mutated_forest,wastelands:wasteland,minecraft:forest,buildcraftenergy:oil_ocean,minecraft:extreme_hills_with_trees</biomeIds>
        </planet>
    </star>
</galaxy>
