{"stat.drop.minecraft.potion":1,"stat.chestOpened":8,"stat.drop.ftbquests.book":1,"stat.pickup.minecraft.sand":83,"stat.killEntity.Skeleton":2,"stat.killEntity.techguns.SkeletonSoldier":1,"stat.walkOneCm":45511,"stat.pickup.notreepunching.rock/sandstone":1,"stat.drop.extrautils2.decorativebedrock":448,"stat.drop.extrautils2.compressedcobblestone":2899,"stat.leaveGame":3,"stat.damageTaken":30,"stat.pickup.notreepunching.rock/stone":4,"stat.killEntity.Husk":1,"stat.killEntity.techguns.ZombieMiner":1,"stat.pickup.extrautils2.compressedcobblestone":65,"stat.mobKills":52,"stat.drop.notreepunching.rock/stone":10,"stat.killEntity.Creeper":1,"stat.aviateOneCm":31950,"stat.pickup.nuclearcraft.fertile_isotope":64,"stat.craftItem.thermalfoundation.material":128,"stat.flyOneCm":474772,"stat.useItem.notreepunching.rock/stone":24,"stat.drop":100,"stat.jump":208,"stat.playOneMinute":95602,"stat.fallOneCm":836,"stat.drop.minecraft.sand":84,"stat.drop.chisel.marble2":1,"stat.sneakTime":1493,"stat.killEntity.techguns.ZombieFarmer":2,"stat.craftItem.minecraft.stone_slab2":0,"stat.damageDealt":514,"stat.crouchOneCm":1090,"stat.killEntity.Zombie":7,"stat.timeSinceDeath":95602,"stat.pickup.extrautils2.decorativebedrock":64,"stat.drop.minecraft.chest":1,"stat.sprintOneCm":41398,"stat.useItem.minecraft.stone_slab2":30,"stat.mineBlock.terraqueous.doodads":3,"stat.craftItem.minecraft.cobblestone":1}