{"stat.chestOpened":3,"stat.pickup.tconstruct.tooltables":3,"stat.useItem.minecraft.lapis_ore":2,"stat.mineBlock.flansmod.modern_item":4,"stat.useItem.actuallyadditions.block_misc":1,"stat.useItem.immersiveengineering.ore":6,"stat.useItem.minecraft.iron_axe":2,"stat.leaveGame":10,"stat.useItem.minecraft.quartz_ore":1,"stat.jump":118,"stat.fallOneCm":2821,"stat.crouchOneCm":3129,"stat.craftItem.minecraft.chest":4,"stat.useItem.minecraft.coal_ore":1,"stat.useItem.minecraft.stone_slab2":148,"stat.pickup.flansmod.modern_item":4,"stat.useItem.minecraft.sapling":5,"stat.mineBlock.tconstruct.tooltables":3,"stat.craftItem.tconstruct.pattern":19,"stat.damageTaken":60,"stat.pickup.minecraft.leather":2,"stat.useItem.minecraft.iron_ore":1,"stat.useItem.minecraft.wooden_pickaxe":1,"stat.mineBlock.minecraft.sapling":4,"stat.flyOneCm":69869,"stat.killEntity.techguns.ZombieFarmer":1,"stat.damageDealt":150,"stat.useItem.flansmod.modern_item":4,"stat.timeSinceDeath":320269,"stat.hopperInspected":1,"stat.drop.minecraft.log":1,"stat.pickup.techguns.itemshared":1,"stat.walkOneCm":35988,"stat.pickup.tconstruct.pattern":4,"stat.pickup.mekanism.oreblock":1,"stat.pickup.techguns.basicore":1,"stat.craftItem.minecraft.crafting_table":3,"stat.useItem.minecraft.gold_ore":1,"stat.pickup.minecraft.log":7,"stat.pickup.minecraft.sapling":8,"stat.craftItem.tconstruct.tooltables":11,"stat.sprintOneCm":23934,"stat.useItem.minecraft.redstone_ore":1,"stat.craftItem.minecraft.stick":12,"stat.drop.techguns.basicore":1,"stat.mineBlock.mekanism.oreblock":1,"stat.craftItem.minecraft.planks":256,"stat.pickup.minecraft.bread":2,"stat.mobKills":1,"stat.mineBlock.minecraft.log":6,"stat.drop":2,"stat.playOneMinute":320269,"stat.useItem.minecraft.diamond_ore":1,"stat.sneakTime":1288,"stat.pickup.minecraft.wheat":4}